response_id,probability
aaafrcy,0.5
aabbmio,0.5
aabpxat,0.5
aaedgcb,0.5
aaekcpf,0.5
aafjrzt,0.5
aaflxdw,0.5
aaftinn,0.5
aahqzjc,0.5
aajzopx,0.5
aamuynl,0.5
aantzno,0.5
aaofedf,0.5
aaorjnv,0.5
aaplgcp,0.5
aarjttr,0.5
aasvedy,0.5
aasydyv,0.5
aatyjkx,0.5
aaummka,0.5
aavfmbw,0.5
aavmdbc,0.5
aavtlht,0.5
aavwnpl,0.5
aawoeqa,0.5
aawxvnu,0.5
aaxoyzb,0.5
aaxwucy,0.5
aaxyzbm,0.5
aaxzhso,0.5
aayzvdh,0.5
aazyaot,0.5
abagxjj,0.5
abaktyy,0.5
abaskmr,0.5
abbjljt,0.5
abcswsq,0.5
abioacj,0.5
abllffi,0.5
abnezlg,0.5
abpoeiq,0.5
abqdbsf,0.5
abqschc,0.5
absbdzb,0.5
abslrtt,0.5
abubjqe,0.5
abuilrv,0.5
abumiye,0.5
abwdtsk,0.5
abxxhuq,0.5
abzdwlq,0.5
abzdxkp,0.5
acbmatl,0.5
acbolgl,0.5
acbvhsk,0.5
acchzit,0.5
aceqcid,0.5
acfdcno,0.5
acffapl,0.5
acfzhwl,0.5
achdhgn,0.5
achhunr,0.5
acipgld,0.5
aclbdqf,0.5
acldgyj,0.5
acmrjwp,0.5
acncghl,0.5
acokspd,0.5
acpzbfj,0.5
acqfkvf,0.5
acriuzi,0.5
acrymuw,0.5
acvtkbf,0.5
acygfdk,0.5
adapcep,0.5
adbatuf,0.5
adboccf,0.5
adcdjxn,0.5
adcqwuk,0.5
addismz,0.5
addrpfg,0.5
adehcii,0.5
adehpta,0.5
adfsnbk,0.5
adfwhqg,0.5
adgiizk,0.5
adgssnf,0.5
adhiggy,0.5
adjfhkb,0.5
adjmejo,0.5
adjzxsj,0.5
adlaryc,0.5
adloatj,0.5
adocksr,0.5
adqedxx,0.5
adqoeqe,0.5
adrqgph,0.5
adwuxql,0.5
adyexbd,0.5
aeahhlm,0.5
aealcdx,0.5
aeamcvq,0.5
aearfyn,0.5
aefazik,0.5
aefllnt,0.5
aegppjt,0.5
aegxnii,0.5
aeixinu,0.5
aejaqew,0.5
aejzexv,0.5
aekoeno,0.5
aekqqqn,0.5
aekvndm,0.5
aeltsuy,0.5
aemryxo,0.5
aengmkf,0.5
aeouarv,0.5
aepifbe,0.5
aepjonh,0.5
aepmnbn,0.5
aeskadx,0.5
aetgndj,0.5
aeucptz,0.5
aewzxlz,0.5
aexwjfj,0.5
aeyzjej,0.5
aezuvuh,0.5
aezvfjm,0.5
aezvmsp,0.5
aezwxqy,0.5
afaknzk,0.5
afawtxy,0.5
afayuyf,0.5
afbwrip,0.5
afcahud,0.5
afcitpz,0.5
afcjaif,0.5
afcrlmx,0.5
afcyoai,0.5
afdebhf,0.5
afenzof,0.5
afgphyh,0.5
afhhave,0.5
afilqbh,0.5
afiprva,0.5
afjcric,0.5
afjdcio,0.5
afjhuds,0.5
afjvyqf,0.5
aflmuth,0.5
afmayfe,0.5
afmrdmh,0.5
afmvoqt,0.5
afmwdvu,0.5
afnroeo,0.5
afnzgbd,0.5
afoixse,0.5
afpsqiy,0.5
afptjcj,0.5
afqhaet,0.5
afqstxx,0.5
afqwwfx,0.5
afsrgbb,0.5
afvjbua,0.5
afwezbl,0.5
afxamrg,0.5
afxgllo,0.5
afxofpc,0.5
afxtojv,0.5
afxwvxp,0.5
afyqbbo,0.5
afzeele,0.5
afzfksj,0.5
afzlemt,0.5
agatgoa,0.5
agaxygl,0.5
agbdrim,0.5
agbxggg,0.5
agcdyxh,0.5
agdbyks,0.5
agdlklm,0.5
agdvqlu,0.5
agecaqp,0.5
ageshaz,0.5
agesoyl,0.5
agfcwbl,0.5
agfnsom,0.5
agfnzxe,0.5
agfqnla,0.5
agihzkw,0.5
agjowjr,0.5
agjwssf,0.5
aglwxda,0.5
agncwah,0.5
agnxyif,0.5
agpphev,0.5
agqfabh,0.5
agrfywv,0.5
agrgshx,0.5
agsfvop,0.5
agsvukf,0.5
agtiqex,0.5
agtvosy,0.5
agvgmfb,0.5
agvkbol,0.5
agwgsdg,0.5
agwklgy,0.5
agxpdso,0.5
agxuaiw,0.5
agxvrgc,0.5
agyrzuc,0.5
agyvdxa,0.5
agzesxq,0.5
ahbcorc,0.5
ahbifmh,0.5
ahbkpun,0.5
ahboatc,0.5
ahchaht,0.5
ahchsbl,0.5
ahcoowc,0.5
ahdsfyc,0.5
ahealtn,0.5
ahfljgn,0.5
ahftxcd,0.5
ahfzkvz,0.5
ahhhkzy,0.5
ahiejhv,0.5
ahjsrpr,0.5
ahkdqkl,0.5
ahlyadj,0.5
ahlzryd,0.5
ahmydcv,0.5
ahmzywb,0.5
ahpqzzy,0.5
ahqbejf,0.5
ahrqsrb,0.5
ahsoujm,0.5
ahsyfqb,0.5
ahtaruh,0.5
ahtnrfj,0.5
ahuznnl,0.5
ahxojlg,0.5
ahxtltn,0.5
ahymycp,0.5
ahzejcb,0.5
ahzgfvr,0.5
aiaueah,0.5
aibcynr,0.5
aicryfs,0.5
aidwdaz,0.5
aieuzzh,0.5
aifazgz,0.5
aifkbpu,0.5
aifyytc,0.5
aigosvc,0.5
aihfxal,0.5
aihjvaq,0.5
aiiebie,0.5
aiiuelg,0.5
aikmyte,0.5
aikvlzs,0.5
ailbghz,0.5
ailjhir,0.5
aillrou,0.5
ailwnyb,0.5
ailznlc,0.5
aimeboq,0.5
aimtrlv,0.5
ainfown,0.5
aintgsc,0.5
aintlft,0.5
aioonpl,0.5
airapmo,0.5
aircmor,0.5
aisnpbh,0.5
aiufnex,0.5
aiuwzaz,0.5
aixaqur,0.5
aixrexu,0.5
aiztfrp,0.5
ajachnb,0.5
ajbexsw,0.5
ajbtued,0.5
ajchkwf,0.5
ajdyhop,0.5
ajfgxdy,0.5
ajfigps,0.5
ajfvsem,0.5
ajhvkzn,0.5
ajieyud,0.5
ajirsul,0.5
ajjgizp,0.5
ajkqocu,0.5
ajmaegj,0.5
ajmnpua,0.5
ajmodxw,0.5
ajnbyza,0.5
ajngnmz,0.5
ajnyspf,0.5
ajqiino,0.5
ajsewud,0.5
ajuxarx,0.5
ajwafyc,0.5
ajykmjo,0.5
ajzmwdd,0.5
akabgff,0.5
akcgezs,0.5
akddhcx,0.5
akdgwha,0.5
akdjbxs,0.5
akdmoop,0.5
akdscwj,0.5
akerzcr,0.5
akfqfas,0.5
akfqxaw,0.5
akhswun,0.5
akimtew,0.5
akiteds,0.5
akjraee,0.5
akndimn,0.5
aknfvwf,0.5
aknyubp,0.5
akostvu,0.5
akovzqp,0.5
akphdaf,0.5
akqdgst,0.5
akqfcdv,0.5
akruqmk,0.5
aktpyut,0.5
akvldyi,0.5
akwrhhd,0.5
akxtxfw,0.5
akzdfko,0.5
akzkxkf,0.5
alajqxp,0.5
albpgus,0.5
albwjxi,0.5
alchxdj,0.5
alempzl,0.5
alfggds,0.5
alfkvmb,0.5
alfolmz,0.5
algtslo,0.5
alidmav,0.5
alkjsip,0.5
alkovgr,0.5
alkyxyz,0.5
almznkj,0.5
alotuds,0.5
alpacmr,0.5
alpdhnz,0.5
alppxwi,0.5
alpusok,0.5
alqmhkp,0.5
alruwox,0.5
alscihe,0.5
alsoyjr,0.5
altofrm,0.5
aluhdkd,0.5
alwkfkp,0.5
alxakts,0.5
alyxiiq,0.5
alzlqqd,0.5
amapgxz,0.5
amaxxde,0.5
ambkqvi,0.5
ambltgq,0.5
amdbafh,0.5
amdmmay,0.5
amdxiub,0.5
amehlbm,0.5
ameuojo,0.5
amfsuto,0.5
amgewei,0.5
amgfhzr,0.5
amhwvpy,0.5
amkktsh,0.5
amlxzqr,0.5
ammbqzj,0.5
ampplmw,0.5
amqnlpk,0.5
amqqsmn,0.5
amqvogp,0.5
amqytmd,0.5
amrmlkm,0.5
amrvpmp,0.5
amtnenb,0.5
amwabmg,0.5
amxipkq,0.5
amymena,0.5
anckupf,0.5
ancntpy,0.5
andfugu,0.5
andgbcc,0.5
anejleh,0.5
aniifeq,0.5
anijjhw,0.5
anjwlfx,0.5
anklsuq,0.5
anknawn,0.5
annifhl,0.5
annvxaj,0.5
anpcwpz,0.5
anpvaxb,0.5
anqegly,0.5
anrvmdf,0.5
anrvngu,0.5
anvjpvx,0.5
anvoehz,0.5
anvzvxt,0.5
anwsgrg,0.5
anwvaop,0.5
anycpky,0.5
anzkgpl,0.5
anzpspt,0.5
aoatlia,0.5
aodeajg,0.5
aofhcpy,0.5
aogmfwr,0.5
aogmtng,0.5
aohbcta,0.5
aokxinh,0.5
aolkpka,0.5
aolrtxh,0.5
aomquph,0.5
aomxnaj,0.5
aopkvss,0.5
aoqzrky,0.5
aorerjx,0.5
aorihcp,0.5
aorlwth,0.5
aorrsre,0.5
aotdtxg,0.5
aouodnw,0.5
aouzjlb,0.5
aovvmmq,0.5
aoxdidj,0.5
aoziykd,0.5
aoztcmv,0.5
aozwwcd,0.5
apbbapp,0.5
apbtasn,0.5
apbyrko,0.5
apcdahn,0.5
apcwykp,0.5
apdhozj,0.5
apeemrw,0.5
apeevss,0.5
apfsxxj,0.5
apgpxpx,0.5
aphirkp,0.5
aphwyfy,0.5
apihraa,0.5
apjbdfl,0.5
apldxwq,0.5
aplurui,0.5
apmblun,0.5
apmuahy,0.5
apmuiyo,0.5
apnjeul,0.5
apnzdct,0.5
apobjjy,0.5
apoijrv,0.5
apqsrau,0.5
aprdavc,0.5
apstnfm,0.5
aptnvph,0.5
aptrssz,0.5
apttsoz,0.5
apuhqhs,0.5
apvcrjx,0.5
apvgjwv,0.5
apwzcvz,0.5
apynvko,0.5
apyxbdd,0.5
aqapghy,0.5
aqcujqv,0.5
aqdtcpw,0.5
aqeolsg,0.5
aqeruda,0.5
aqflifd,0.5
aqfwynm,0.5
aqgilrq,0.5
aqivwhf,0.5
aqjrudu,0.5
aqkjfqp,0.5
aqkkogp,0.5
aqlaiyj,0.5
aqmohkt,0.5
aqmvfin,0.5
aqobpds,0.5
aqpicko,0.5
aqqfoxo,0.5
aqqwvzb,0.5
aqrcvhi,0.5
aqrrzie,0.5
aqyorky,0.5
aqzkhgf,0.5
aqzwytw,0.5
aradvxb,0.5
araicki,0.5
araueds,0.5
archxnq,0.5
arcuwdv,0.5
arcvdvh,0.5
ardbgkg,0.5
ardwfjl,0.5
arenakk,0.5
arewksc,0.5
arfzozr,0.5
argmxhw,0.5
argsbzb,0.5
aripffa,0.5
arivzmh,0.5
arjrzut,0.5
arkiqtj,0.5
armvnet,0.5
arngmxd,0.5
arnhzul,0.5
arpxiva,0.5
arsjygt,0.5
arsyivp,0.5
artgkoi,0.5
arthlgo,0.5
artnbvz,0.5
arvdfmu,0.5
arvwrdf,0.5
arwgcxc,0.5
arwqnsj,0.5
aryoezh,0.5
arzzqgg,0.5
asavxcb,0.5
asblcaq,0.5
asbrxal,0.5
asbwrhh,0.5
asceyhj,0.5
asdxkqy,0.5
asedrsm,0.5
aseulvp,0.5
asjvexq,0.5
askdmwz,0.5
asmbmjk,0.5
asmnkrp,0.5
asnaofz,0.5
asnaxgm,0.5
asnfzhq,0.5
asnyhtv,0.5
asnzavf,0.5
aspeias,0.5
aspnolm,0.5
asqfltc,0.5
asruheg,0.5
astwrta,0.5
asvbztz,0.5
asvhaym,0.5
asvockj,0.5
asvqexx,0.5
aswnotp,0.5
atapusy,0.5
atbchcm,0.5
atcbhto,0.5
atchosw,0.5
atdwbjg,0.5
atfhajc,0.5
atfjfvx,0.5
atftypg,0.5
atiatdc,0.5
atijaqu,0.5
atipyiw,0.5
atkknmx,0.5
atkznzh,0.5
atlnlhp,0.5
atlvixt,0.5
atlwvec,0.5
atmqbcz,0.5
atnxklu,0.5
atpcnon,0.5
atpzyrc,0.5
atqhqzw,0.5
atqjses,0.5
atqmnwi,0.5
atqvbbj,0.5
atrynxr,0.5
atsnikl,0.5
atszhmx,0.5
atsznvk,0.5
atszrut,0.5
attjtht,0.5
attqaim,0.5
atvffjt,0.5
atxqghw,0.5
atxwwoe,0.5
atyszwm,0.5
atzaftq,0.5
atzosub,0.5
auamqmm,0.5
auaqiqw,0.5
aubmkyx,0.5
aubniap,0.5
audegpl,0.5
audfljy,0.5
audhhed,0.5
aufmfzr,0.5
aufofrx,0.5
augurym,0.5
augwhso,0.5
augzvqj,0.5
auhfhez,0.5
auhmakl,0.5
auhodwq,0.5
auhrjmr,0.5
auhzsqk,0.5
auilwes,0.5
aukjttd,0.5
aulirxt,0.5
aulpuxt,0.5
aumkyqw,0.5
aunkbio,0.5
aunplnv,0.5
aunvzec,0.5
auohfwi,0.5
auorrzs,0.5
auqjmle,0.5
aurexuu,0.5
ausmebq,0.5
ausrrkq,0.5
autfbcs,0.5
autixks,0.5
autwkcm,0.5
auvvasl,0.5
auwwgpp,0.5
auxcwxg,0.5
auzowiu,0.5
auzudzh,0.5
auzwwli,0.5
avbkbgr,0.5
avcsnvi,0.5
avdedkh,0.5
avdtpus,0.5
aveczbs,0.5
avhdxuq,0.5
avhexbb,0.5
avhmsba,0.5
avkplwx,0.5
avmvgbt,0.5
avogccy,0.5
avpbrbo,0.5
avqjrqk,0.5
avqkide,0.5
avrewqx,0.5
avspdkx,0.5
avtjkis,0.5
avuiwwl,0.5
avwkhod,0.5
avwsddp,0.5
avxbrls,0.5
avxgmad,0.5
avxsdwi,0.5
avylpjl,0.5
awcnmsp,0.5
awddvzc,0.5
awdjbgi,0.5
awdlshy,0.5
awfbcmy,0.5
awggsqf,0.5
awhdnyg,0.5
awivxpc,0.5
awixccz,0.5
awjgxxn,0.5
awjwzut,0.5
awmtekx,0.5
awnbqlh,0.5
awnyhld,0.5
awomovw,0.5
awqorbd,0.5
awrlrhe,0.5
awtbfbk,0.5
awwqtua,0.5
awwzbrl,0.5
awybuho,0.5
awykkqt,0.5
awynvzi,0.5
awypzvq,0.5
awzeiat,0.5
axamhwv,0.5
axamlcy,0.5
axbnokf,0.5
axcapyq,0.5
axeqvnr,0.5
axerryq,0.5
axexwfl,0.5
axezkgl,0.5
axfdoaj,0.5
axgsqvr,0.5
axibnhb,0.5
axiordq,0.5
axiqhwl,0.5
axjdsgo,0.5
axjyrqo,0.5
axlfygb,0.5
axlozro,0.5
axmwidv,0.5
axrunxs,0.5
axtvyqd,0.5
axuaecy,0.5
axvucxz,0.5
axvwjpl,0.5
axwownp,0.5
axyalim,0.5
axyehrt,0.5
axynzeo,0.5
ayaxzvd,0.5
aybigxd,0.5
aybxylk,0.5
ayclyqi,0.5
aydueip,0.5
aygaylu,0.5
ayhzfdb,0.5
ayjoagm,0.5
aykhoae,0.5
aykrnlg,0.5
aykwjsn,0.5
aymoklp,0.5
aynmeoc,0.5
ayporyx,0.5
ayrrwgc,0.5
aysjxwj,0.5
ayuhjeq,0.5
ayvtfhl,0.5
aywykak,0.5
ayxuzkz,0.5
ayxvmsl,0.5
ayzarsr,0.5
azabazm,0.5
azaveei,0.5
azbzyaz,0.5
azepiyd,0.5
azesaht,0.5
azgdppb,0.5
azgfhlv,0.5
azjnyos,0.5
azjphus,0.5
azjrhwe,0.5
azkunyk,0.5
azmlzag,0.5
azoyjbl,0.5
azplnlp,0.5
azpqubx,0.5
azpzutk,0.5
azsqbkm,0.5
aztjcos,0.5
aztkwoj,0.5
aztoomr,0.5
aztxwmk,0.5
azuquui,0.5
azwuarx,0.5
azxeuie,0.5
azxokfg,0.5
azxqija,0.5
azxrwhm,0.5
azxtnft,0.5
azypnkl,0.5
azzlhos,0.5
azzoykg,0.5
azzuwja,0.5
babybtd,0.5
bactnbk,0.5
badbzhr,0.5
baevsjd,0.5
bagigux,0.5
bahaxth,0.5
bahrfrp,0.5
bajjptw,0.5
bajncsh,0.5
bajuvzx,0.5
bakazdc,0.5
balxofs,0.5
banbgsu,0.5
banbkjh,0.5
bancfdx,0.5
banwdhm,0.5
bapmvrt,0.5
baqlnzk,0.5
baqqseu,0.5
baqzvbn,0.5
bastykx,0.5
batkdbn,0.5
baughjf,0.5
bawlthz,0.5
bazulkp,0.5
bbelloc,0.5
bbfjhdp,0.5
bbgnzho,0.5
bbgtnzc,0.5
bbiymvk,0.5
bbkbwyb,0.5
bbmgacr,0.5
bbmkwqg,0.5
bbmxago,0.5
bbnnndl,0.5
bboyetd,0.5
bbpmpxd,0.5
bbpsmjb,0.5
bbqpeho,0.5
bbrcgeb,0.5
bbregam,0.5
bbrtfqx,0.5
bbrvlya,0.5
bbsescj,0.5
bbsknzo,0.5
bbtexgt,0.5
bbtmuwl,0.5
bbuoiyp,0.5
bbvbcbo,0.5
bbvdbnc,0.5
bbvjyae,0.5
bbvvjkq,0.5
bbwgkpo,0.5
bbwqcou,0.5
bbzhfda,0.5
bcaqpzi,0.5
bcevnxv,0.5
bcfbimd,0.5
bcfhvau,0.5
bcfyodb,0.5
bcgrczf,0.5
bcgzjmv,0.5
bchgusk,0.5
bchotkr,0.5
bciuuit,0.5
bcjnght,0.5
bclbqyo,0.5
bclcfxq,0.5
bcmnknj,0.5
bcntuls,0.5
bcpcxgu,0.5
bcrrrgk,0.5
bcsrjuz,0.5
bctioeh,0.5
bcubcaw,0.5
bcujsmo,0.5
bcutgse,0.5
bcvwzql,0.5
bcwccfc,0.5
bcwigys,0.5
bdablio,0.5
bdbmoar,0.5
bdcrdwp,0.5
bdcuhtk,0.5
bdcuski,0.5
bdegpas,0.5
bdevsid,0.5
bdgmyve,0.5
bdhceog,0.5
bdhegau,0.5
bdhqxwh,0.5
bdikdjf,0.5
bdiptwi,0.5
bdiviuy,0.5
bdjeyfu,0.5
bdjivlr,0.5
bdkqxln,0.5
bdkspqr,0.5
bdldnjo,0.5
bdpauyg,0.5
bdsvoce,0.5
bdtiifg,0.5
bdujmeg,0.5
bdwwufo,0.5
bdwyfnz,0.5
bdxjmxi,0.5
bdxntez,0.5
bdxvaee,0.5
bdyppgc,0.5
bdytxmh,0.5
bdzrtmq,0.5
bdzvzdw,0.5
beairel,0.5
becwthi,0.5
bedjnmy,0.5
bedwkmq,0.5
beekkyw,0.5
beetoie,0.5
begwlgm,0.5
behorxl,0.5
bejdkgw,0.5
bejvhfx,0.5
bekctcl,0.5
bemtuvy,0.5
bepiveb,0.5
beqbcef,0.5
beqwxqj,0.5
bererjo,0.5
berjvhm,0.5
berpjlk,0.5
berquyj,0.5
berzynp,0.5
besdivz,0.5
betxcmw,0.5
beucajr,0.5
beurqfi,0.5
beuskxe,0.5
bewppjf,0.5
bexosbq,0.5
beybqpe,0.5
beypjco,0.5
bezcgiv,0.5
bezkjqy,0.5
bfbbzzz,0.5
bfbkdar,0.5
bfcnjxu,0.5
bfcwxym,0.5
bfdcmzv,0.5
bffhroe,0.5
bffrthw,0.5
bffsysc,0.5
bfgduqz,0.5
bfghhvn,0.5
bfjbjxb,0.5
bfjyxbr,0.5
bflerfl,0.5
bflgqov,0.5
bfmzpwj,0.5
bfnbygq,0.5
bfncigt,0.5
bfnxyod,0.5
bforumd,0.5
bfoysdb,0.5
bfphwjz,0.5
bfpnzxd,0.5
bfquesk,0.5
bftckhq,0.5
bfudjay,0.5
bfulpfw,0.5
bfuviky,0.5
bfvixgm,0.5
bfvmgny,0.5
bfwftuy,0.5
bfwzfaq,0.5
bfzafwj,0.5
bfzayhc,0.5
bfzzfhm,0.5
bgbhpue,0.5
bgbzspf,0.5
bgdbecb,0.5
bgdwvua,0.5
bgffyaf,0.5
bgfgawb,0.5
bgfgqht,0.5
bghuuer,0.5
bghvgbz,0.5
bghwday,0.5
bgikihf,0.5
bginvbd,0.5
bgjwnrn,0.5
bgkdgxw,0.5
bgkicxo,0.5
bgkwoce,0.5
bgmgfpt,0.5
bgmknxy,0.5
bgnjshy,0.5
bgooosz,0.5
bgpwwwy,0.5
bgpzxiu,0.5
bgruxkm,0.5
bgteevb,0.5
bgutgmq,0.5
bgwhgfa,0.5
bhblrze,0.5
bhcmqbv,0.5
bhcpziq,0.5
bheilxk,0.5
bhfegmw,0.5
bhfvjwx,0.5
bhfvlkr,0.5
bhheheb,0.5
bhhudhn,0.5
bhjwlhx,0.5
bhlyolt,0.5
bhmtwwn,0.5
bhofdag,0.5
bhpeatu,0.5
bhprtvu,0.5
bhpwhzy,0.5
bhqplnz,0.5
bhrbvrb,0.5
bhrhhsp,0.5
bhuicbv,0.5
bhyayhh,0.5
bhzfzlr,0.5
bhzhfgj,0.5
biaauqu,0.5
bibyqvp,0.5
bidusju,0.5
bieokfd,0.5
bievoce,0.5
bigkbte,0.5
bihizhi,0.5
bihooly,0.5
biirkdy,0.5
bijbtgn,0.5
bimcjhx,0.5
bimlwqa,0.5
bioupmd,0.5
biqsvos,0.5
birxpns,0.5
bithmvj,0.5
biujdva,0.5
bivdbpn,0.5
bivlmhf,0.5
bivlsot,0.5
bivwgdr,0.5
biwbanv,0.5
biwgkog,0.5
biwotjn,0.5
biwsbir,0.5
bixcgih,0.5
bixvion,0.5
biygxzm,0.5
biylhbo,0.5
bizekaz,0.5
bizyktv,0.5
bizyyym,0.5
bjaewcu,0.5
bjaxeyn,0.5
bjcyxtp,0.5
bjegcdn,0.5
bjeklgl,0.5
bjgpsci,0.5
bjgyolt,0.5
bjhwyan,0.5
bjikezi,0.5
bjjrcua,0.5
bjjxuji,0.5
bjkonxu,0.5
bjlpkja,0.5
bjopgpy,0.5
bjqfpqz,0.5
bjrxyhw,0.5
bjttyqy,0.5
bjtwbjz,0.5
bjufjuw,0.5
bjuhjkp,0.5
bjuorcv,0.5
bjuufez,0.5
bjvpxfv,0.5
bjxokzg,0.5
bjyaagz,0.5
bjyaikt,0.5
bjyuovb,0.5
bjzpewk,0.5
bkauslc,0.5
bkaxcwy,0.5
bkckuwa,0.5
bkcukje,0.5
bkfxepj,0.5
bkkaxti,0.5
bkkuoni,0.5
bklndxf,0.5
bklvdam,0.5
bkmsieq,0.5
bkmwzxy,0.5
bknrvwn,0.5
bkotjen,0.5
bkqfubc,0.5
bkqxjum,0.5
bkqxmjk,0.5
bkrumgk,0.5
bkrzaan,0.5
bktcejt,0.5
bkudleg,0.5
bkvjgxt,0.5
bkvkbot,0.5
bkzwavz,0.5
blakxmx,0.5
blduehz,0.5
blepzsg,0.5
blfscyw,0.5
blhpysr,0.5
bljaduj,0.5
bljpsvk,0.5
blkzssg,0.5
bllhkku,0.5
blmmveg,0.5
blngsjk,0.5
bloinfa,0.5
blolsap,0.5
blqgwha,0.5
blsbuyn,0.5
blswgou,0.5
blsxluq,0.5
bltxvbd,0.5
blvqppo,0.5
blvtkzu,0.5
blwottc,0.5
blxmmfg,0.5
blyfxlv,0.5
blyrekf,0.5
blzgzov,0.5
bmafldw,0.5
bmapblg,0.5
bmathxq,0.5
bmeojiw,0.5
bmeugmq,0.5
bmevbmg,0.5
bmevsjv,0.5
bmeyjsa,0.5
bmhaxbk,0.5
bmhqirj,0.5
bmhybov,0.5
bmiguuf,0.5
bmjrvhs,0.5
bmlbwyf,0.5
bmlrind,0.5
bmmhjyd,0.5
bmmibta,0.5
bmmltcm,0.5
bmnnjlf,0.5
bmqtxmh,0.5
bmrpvpx,0.5
bmtxlao,0.5
bmudyew,0.5
bmwrbge,0.5
bmywazz,0.5
bmzftmq,0.5
bmznmub,0.5
bmzwxml,0.5
bmzzdmq,0.5
bnajvsl,0.5
bnchefo,0.5
bncnarr,0.5
bncyzhx,0.5
bnddpas,0.5
bnfhoso,0.5
bngdbbl,0.5
bnhujqh,0.5
bnkwtpx,0.5
bnmgvqr,0.5
bnmkuhl,0.5
bnmqzhl,0.5
bnoyrvq,0.5
bnpuurq,0.5
bnqolel,0.5
bnquzdc,0.5
bnrffyy,0.5
bnrrpga,0.5
bnskpen,0.5
bnsvaqy,0.5
bnsvayk,0.5
bntumvm,0.5
bntwppb,0.5
bnwagqs,0.5
bnwtqcd,0.5
bnxghda,0.5
bnyzkog,0.5
bnzybtg,0.5
bocfaro,0.5
bocypnt,0.5
boeeioo,0.5
bohggaw,0.5
boigiul,0.5
bojjvwl,0.5
bojocsk,0.5
bokeukd,0.5
bokgzmk,0.5
bokqcin,0.5
bokruwn,0.5
bokwwdo,0.5
bokxgxf,0.5
bolxfhr,0.5
boogusi,0.5
bopudlp,0.5
boqdmeu,0.5
bosuoah,0.5
boufdmx,0.5
bougmhr,0.5
bovmjpq,0.5
bowkvgx,0.5
boxlror,0.5
bozmxvq,0.5
bpatqna,0.5
bpccdlz,0.5
bpcgcaq,0.5
bpcgkwb,0.5
bpcodyv,0.5
bpdlzyu,0.5
bperwoq,0.5
bpezfqj,0.5
bpfauhc,0.5
bpfmfkt,0.5
bpfpiyv,0.5
bpgehkw,0.5
bpgubkn,0.5
bphbqdp,0.5
bphnpit,0.5
bpiqgbw,0.5
bpjbpus,0.5
bpjmdsu,0.5
bpkgxjg,0.5
bpkogai,0.5
bpkzrtx,0.5
bplzqfv,0.5
bpmhmkz,0.5
bpnkiqq,0.5
bpnsbxa,0.5
bpobxye,0.5
bpodvey,0.5
bpplson,0.5
bpqqydx,0.5
bprwfdr,0.5
bpwojnm,0.5
bpxelyx,0.5
bpyencm,0.5
bpzrthz,0.5
bqarxka,0.5
bqbivwf,0.5
bqcaost,0.5
bqcdmzi,0.5
bqdgvqi,0.5
bqdtfkr,0.5
bqgjgnn,0.5
bqhlmrr,0.5
bqigjzw,0.5
bqilnhb,0.5
bqisbga,0.5
bqiyvyp,0.5
bqjbgei,0.5
bqjjvyv,0.5
bqjpbnd,0.5
bqkdeyr,0.5
bqkhkzd,0.5
bqkqrse,0.5
bqnbpbr,0.5
bqnwudx,0.5
bqokidt,0.5
bqrncbi,0.5
bqubkbk,0.5
bqwsjnl,0.5
bqxyucc,0.5
bqyjwth,0.5
brawybq,0.5
brbrvde,0.5
brdhzpu,0.5
brfoefn,0.5
brhdqus,0.5
brkoglr,0.5
brksnpg,0.5
brlckee,0.5
brmgkur,0.5
brodfmg,0.5
brpvipy,0.5
brqeclq,0.5
brrdxqg,0.5
brrwtib,0.5
brtnnga,0.5
brtnord,0.5
brudssh,0.5
brvnvdu,0.5
brvnymh,0.5
brvucil,0.5
brwdnyr,0.5
brxduqi,0.5
brxonhl,0.5
brxuvmm,0.5
brzbkbc,0.5
brzzcap,0.5
bsahadi,0.5
bsahaeg,0.5
bsapvcu,0.5
bsclvqa,0.5
bsdcxjz,0.5
bsdqzcb,0.5
bseaiwc,0.5
bsewkrv,0.5
bsgrvzi,0.5
bsjvgzo,0.5
bskdidt,0.5
bskrttt,0.5
bslzhde,0.5
bsmuwfc,0.5
bsmvsez,0.5
bsobikg,0.5
bsqomxo,0.5
bsrcnfg,0.5
bsredrb,0.5
bsryijk,0.5
bssoqrz,0.5
bstcznv,0.5
bsvewko,0.5
bsvwhqk,0.5
bsvwxfp,0.5
bsyjznp,0.5
btckdrr,0.5
btdhvam,0.5
btedxwh,0.5
btfttrw,0.5
btfydxr,0.5
btgfpqs,0.5
btgrceb,0.5
bthuhyk,0.5
btiadno,0.5
btisdjs,0.5
btkdxuu,0.5
btkhzqb,0.5
btlljjn,0.5
btmeyhy,0.5
btmlxne,0.5
btmqtqf,0.5
btnfans,0.5
btpghox,0.5
btplotk,0.5
btruwhv,0.5
btsqomg,0.5
bttgwql,0.5
btugurj,0.5
btvozkx,0.5
btvselx,0.5
btxkbwi,0.5
btykimb,0.5
btyvonh,0.5
btywjhe,0.5
btzpbtb,0.5
btzqkpl,0.5
btzuzyh,0.5
buamebo,0.5
bucilcm,0.5
bucpcrk,0.5
budksoo,0.5
bufabch,0.5
bufwepq,0.5
bufwjan,0.5
buhbzzq,0.5
buikcyw,0.5
buivfsp,0.5
bulctku,0.5
buliwxc,0.5
bulobkz,0.5
bulryhf,0.5
bunlgda,0.5
bunxcrq,0.5
bunyzxm,0.5
buouwhr,0.5
bupqtyn,0.5
burhqfh,0.5
burzthu,0.5
busdfny,0.5
butjybb,0.5
buucynd,0.5
buwwmwk,0.5
buxyjpn,0.5
buzjrgw,0.5
bvabjyx,0.5
bvbegnk,0.5
bvbevzx,0.5
bvdjnfz,0.5
bvdrsds,0.5
bvdtxlr,0.5
bvetqzz,0.5
bvfvwxh,0.5
bvfwzyj,0.5
bvgdlzo,0.5
bvgliiz,0.5
bvgyuwn,0.5
bvgzkfr,0.5
bvkgutw,0.5
bvlsqxg,0.5
bvmpybs,0.5
bvnczcr,0.5
bvnmzxb,0.5
bvnvhub,0.5
bvocnhn,0.5
bvptowi,0.5
bvqhabw,0.5
bvqxgor,0.5
bvqyzav,0.5
bvrwzik,0.5
bvrxjln,0.5
bvsmavu,0.5
bvsufeg,0.5
bvtxcxa,0.5
bvxathn,0.5
bvxrtdh,0.5
bvyavku,0.5
bvzsffk,0.5
bvzwofj,0.5
bwasszd,0.5
bwbnrcz,0.5
bwbrimi,0.5
bwcjflu,0.5
bwcsbyz,0.5
bwcshli,0.5
bwcwidj,0.5
bwdapiq,0.5
bwdjfji,0.5
bwdyuou,0.5
bweutsp,0.5
bweyrvf,0.5
bwfoqux,0.5
bwfryfh,0.5
bwhudpm,0.5
bwibcjf,0.5
bwjlpjn,0.5
bwkensp,0.5
bwlzdss,0.5
bwmusjd,0.5
bwnhnuh,0.5
bwolbnr,0.5
bwpyama,0.5
bwqykos,0.5
bwrfstk,0.5
bwsliwm,0.5
bwtikri,0.5
bwuypnn,0.5
bwwqtwb,0.5
bwyuiyu,0.5
bwzdqnm,0.5
bxamwtq,0.5
bxaojrc,0.5
bxcaecm,0.5
bxcrmcy,0.5
bxdcbjm,0.5
bxeehqh,0.5
bxgwiks,0.5
bxhhfpg,0.5
bxihggw,0.5
bxjcrnt,0.5
bxjfjmn,0.5
bxmfzmv,0.5
bxmhyek,0.5
bxnvtts,0.5
bxpqcwo,0.5
bxrdpqo,0.5
bxrqqcy,0.5
bxswhod,0.5
bxuritm,0.5
bxuzsnc,0.5
bxwplel,0.5
bxwxeyv,0.5
bxxihnn,0.5
bxxrcej,0.5
bxyqmlk,0.5
bxzhlur,0.5
bxzkfqs,0.5
bxzmacd,0.5
bxzyowi,0.5
bybwwsm,0.5
bycwuul,0.5
byfbaqk,0.5
byfeyvg,0.5
bygegzj,0.5
byguqbp,0.5
byhbscf,0.5
byhepfj,0.5
byhrque,0.5
byiraih,0.5
byjdali,0.5
byjmmoo,0.5
byjvgmq,0.5
bykaoug,0.5
bykmjjw,0.5
bykobih,0.5
byneynp,0.5
bynjbqq,0.5
bynrfje,0.5
byoqquh,0.5
byorypv,0.5
byouade,0.5
byqjigq,0.5
byqtxat,0.5
byrfrng,0.5
bysegae,0.5
bysfwzd,0.5
bysicgu,0.5
bysqbgj,0.5
bytbden,0.5
bytosdu,0.5
byukyrv,0.5
byumrks,0.5
byxegph,0.5
byxfkse,0.5
byxpmlz,0.5
byyqlcm,0.5
bzaczcy,0.5
bzboruo,0.5
bzbxpeb,0.5
bzcmpva,0.5
bzcnsyg,0.5
bzdiukz,0.5
bzgbtdz,0.5
bzgcsrq,0.5
bzgkdsx,0.5
bzgubot,0.5
bzipncd,0.5
bzkrkbr,0.5
bzllyeq,0.5
bznniol,0.5
bznxkpy,0.5
bzpehmh,0.5
bzpjfed,0.5
bzppuhj,0.5
bzqzaho,0.5
bzrnmeb,0.5
bztofkr,0.5
bzttyge,0.5
bzugkak,0.5
bzugxzr,0.5
bzwdmho,0.5
bzwntdb,0.5
bzwsqgo,0.5
bzxwzsj,0.5
caaafcy,0.5
cabfzsa,0.5
cabsssu,0.5
cabxgzj,0.5
cacuwfw,0.5
caejxbl,0.5
cajisim,0.5
cajzzdx,0.5
calohug,0.5
camcaxb,0.5
canmvde,0.5
carhpzb,0.5
casdsby,0.5
caspple,0.5
caswipt,0.5
caunxwz,0.5
cauuflx,0.5
cavcfvk,0.5
cawghip,0.5
cawiozk,0.5
cazkycl,0.5
cbawwme,0.5
cbbdzvk,0.5
cbcawuo,0.5
cbcfqgt,0.5
cbddfpm,0.5
cbdnhbz,0.5
cbepfgk,0.5
cbfscvg,0.5
cbgmqlj,0.5
cbgujlc,0.5
cbhpdpi,0.5
cbjrfgj,0.5
cbjsbis,0.5
cbkqjby,0.5
cbllgcf,0.5
cbltqhj,0.5
cbnqevf,0.5
cbntbqe,0.5
cbodbur,0.5
cbphjcj,0.5
cbplxlx,0.5
cbscovy,0.5
cbtvywr,0.5
cbvshqe,0.5
cbwhqnw,0.5
cbwidli,0.5
cbybgyl,0.5
cbzbxub,0.5
cbzoaek,0.5
ccaccxo,0.5
ccaenko,0.5
ccaeupt,0.5
ccbagam,0.5
ccbilvn,0.5
cccapbj,0.5
cccnqzq,0.5
ccdujfk,0.5
ccdwxsd,0.5
cceqfon,0.5
ccflzka,0.5
ccgdpeb,0.5
cchdycc,0.5
cchroue,0.5
ccjahmh,0.5
ccjbauh,0.5
ccjchdp,0.5
ccjxcox,0.5
cclqehm,0.5
ccmlhjg,0.5
ccnwihh,0.5
ccowpxt,0.5
ccpfztr,0.5
ccqtaaa,0.5
ccrnyfg,0.5
ccrsmbs,0.5
ccsmxhk,0.5
cctefef,0.5
cctitds,0.5
cctqzqm,0.5
cctzjxo,0.5
ccvdyiu,0.5
ccvnkqd,0.5
ccvwxfz,0.5
ccvxyci,0.5
ccwblld,0.5
ccxmsef,0.5
ccxzecr,0.5
ccybjak,0.5
cczgkgs,0.5
cdaissb,0.5
cdapyiv,0.5
cdaspnz,0.5
cdbfczf,0.5
cdcmwpz,0.5
cdcudvq,0.5
cddtnbg,0.5
cdduicm,0.5
cdfbyuf,0.5
cdfrfis,0.5
cdgayuy,0.5
cdhpknt,0.5
cdiaoxu,0.5
cdiizmv,0.5
cdisgbx,0.5
cdkwtpr,0.5
cdllprl,0.5
cdmouzb,0.5
cdmqvpu,0.5
cdmxoze,0.5
cdncxpv,0.5
cdnmmrn,0.5
cdntyen,0.5
cdnwraz,0.5
cdobejp,0.5
cdokiuj,0.5
cdqignw,0.5
cdrgenw,0.5
cdrlisd,0.5
cdshdys,0.5
cdvfctp,0.5
cdvyewz,0.5
cdwbgqb,0.5
cdwjfqb,0.5
cdwruwp,0.5
cdwtqeo,0.5
cdxjbsl,0.5
cdxuxjr,0.5
cdzmcsx,0.5
cebbahx,0.5
cebdvah,0.5
cebrpef,0.5
cecksfx,0.5
cecprbm,0.5
cecyqms,0.5
cedcwtd,0.5
cediezm,0.5
cefpxcc,0.5
ceioujx,0.5
cekjuya,0.5
cekyefd,0.5
celbege,0.5
celhzgw,0.5
celkukz,0.5
cemvpnl,0.5
cemvuie,0.5
cenmknc,0.5
ceohdjk,0.5
cepjprs,0.5
ceqrymx,0.5
cesqlcy,0.5
ceswlyu,0.5
ceuvdyc,0.5
cewyxcd,0.5
ceykvte,0.5
ceztotz,0.5
cezwfmw,0.5
cfcihfo,0.5
cfcjqok,0.5
cfeljzd,0.5
cfgoqwo,0.5
cfhbamu,0.5
cfiaavr,0.5
cfifpba,0.5
cfjnprm,0.5
cfmditf,0.5
cfnslml,0.5
cfntbnt,0.5
cfowfxi,0.5
cfqkgme,0.5
cfsdrge,0.5
cfthgna,0.5
cftjhcb,0.5
cfucqfd,0.5
cfuiclr,0.5
cfuwezp,0.5
cfvthle,0.5
cfwbguc,0.5
cfykufs,0.5
cgabxrb,0.5
cgafvpw,0.5
cgbfhza,0.5
cgcgpzv,0.5
cgddjfh,0.5
cgfsweq,0.5
cggdkca,0.5
cghjtla,0.5
cgiywxw,0.5
cgkpiqo,0.5
cgmydol,0.5
cgndusk,0.5
cgnhocj,0.5
cgnmkbt,0.5
cgnmtku,0.5
cgqmgty,0.5
cgqokkx,0.5
cgqtuts,0.5
cgsvvez,0.5
cgtyiet,0.5
cguepec,0.5
cguivbb,0.5
cguudem,0.5
cgwpyyv,0.5
cgwtdfp,0.5
cgyifgh,0.5
cgzeisg,0.5
chathrs,0.5
chbcmmg,0.5
chbuyfy,0.5
chcdsre,0.5
chfjfuc,0.5
chfjtrn,0.5
chggqqf,0.5
chghahz,0.5
chghwrf,0.5
chgtgfr,0.5
chihocf,0.5
chjbbmr,0.5
chjgdrv,0.5
chkevba,0.5
chmjwak,0.5
chnrzns,0.5
chnzzvd,0.5
choimlt,0.5
chojsjs,0.5
chqqadn,0.5
chrrmnb,0.5
chsvkfy,0.5
chuttml,0.5
chuvhcq,0.5
chvbxlb,0.5
chvclpc,0.5
cibtwau,0.5
cicecbf,0.5
ciefcnu,0.5
cieognc,0.5
cigehik,0.5
ciggmrt,0.5
cijjbok,0.5
cijtect,0.5
ciktbwk,0.5
cikvnys,0.5
cilrtju,0.5
cipjnpy,0.5
cirrmdq,0.5
cisvwox,0.5
ciuctnx,0.5
ciufmtp,0.5
ciwfxik,0.5
cixvcty,0.5
cizcpjb,0.5
cizjerc,0.5
cizlrnn,0.5
cjdqcpv,0.5
cjedczb,0.5
cjenqtk,0.5
cjfhifk,0.5
cjflmrb,0.5
cjjigky,0.5
cjjmijw,0.5
cjjwxmy,0.5
cjkhwnv,0.5
cjkxibe,0.5
cjlvtty,0.5
cjlwtes,0.5
cjmbrco,0.5
cjnqdwl,0.5
cjnuhxl,0.5
cjoubfq,0.5
cjqiohh,0.5
cjrcidx,0.5
cjscpgd,0.5
cjshcbc,0.5
cjsrjfo,0.5
cjuzmwr,0.5
cjvglyg,0.5
cjvivmg,0.5
cjvwkfz,0.5
cjwllgc,0.5
cjxpiqe,0.5
cjxzorn,0.5
cjyrrdy,0.5
cjzagos,0.5
cjzetle,0.5
ckanfun,0.5
ckavqnp,0.5
ckciljx,0.5
ckcwlvp,0.5
ckegsjm,0.5
ckelmtm,0.5
ckeropv,0.5
ckeybjk,0.5
ckfksyp,0.5
ckfwzbt,0.5
ckghmxj,0.5
ckgliun,0.5
ckgwdua,0.5
ckhmfiu,0.5
ckigsqs,0.5
ckinelz,0.5
ckioxht,0.5
ckjgrwg,0.5
cklsasg,0.5
ckmfxjx,0.5
ckmqcls,0.5
cknusui,0.5
cknzbde,0.5
ckoijxj,0.5
ckqskco,0.5
ckqtozp,0.5
cksepbu,0.5
cktepdt,0.5
cktkrpg,0.5
cktzaex,0.5
ckvhhru,0.5
ckvratn,0.5
ckvwcdv,0.5
ckwyrcg,0.5
ckytmar,0.5
ckytpnb,0.5
ckzgdzk,0.5
ckzicbv,0.5
ckzxmxc,0.5
clacnix,0.5
claifbl,0.5
clbgeai,0.5
clbrwlo,0.5
clbvjvk,0.5
clcugpb,0.5
clekfee,0.5
clfnxmo,0.5
clfqfje,0.5
clfwvpo,0.5
cliilrc,0.5
clkvbpe,0.5
clmvbtp,0.5
clnftkp,0.5
clngdvo,0.5
clnmmeg,0.5
clobzgz,0.5
clorntd,0.5
clplhum,0.5
clqagsk,0.5
clqialy,0.5
clqxriz,0.5
clrbagu,0.5
clrclry,0.5
clrolpn,0.5
cltwsvl,0.5
clutcxb,0.5
cluthao,0.5
clxodeq,0.5
clyvwsi,0.5
clzopnq,0.5
cmagwuq,0.5
cmatjzi,0.5
cmazsnq,0.5
cmcjrfr,0.5
cmcwbyx,0.5
cmdaxlc,0.5
cmdvomk,0.5
cmdzgbx,0.5
cmhkgiq,0.5
cmhktiy,0.5
cmhnkwh,0.5
cmicddu,0.5
cmicijv,0.5
cmifsze,0.5
cmjyqls,0.5
cmkkcam,0.5
cmksxza,0.5
cmkvphn,0.5
cmlapwp,0.5
cmljamr,0.5
cmmbqfd,0.5
cmnmaic,0.5
cmnxzcr,0.5
cmofohv,0.5
cmpnxuz,0.5
cmryfal,0.5
cmvnkkb,0.5
cmvuuey,0.5
cmwljsh,0.5
cmwyujm,0.5
cmxtsjv,0.5
cmybkto,0.5
cmyqahr,0.5
cmznvqq,0.5
cnbbkkk,0.5
cndhqqw,0.5
cneeyqi,0.5
cnerqac,0.5
cnfffjn,0.5
cnffifg,0.5
cnfocbx,0.5
cnfrpuu,0.5
cngwfyy,0.5
cnhknts,0.5
cnieaqq,0.5
cniglzu,0.5
cnizjet,0.5
cnjrvko,0.5
cnkaedf,0.5
cnkqota,0.5
cnlbzlr,0.5
cnlgxrq,0.5
cnlytnb,0.5
cnmjvsp,0.5
cnmuiht,0.5
cnocjil,0.5
cnozsxj,0.5
cnpiqee,0.5
cnqfqaw,0.5
cnqozvk,0.5
cnrdowo,0.5
cnrkpio,0.5
cntvkwz,0.5
cnutoek,0.5
cnuukke,0.5
cnxobyt,0.5
cnzcygv,0.5
coaugpj,0.5
cobiicx,0.5
codawon,0.5
coebwfn,0.5
cofsxbh,0.5
cofzpot,0.5
coggwfi,0.5
cohryzv,0.5
cohuucy,0.5
coibhhh,0.5
coiivpc,0.5
coimbch,0.5
cojatqa,0.5
cojbfwr,0.5
cojlcsl,0.5
colyugo,0.5
copllrp,0.5
coplpqx,0.5
copqlbu,0.5
copseyg,0.5
coqcezy,0.5
coqvysa,0.5
coqyxzo,0.5
corbzzc,0.5
coshxns,0.5
cosnmaf,0.5
coupgvu,0.5
covkggi,0.5
covnjou,0.5
cowylbu,0.5
coxiqkp,0.5
coxvlos,0.5
coydlci,0.5
cozfsqe,0.5
cpboytc,0.5
cpbxlki,0.5
cpccfqo,0.5
cpcuibo,0.5
cpcvgey,0.5
cpdlagg,0.5
cpdmvvb,0.5
cpeeuft,0.5
cpeggow,0.5
cpezyun,0.5
cpggcag,0.5
cpgtqiv,0.5
cphajfv,0.5
cpicggd,0.5
cpikiwa,0.5
cppadvk,0.5
cppeosg,0.5
cppjybo,0.5
cpqoftq,0.5
cpqqfmj,0.5
cprbell,0.5
cprdqeh,0.5
cprhrdg,0.5
cptfiht,0.5
cptfkxt,0.5
cptzxyg,0.5
cpuumfa,0.5
cpwgpwu,0.5
cpxdbmn,0.5
cpxfact,0.5
cpybzmt,0.5
cpyqelk,0.5
cpzcare,0.5
cpzmyil,0.5
cqarotv,0.5
cqayxmo,0.5
cqbcrbd,0.5
cqbfzds,0.5
cqcxbnn,0.5
cqdcdra,0.5
cqevgjd,0.5
cqfhlyo,0.5
cqhyedo,0.5
cqibysp,0.5
cqixcmm,0.5
cqjlsop,0.5
cqjotpt,0.5
cqkbfyg,0.5
cqkleny,0.5
cqkufzj,0.5
cqledfy,0.5
cqlklgm,0.5
cqmfpcm,0.5
cqnsnya,0.5
cqopoxt,0.5
cqqwpgy,0.5
cqrbdkj,0.5
cqroxpg,0.5
cqseuak,0.5
cqsvrhi,0.5
cqthltu,0.5
cqtihvm,0.5
cqvmops,0.5
cqvodcl,0.5
cqvwcnr,0.5
cqxutvd,0.5
cqyiyri,0.5
cqyxakt,0.5
crbctpt,0.5
crbfprs,0.5
crbtomf,0.5
crdjbhq,0.5
crdvyed,0.5
crfjysb,0.5
crfpwro,0.5
crgaghv,0.5
crjmczq,0.5
crjnmhu,0.5
crjpbsz,0.5
crjteeb,0.5
crkgwwq,0.5
crkrgkl,0.5
crmiqif,0.5
crmixhq,0.5
crmmzge,0.5
crmsmcm,0.5
crobyel,0.5
crohigv,0.5
crpgcdx,0.5
crtgpqa,0.5
crtvxry,0.5
crubbre,0.5
crulytu,0.5
cruptyk,0.5
crvbtsw,0.5
crwbbfn,0.5
crwdicc,0.5
crxijzh,0.5
crymaoq,0.5
crzkvqr,0.5
crzlpms,0.5
csaivfn,0.5
csaravi,0.5
csbaoba,0.5
csbblaf,0.5
csbfbxa,0.5
cscdgsr,0.5
cscnxfg,0.5
cscuukp,0.5
csdoqvk,0.5
cservsl,0.5
csgefox,0.5
cshduol,0.5
csipezy,0.5
csiywth,0.5
cskdeta,0.5
csknmqp,0.5
cslgqxs,0.5
csmnjnn,0.5
csnmdkh,0.5
csnsgrr,0.5
csnzhto,0.5
csqrpwn,0.5
csquhlu,0.5
cssjpas,0.5
csstmao,0.5
cssxcmx,0.5
csttbbx,0.5
csulybe,0.5
cswzhig,0.5
csxqvfl,0.5
csxvuuz,0.5
csxxgbb,0.5
csxzojm,0.5
csyugnp,0.5
cszzmup,0.5
ctasuzy,0.5
ctaujel,0.5
ctceljz,0.5
ctcvymp,0.5
ctddlrt,0.5
ctddpkx,0.5
ctdeknh,0.5
ctdtynv,0.5
cteaimk,0.5
ctgbulx,0.5
ctheyxe,0.5
cthnwnh,0.5
cthyqsm,0.5
ctidvkg,0.5
ctitubu,0.5
ctjrlsv,0.5
ctllprm,0.5
ctlmmnd,0.5
ctmoubb,0.5
ctmzboz,0.5
ctokjzo,0.5
ctpihhj,0.5
ctpvzjv,0.5
ctqcrfv,0.5
ctqmkcz,0.5
ctqrave,0.5
ctqsbzn,0.5
cttegsi,0.5
cttlmpy,0.5
ctukkvp,0.5
ctumlir,0.5
ctupioe,0.5
ctvcuga,0.5
ctwptbc,0.5
ctyzfsi,0.5
ctzttwm,0.5
cuaejhu,0.5
cublzjz,0.5
cucftsd,0.5
cudmxdb,0.5
cudtdym,0.5
cuefdyr,0.5
cuevafg,0.5
cugehgy,0.5
cugxwty,0.5
cujpbdy,0.5
cujuzxf,0.5
cujxqmf,0.5
culqtzt,0.5
cumllsa,0.5
cunzvba,0.5
cuowlzh,0.5
cuozzjl,0.5
cuphdfp,0.5
curqcbs,0.5
cuscrvo,0.5
cutrzzy,0.5
cuwikst,0.5
cuxehqa,0.5
cuyhnth,0.5
cuymrxt,0.5
cvafywk,0.5
cvahjaa,0.5
cvargpq,0.5
cvbwgkh,0.5
cvbywzn,0.5
cvcowgg,0.5
cvctafx,0.5
cvdnbni,0.5
cveoonl,0.5
cveqnjt,0.5
cvftknk,0.5
cvgavfc,0.5
cvgmfjb,0.5
cvhxvbw,0.5
cvicugr,0.5
cvijmfl,0.5
cvjatwc,0.5
cvkipuz,0.5
cvmmjjz,0.5
cvnfxlp,0.5
cvnjqdi,0.5
cvoikoj,0.5
cvporqv,0.5
cvprehi,0.5
cvpwfir,0.5
cvuvpsc,0.5
cvxatoe,0.5
cvxjzeg,0.5
cvxquzr,0.5
cvxtoui,0.5
cvyvezz,0.5
cvzwpkb,0.5
cwatgdr,0.5
cwbhibg,0.5
cwbkgfu,0.5
cwfjofj,0.5
cwfwkom,0.5
cwhcnwh,0.5
cwjpcnh,0.5
cwjxxnz,0.5
cwkdgit,0.5
cwlgsyx,0.5
cwndamo,0.5
cwnezac,0.5
cwngrpe,0.5
cwnqbsl,0.5
cwrfpnr,0.5
cwrpdxw,0.5
cwrpeoi,0.5
cwtdpjw,0.5
cwubmvw,0.5
cwullcq,0.5
cwumyqv,0.5
cwunsgm,0.5
cwurjct,0.5
cwvcogd,0.5
cwwejft,0.5
cwzlpah,0.5
cxahynw,0.5
cxaydgl,0.5
cxbbuel,0.5
cxckxbn,0.5
cxcrxry,0.5
cxeqsjm,0.5
cximtmm,0.5
cxkvgkl,0.5
cxlqlqe,0.5
cxnnbve,0.5
cxnvijc,0.5
cxpkavv,0.5
cxpxcrd,0.5
cxqcefs,0.5
cxraesh,0.5
cxteruk,0.5
cxtnkqh,0.5
cxukydn,0.5
cxumail,0.5
cxutmfz,0.5
cxvjslk,0.5
cxvtpbw,0.5
cxymtaf,0.5
cyaedrd,0.5
cycoboe,0.5
cycvjdq,0.5
cydnvpd,0.5
cyedtjh,0.5
cyfkpkl,0.5
cyfopmg,0.5
cyhagzn,0.5
cyhxtjd,0.5
cyiotse,0.5
cyipkdx,0.5
cyiznkq,0.5
cyjzukc,0.5
cykooas,0.5
cymnlgu,0.5
cynibod,0.5
cynlmaa,0.5
cyomkaa,0.5
cyozdlv,0.5
cyplntw,0.5
cypnbrh,0.5
cyqpfup,0.5
cyqsimt,0.5
cyquuqr,0.5
cyqxvuq,0.5
cyroyii,0.5
cysealx,0.5
cytzdhc,0.5
cyvdbir,0.5
cyvumgv,0.5
cyxdpiu,0.5
cyyfqfs,0.5
czapyfx,0.5
czdfywq,0.5
czewbwj,0.5
czgztdp,0.5
czivddx,0.5
czjchty,0.5
czkmvpq,0.5
czlplnn,0.5
czlqykb,0.5
czmitpx,0.5
czmnvac,0.5
czncaqh,0.5
czpspvb,0.5
czrazqm,0.5
czseykh,0.5
czskryc,0.5
czusoqk,0.5
czwpgni,0.5
czxbkwm,0.5
czygmds,0.5
czzmxfc,0.5
daaeenr,0.5
daavdui,0.5
dabyywi,0.5
dacqatk,0.5
dagvxls,0.5
dahgkfe,0.5
dahknbz,0.5
dahtado,0.5
daiqhzq,0.5
daixred,0.5
dajixkr,0.5
dajzoyt,0.5
dakokww,0.5
dammaeu,0.5
danskjx,0.5
daoskbq,0.5
daoypny,0.5
dapmrdh,0.5
daqmeqb,0.5
davorak,0.5
dawcemi,0.5
dayzzii,0.5
dazchnj,0.5
dazmlwh,0.5
dbdanie,0.5
dbdqajr,0.5
dbfetwx,0.5
dbfjcsw,0.5
dbfyaon,0.5
dbgffsw,0.5
dbgkcjm,0.5
dbgoskv,0.5
dbhpcxv,0.5
dbhpncv,0.5
dbirhur,0.5
dbjjdcs,0.5
dblbszs,0.5
dblktct,0.5
dbodoey,0.5
dbphftj,0.5
dbpxhog,0.5
dbqjoph,0.5
dbrchhy,0.5
dbuawbh,0.5
dbugqea,0.5
dbuhbev,0.5
dbukldp,0.5
dbvkvnq,0.5
dbvzkoj,0.5
dbywmpj,0.5
dbzhkmc,0.5
dbzllhj,0.5
dbzxvei,0.5
dcafmev,0.5
dcaszxw,0.5
dccmhpi,0.5
dcdfzuj,0.5
dcfjtea,0.5
dcgwfnv,0.5
dchanct,0.5
dcjhdoo,0.5
dcjomgn,0.5
dclwnoy,0.5
dcowded,0.5
dcpuddd,0.5
dcqbrsy,0.5
dcqfldn,0.5
dcqyrzt,0.5
dcrfosy,0.5
dcscpor,0.5
dctkeju,0.5
dcubflq,0.5
dcukdkx,0.5
dcyirvb,0.5
dczrohd,0.5
ddaocfx,0.5
ddaqqws,0.5
ddaxvci,0.5
ddcxdkj,0.5
ddfifef,0.5
ddfjcut,0.5
ddhglnk,0.5
ddihtxp,0.5
ddimqzi,0.5
ddiwkxo,0.5
ddiywlx,0.5
ddjnjqq,0.5
ddkwuew,0.5
ddlvgce,0.5
ddmadhm,0.5
ddmdfcj,0.5
ddmwwwf,0.5
ddohxuy,0.5
ddoueln,0.5
ddoxjrp,0.5
ddpicjn,0.5
ddpyltv,0.5
ddqfeod,0.5
ddqlgvs,0.5
ddquaxc,0.5
ddrhiso,0.5
ddrjhpk,0.5
ddtalfj,0.5
ddwcuve,0.5
ddwiegz,0.5
ddxocew,0.5
ddyaoqo,0.5
ddyqcjf,0.5
ddyzyjg,0.5
degiwkv,0.5
degtclp,0.5
degtlhs,0.5
dehcvyi,0.5
dehehbr,0.5
dehfdpt,0.5
dehpwsj,0.5
dejzlwl,0.5
dekaaou,0.5
delptid,0.5
deoosdu,0.5
deoxtwp,0.5
derkcfc,0.5
descoer,0.5
deshwlo,0.5
detvxkd,0.5
deylvqo,0.5
dezxsps,0.5
dfaveti,0.5
dfemwor,0.5
dffhkig,0.5
dfgquti,0.5
dfhemtd,0.5
dfhyjob,0.5
dfjsqdx,0.5
dflcibt,0.5
dfndqpz,0.5
dfnhswm,0.5
dfoowjx,0.5
dfpffbj,0.5
dfpypcr,0.5
dfqdqlv,0.5
dfrjndf,0.5
dfrjrdg,0.5
dfsmaik,0.5
dfspake,0.5
dfuikea,0.5
dfurtdr,0.5
dfwtpup,0.5
dfxbdzt,0.5
dgbanul,0.5
dgbhdpq,0.5
dgbykwd,0.5
dgerxfr,0.5
dgeutql,0.5
dgevpci,0.5
dgfaavj,0.5
dgftxsu,0.5
dgfvxde,0.5
dgfznol,0.5
dggsmjo,0.5
dggzgcl,0.5
dggzikq,0.5
dgjibma,0.5
dgjvhqo,0.5
dgknjou,0.5
dgkvkqf,0.5
dgmgpla,0.5
dgnwkvp,0.5
dgnytff,0.5
dgohrmz,0.5
dgonztp,0.5
dgpddyw,0.5
dgsulwr,0.5
dgukoiq,0.5
dgvdley,0.5
dgwdtkv,0.5
dgwigif,0.5
dgxoxsm,0.5
dgxpiwh,0.5
dgyrxhz,0.5
dhcpyvy,0.5
dheuntx,0.5
dhfhqtq,0.5
dhiftqm,0.5
dhjocxo,0.5
dhjtmdx,0.5
dhleyyb,0.5
dhnghoc,0.5
dhnzsis,0.5
dhowsql,0.5
dhpkdbd,0.5
dhqtcvr,0.5
dhrulnb,0.5
dhsiqdt,0.5
dhsqbgz,0.5
dhsqixb,0.5
dhtcfso,0.5
dhuuomi,0.5
dhyvneo,0.5
dhzcxgq,0.5
dhzemtw,0.5
dhziaod,0.5
diacbdg,0.5
diarowd,0.5
dibntya,0.5
dicbraw,0.5
dicmgls,0.5
didqzkl,0.5
difqakw,0.5
difyxxj,0.5
digcwxm,0.5
digszye,0.5
digwqak,0.5
dihbcjr,0.5
dihlakv,0.5
dihpozv,0.5
diiikwn,0.5
dijdixr,0.5
dijqgld,0.5
dijstvz,0.5
dilbupt,0.5
dinovuo,0.5
dintiim,0.5
dipzgqo,0.5
diuacek,0.5
divkhsc,0.5
dixsvkr,0.5
diywbje,0.5
djaaxnz,0.5
djbdhws,0.5
djcolcw,0.5
djcpcys,0.5
djcujtt,0.5
djdvtth,0.5
djedsje,0.5
djeytin,0.5
djflwgv,0.5
djgzpqm,0.5
djhdftl,0.5
djhixzk,0.5
djhndok,0.5
djjtosm,0.5
djkhlju,0.5
djkslgc,0.5
djljmdt,0.5
djnclos,0.5
djoosxt,0.5
djpmjgz,0.5
djpolsf,0.5
djpsjha,0.5
djrxamv,0.5
djtbvox,0.5
djthsnx,0.5
djufoew,0.5
djvdlry,0.5
djvxsyg,0.5
djwiysn,0.5
djwlzhg,0.5
djxcbex,0.5
djxdggw,0.5
djxtmjk,0.5
djxvtwo,0.5
djxylbu,0.5
djyilld,0.5
djyqqcv,0.5
djysvmc,0.5
djzhhue,0.5
dkavqli,0.5
dkbgavg,0.5
dkbmgbx,0.5
dkdaero,0.5
dkdekbr,0.5
dkelcbb,0.5
dkfndkz,0.5
dkfoaxo,0.5
dkhizdl,0.5
dkjspwr,0.5
dkngwct,0.5
dknkspz,0.5
dkodruj,0.5
dkpeeqf,0.5
dkpzons,0.5
dkrlece,0.5
dksajgj,0.5
dkvozfc,0.5
dkwbfhc,0.5
dkwmrqk,0.5
dkyklmi,0.5
dkzckbr,0.5
dkzlura,0.5
dladcqb,0.5
dlblchc,0.5
dlbyxvr,0.5
dlewlnj,0.5
dlfiias,0.5
dlfzodf,0.5
dlgzibf,0.5
dlhlfcp,0.5
dlidzus,0.5
dljdaee,0.5
dljrjbm,0.5
dlkuzas,0.5
dllrdju,0.5
dllrltl,0.5
dlmlulo,0.5
dlmomrl,0.5
dlnncvo,0.5
dlqzdpx,0.5
dlrrimt,0.5
dltbdwr,0.5
dlurplp,0.5
dlvlpnk,0.5
dlvvldv,0.5
dlwdokv,0.5
dlwfmxf,0.5
dlwvfzl,0.5
dlxhcsc,0.5
dlxhlte,0.5
dlytger,0.5
dlzmlrx,0.5
dmctizd,0.5
dmdlsnq,0.5
dmejosk,0.5
dmemhrq,0.5
dmewonb,0.5
dmfmpht,0.5
dmhnjwh,0.5
dmiknri,0.5
dmjhdal,0.5
dmjizas,0.5
dmkcqpd,0.5
dmmofds,0.5
dmmyong,0.5
dmnmtuj,0.5
dmplime,0.5
dmsexmn,0.5
dmtdvag,0.5
dmtpfnc,0.5
dmubmel,0.5
dmvsmqi,0.5
dmwbamb,0.5
dmxgqds,0.5
dmxlvza,0.5
dmyyrje,0.5
dnbzuec,0.5
dncocmf,0.5
dnfgskc,0.5
dnfhpct,0.5
dngoajo,0.5
dngwjjt,0.5
dniiimi,0.5
dnikrqw,0.5
dniyxpj,0.5
dnjxjof,0.5
dnkycxr,0.5
dnmwxuq,0.5
dnnwjlb,0.5
dnnwwhg,0.5
dnpvnks,0.5
dnqspis,0.5
dnsekqj,0.5
dnsyffm,0.5
dntfdyv,0.5
dntfkov,0.5
dntjjnl,0.5
dntmokd,0.5
dntopwc,0.5
dnuliop,0.5
dnulxjv,0.5
dnvbifw,0.5
dnvhaex,0.5
dnvtpeh,0.5
dnwropp,0.5
dnyocyq,0.5
dnyrlpj,0.5
dnzqfvg,0.5
dnzxgie,0.5
doaeies,0.5
dobvcmp,0.5
dobvmbb,0.5
docephu,0.5
doddtif,0.5
dodqawt,0.5
doenwnu,0.5
dofixud,0.5
dofmdci,0.5
dofnxdc,0.5
dofxewi,0.5
dofysbz,0.5
dogbmni,0.5
dogbozl,0.5
dohfnmv,0.5
doictpn,0.5
doikejq,0.5
doiovrp,0.5
dojedar,0.5
dojlsyg,0.5
dojrubd,0.5
dojsenn,0.5
doktmqd,0.5
dolqnpm,0.5
dommkus,0.5
domwpdy,0.5
donyrxr,0.5
dooiumt,0.5
dooqsux,0.5
dopcwug,0.5
doqhogr,0.5
doqllqj,0.5
dorboiz,0.5
dorilna,0.5
dorocjv,0.5
doswjbj,0.5
dotidkn,0.5
dotkbbq,0.5
douqfip,0.5
dovqgjf,0.5
dowxsly,0.5
doxanol,0.5
doxqoby,0.5
doyhfkh,0.5
doyounf,0.5
dozttgt,0.5
dozyaev,0.5
dpbmdsp,0.5
dpchsde,0.5
dpcxbwj,0.5
dpevlwn,0.5
dpexrsr,0.5
dpfcwbx,0.5
dpgvzcy,0.5
dpheecf,0.5
dphkjwi,0.5
dphlyhc,0.5
dpifgni,0.5
dpjqtyk,0.5
dpjufyw,0.5
dpkdugc,0.5
dplnvoq,0.5
dpmuegh,0.5
dpohugo,0.5
dppaxqb,0.5
dppwgrh,0.5
dppxjra,0.5
dpqllek,0.5
dpqwgjq,0.5
dpraubx,0.5
dptdktg,0.5
dptquyk,0.5
dpurskz,0.5
dpvench,0.5
dpvpkao,0.5
dpvyejr,0.5
dpwkazm,0.5
dpyabub,0.5
dpycale,0.5
dpyxtmu,0.5
dpzsftz,0.5
dpzvjsc,0.5
dqcltfs,0.5
dqcperf,0.5
dqdkygc,0.5
dqdtarr,0.5
dqjrcvn,0.5
dqkvoil,0.5
dqngblk,0.5
dqolxxu,0.5
dqpwodc,0.5
dqpwvzo,0.5
dqrldta,0.5
dqtfdfl,0.5
dqwdirc,0.5
dqwkzjc,0.5
dqwlzbn,0.5
dqwxhxl,0.5
dqxzjjj,0.5
dqyouvv,0.5
dqzmlqj,0.5
drbfutc,0.5
drdlpgk,0.5
dreoxrr,0.5
drhvzho,0.5
drjgbkz,0.5
drkthje,0.5
drkwxkc,0.5
drlqrxg,0.5
drmismp,0.5
drnbbwe,0.5
drnqezn,0.5
drposfc,0.5
drqkhxf,0.5
drrbppi,0.5
drrzans,0.5
drtcatx,0.5
drtcnip,0.5
drtonlf,0.5
drusqtl,0.5
drwgiaw,0.5
drwymtw,0.5
drxxmbu,0.5
dryfloe,0.5
drzphqu,0.5
dsamwun,0.5
dsanpbq,0.5
dsawhxo,0.5
dsbepzj,0.5
dsbhqju,0.5
dscsocm,0.5
dsddstk,0.5
dsdgcul,0.5
dsejtzu,0.5
dsfwuoq,0.5
dsjkerj,0.5
dskpqoe,0.5
dskuqha,0.5
dslikzt,0.5
dsmkxuz,0.5
dsnlzyy,0.5
dsnszpd,0.5
dsntcpn,0.5
dsochgr,0.5
dsoghdw,0.5
dsqqdun,0.5
dsqtave,0.5
dsrwgqv,0.5
dssnugq,0.5
dstqelv,0.5
dstsjcg,0.5
dsvfuof,0.5
dswdrqx,0.5
dswfkms,0.5
dswgjxi,0.5
dsxiwoh,0.5
dsxkyoh,0.5
dsxmfqb,0.5
dsxxhil,0.5
dsybeuq,0.5
dsyvkxt,0.5
dtafuvx,0.5
dtbhbar,0.5
dtbnhvx,0.5
dtcgmno,0.5
dtdgmlg,0.5
dtdhelb,0.5
dtehycl,0.5
dtepsuw,0.5
dtgrnbp,0.5
dtgvrxd,0.5
dthqtzc,0.5
dtiyjfx,0.5
dtjcmbc,0.5
dtjrzcm,0.5
dtjxumu,0.5
dtjxzfq,0.5
dtltebn,0.5
dtltvrf,0.5
dtmqqpb,0.5
dtndwmc,0.5
dtnuhiw,0.5
dtoilpe,0.5
dtojyzw,0.5
dtoyztn,0.5
dtpnmzl,0.5
dtpxlic,0.5
dtqpang,0.5
dtrfeqm,0.5
dtrqmkb,0.5
dtsryic,0.5
dttpjis,0.5
dttqyyh,0.5
dtuqyvd,0.5
dtuxllb,0.5
dtxbvqt,0.5
dtzyhpb,0.5
dudzijt,0.5
dudzppa,0.5
dueiidv,0.5
duelolw,0.5
duerhfo,0.5
duexsiq,0.5
dugdlvc,0.5
duglpil,0.5
duhzhie,0.5
dujivlv,0.5
dujtmth,0.5
dulawml,0.5
dulncti,0.5
dumiybc,0.5
duntuqr,0.5
duortyk,0.5
dupkvoc,0.5
duqfbwy,0.5
duralqe,0.5
durcnye,0.5
durketw,0.5
dussbnw,0.5
dusvukg,0.5
dutqdxw,0.5
duvchiv,0.5
duxkwue,0.5
duxnajf,0.5
duxqonu,0.5
duyqifg,0.5
dvacvop,0.5
dvamdnf,0.5
dvaxuuq,0.5
dvczopx,0.5
dvdbifm,0.5
dvdxwtl,0.5
dvejcvt,0.5
dvepicc,0.5
dvfikbh,0.5
dvgitnb,0.5
dvgkyta,0.5
dvgwaqv,0.5
dvifinj,0.5
dviialn,0.5
dvjepnh,0.5
dvkcrza,0.5
dvkvzuc,0.5
dvkzomq,0.5
dvlhjug,0.5
dvljgch,0.5
dvmmirp,0.5
dvmmysb,0.5
dvnjkmp,0.5
dvnuvfx,0.5
dvopmat,0.5
dvoytib,0.5
dvozumx,0.5
dvpktnb,0.5
dvplplb,0.5
dvriclu,0.5
dvrtvoc,0.5
dvsdkdu,0.5
dvsgzrs,0.5
dvspbih,0.5
dvsyjeh,0.5
dvtiyfm,0.5
dvuzbon,0.5
dvviwrb,0.5
dvvntlx,0.5
dvwgbje,0.5
dvxpqaq,0.5
dvxuxxs,0.5
dvytmfp,0.5
dvzegfh,0.5
dvzsxci,0.5
dvzxtah,0.5
dwaawvn,0.5
dwajdfh,0.5
dwakiyk,0.5
dwbtrrr,0.5
dwcopve,0.5
dwdjyca,0.5
dwdopfk,0.5
dwdvzwy,0.5
dwdxigy,0.5
dwebwhp,0.5
dwefgdp,0.5
dwfdjyi,0.5
dwfugfs,0.5
dwgnkeu,0.5
dwijxnq,0.5
dwkrsdi,0.5
dwlwimb,0.5
dwmhyix,0.5
dwmulnk,0.5
dwnmdvv,0.5
dwnrwul,0.5
dwoxfsg,0.5
dwrwwwl,0.5
dwwfdjl,0.5
dwwjqzo,0.5
dwxqqob,0.5
dwxwlhp,0.5
dwzjncl,0.5
dwzkjla,0.5
dxapndr,0.5
dxbhwes,0.5
dxbnagv,0.5
dxcakfi,0.5
dxcudbg,0.5
dxeovgv,0.5
dxfhcyr,0.5
dxfnjdh,0.5
dxgdkxq,0.5
dxgoxxg,0.5
dxhijzq,0.5
dxhwfcx,0.5
dxirrkm,0.5
dxkggct,0.5
dxkpcbx,0.5
dxlnncf,0.5
dxlpvap,0.5
dxobfxh,0.5
dxpxvtz,0.5
dxrysfa,0.5
dxsqmbf,0.5
dxudded,0.5
dxuecqu,0.5
dxwghwm,0.5
dxwjrze,0.5
dxxmmmv,0.5
dxycivs,0.5
dxyumad,0.5
dyaowln,0.5
dybpjxu,0.5
dybrxlv,0.5
dydjkpp,0.5
dyfigkl,0.5
dyihhqd,0.5
dyjzeik,0.5
dykmxmy,0.5
dymesxt,0.5
dynwedu,0.5
dyoljrb,0.5
dypgync,0.5
dypuzkr,0.5
dyqznug,0.5
dyrdskd,0.5
dysmmju,0.5
dytlirj,0.5
dyvnlhs,0.5
dyvolvg,0.5
dywhemi,0.5
dyxfdao,0.5
dyzltzg,0.5
dzafpvp,0.5
dzatzye,0.5
dzbjxtc,0.5
dzbtrtk,0.5
dzcftrn,0.5
dzfqyzj,0.5
dzfvrik,0.5
dzgxmdr,0.5
dzhvasq,0.5
dzipevk,0.5
dzkbeif,0.5
dzkdpxw,0.5
dzlhehr,0.5
dzluhnm,0.5
dzmdvjt,0.5
dzmhkuc,0.5
dzskulk,0.5
dzuscru,0.5
dzvksej,0.5
dzwwvzt,0.5
dzyjkjk,0.5
dzzhssv,0.5
eaagzay,0.5
eabkfnj,0.5
eabpnep,0.5
eabszlt,0.5
eabxxdr,0.5
eacspvl,0.5
eadzjhx,0.5
eaeausc,0.5
eaetgsd,0.5
eafhlrn,0.5
eafictv,0.5
eagfvyc,0.5
eahlejf,0.5
eamfmjl,0.5
eamqcmh,0.5
eamspss,0.5
eanobju,0.5
eapgyok,0.5
eappuxy,0.5
eapxkbj,0.5
earayxx,0.5
easjthb,0.5
easzpgk,0.5
eatuhcl,0.5
eaurcpt,0.5
eauykfv,0.5
eavqtjj,0.5
eawyzow,0.5
eazfvxv,0.5
ebcgfoa,0.5
ebcolqg,0.5
ebecpsi,0.5
ebfbeux,0.5
ebgvaiu,0.5
ebhbgiz,0.5
ebimmse,0.5
ebjtffk,0.5
ebltqar,0.5
ebmgwgj,0.5
ebmjoqd,0.5
ebnizhl,0.5
ebnkxxg,0.5
ebqjpci,0.5
ebselog,0.5
ebsvpel,0.5
ebtbbui,0.5
ebtbhfz,0.5
ebteece,0.5
ebtfhwr,0.5
eburtgc,0.5
ebvgzqk,0.5
ebxhmet,0.5
ebxpqwv,0.5
ebyrjlh,0.5
ebzaofp,0.5
ecafewr,0.5
ecapnhw,0.5
eccfapj,0.5
ececcia,0.5
ecfhdiz,0.5
ecfuukc,0.5
ecgemxf,0.5
ecgwkkt,0.5
echioqu,0.5
echixra,0.5
ecitlxm,0.5
ecjctsi,0.5
eckcigd,0.5
ecktobe,0.5
eclpdrj,0.5
eclvxvn,0.5
ecnbumo,0.5
ecnqdhq,0.5
ecntenj,0.5
ecouvyq,0.5
ecoviri,0.5
ecrderx,0.5
ecrhidx,0.5
ecrodwz,0.5
ecurqxk,0.5
ecwkhqv,0.5
ecxzikf,0.5
ecyunpe,0.5
eczuclh,0.5
edamihh,0.5
edanrak,0.5
edarfqf,0.5
edazmde,0.5
edcdmri,0.5
eddpckf,0.5
edevboq,0.5
edfxgyq,0.5
edgngiz,0.5
edikknk,0.5
ediwlcy,0.5
edjkkfw,0.5
edlvjxo,0.5
edlymxf,0.5
ednxpvq,0.5
edqqtnv,0.5
edsvprl,0.5
edsvyor,0.5
edswvag,0.5
edtwote,0.5
eduzuoy,0.5
edvbfcm,0.5
edvpqek,0.5
edxbfrn,0.5
edxshyz,0.5
edyfegt,0.5
edyhnst,0.5
edyqbwe,0.5
edyrjgs,0.5
edyylbp,0.5
edzhzcx,0.5
edzjnft,0.5
edzsidk,0.5
edztslm,0.5
eeakpof,0.5
eealfpw,0.5
eebwgjq,0.5
eeccldh,0.5
eedetuv,0.5
eeedmjv,0.5
eeftori,0.5
eegbnsq,0.5
eegnzbr,0.5
eegozam,0.5
eehbzjb,0.5
eehmmfh,0.5
eehmutz,0.5
eeiryhr,0.5
eejzqxp,0.5
eekhehe,0.5
eekreao,0.5
eelsoke,0.5
eemaxws,0.5
eemohck,0.5
eenbmao,0.5
eenmnjt,0.5
eenpoad,0.5
eepptuz,0.5
eepsjxn,0.5
eeqcfwa,0.5
eeqmlri,0.5
eeqpmcz,0.5
eeruray,0.5
eessizd,0.5
eesvugx,0.5
eesxrfb,0.5
eetwonh,0.5
eeufppb,0.5
eeweslq,0.5
eewlbyg,0.5
eewudoc,0.5
eexhebr,0.5
eexrnrd,0.5
eeycccm,0.5
eeygoiz,0.5
efantac,0.5
efaysgj,0.5
efblldk,0.5
efdaxeo,0.5
efdslgz,0.5
efgbexv,0.5
efhnaow,0.5
efjmlhl,0.5
efjnmdl,0.5
efmbvpj,0.5
efmvlzf,0.5
efnkzzq,0.5
efosweh,0.5
efpavrg,0.5
efpokmw,0.5
efqrmzq,0.5
efrfrxt,0.5
efrlxia,0.5
efslnhl,0.5
eftwiuq,0.5
efudpnp,0.5
efwfghz,0.5
efwjaus,0.5
efyrnuu,0.5
egaamcv,0.5
egatxyf,0.5
egbdtxo,0.5
egbvgnw,0.5
egccbdu,0.5
egcssuv,0.5
egcurth,0.5
egdugyv,0.5
egecmoh,0.5
egfkcgw,0.5
eggmzdp,0.5
eggqqfl,0.5
eghkkbb,0.5
eghklby,0.5
egibagf,0.5
egiwhda,0.5
egjmkmm,0.5
egkfveb,0.5
egkofgx,0.5
eglubsf,0.5
egmqxxz,0.5
egnfnli,0.5
egnjmev,0.5
egnqybp,0.5
egooalq,0.5
egqgpar,0.5
egrvurw,0.5
egsfqxi,0.5
egshxki,0.5
egtlibe,0.5
eguubou,0.5
egvgufo,0.5
egwdlik,0.5
egxscoo,0.5
egxsows,0.5
egybcnp,0.5
egyicod,0.5
egzpkbv,0.5
egztlij,0.5
ehacduu,0.5
ehdocac,0.5
ehfydhx,0.5
ehgfpnz,0.5
ehipdjx,0.5
ehjtrwc,0.5
ehjttqa,0.5
ehkdbps,0.5
ehksccj,0.5
ehlgbgq,0.5
ehlpzbx,0.5
ehlysus,0.5
ehmkvbz,0.5
ehmohxr,0.5
ehoqeah,0.5
ehoufgr,0.5
ehsyvwx,0.5
ehtegio,0.5
ehuolmw,0.5
ehusqrj,0.5
ehwugzd,0.5
ehwzwrt,0.5
ehyvrqb,0.5
ehzotsh,0.5
ehzwdrg,0.5
eiakbxu,0.5
eicespx,0.5
eidswum,0.5
eieoyho,0.5
eietbfh,0.5
eigilox,0.5
eijotxc,0.5
eikpcgr,0.5
eilqrgm,0.5
eimofdj,0.5
einjyba,0.5
einorce,0.5
eioonzy,0.5
eiplkay,0.5
eiprbfx,0.5
eipxqob,0.5
eiqgdtg,0.5
eirbbhs,0.5
eistvmn,0.5
eithvfn,0.5
eivrpvj,0.5
eiwpzjk,0.5
eixiiic,0.5
eixndbl,0.5
ejabvvo,0.5
ejaffpb,0.5
ejaklaq,0.5
ejamxoa,0.5
ejarvsh,0.5
ejcqhmv,0.5
ejcufvz,0.5
ejdfuor,0.5
ejfiirx,0.5
ejhgjos,0.5
ejitxye,0.5
ejiwsej,0.5
ejizuiw,0.5
ejjgafb,0.5
ejkfbzh,0.5
ejmrcyk,0.5
ejnrvbr,0.5
ejnvroc,0.5
ejpbfhg,0.5
ejqaqjq,0.5
ejqifct,0.5
ejqznna,0.5
ejrxdhy,0.5
ejtszzc,0.5
ejulzdd,0.5
ejvasbw,0.5
ejveelp,0.5
ejxrbrd,0.5
ejxzhao,0.5
ekafxpd,0.5
ekapcji,0.5
ekbowsx,0.5
ekccfap,0.5
ekcwujb,0.5
ekgavjp,0.5
ekgnuvs,0.5
ekgueyj,0.5
ekigllq,0.5
ekimnvj,0.5
ekkdckr,0.5
eklcsta,0.5
ekmjaov,0.5
ekmljda,0.5
ekobtai,0.5
ekpfidb,0.5
ekqifis,0.5
ekrmbyx,0.5
eksprnw,0.5
ekuzsvu,0.5
ekvhlsc,0.5
ekvijgc,0.5
ekvxaov,0.5
ekwoexj,0.5
ekxrsvg,0.5
ekyrxku,0.5
ekzvciv,0.5
elbblus,0.5
eldunfh,0.5
eledecv,0.5
eledwyv,0.5
elgcucg,0.5
elhdsiw,0.5
elhonij,0.5
elibcpv,0.5
elizvsz,0.5
elkvfdm,0.5
elmnmde,0.5
elmuxgy,0.5
elqgevj,0.5
elsdkvq,0.5
elsskyp,0.5
eltapru,0.5
eltgdru,0.5
elttknn,0.5
eluobtf,0.5
elwmzfu,0.5
elxzzvc,0.5
elyrmop,0.5
elzasdp,0.5
elzbrff,0.5
emcypvk,0.5
emefcrq,0.5
emehmfa,0.5
emfibkc,0.5
emfztqb,0.5
emfzxyw,0.5
emgcylc,0.5
emgoydq,0.5
emgxkbc,0.5
emhwuoi,0.5
emieprm,0.5
emitsim,0.5
emlqhgo,0.5
emmrhyg,0.5
emncucb,0.5
emottjx,0.5
emqikou,0.5
emriiir,0.5
emrjwdk,0.5
emunalh,0.5
emyytmq,0.5
emznuls,0.5
emzwiwh,0.5
encjvei,0.5
endtmoe,0.5
enhhlpg,0.5
enhwqsl,0.5
enixkcd,0.5
enjpkje,0.5
enjxdfg,0.5
enkeyyx,0.5
enkmnic,0.5
enkrueq,0.5
enkszfq,0.5
enlnodt,0.5
enlrrae,0.5
enmheqx,0.5
enmonho,0.5
enmsjva,0.5
ennhtjj,0.5
ennjodr,0.5
ennknxh,0.5
enoxsup,0.5
enpaywm,0.5
enpwtqn,0.5
ensmewa,0.5
enszhri,0.5
entmmkz,0.5
envmecd,0.5
enwajkj,0.5
enwrcve,0.5
enwzsqe,0.5
enxdpvg,0.5
enyaxsk,0.5
enydtxs,0.5
enzbcnt,0.5
eobjfmf,0.5
eobyxzh,0.5
eoeuhdd,0.5
eoevauk,0.5
eofyjnk,0.5
eofytwm,0.5
eogczsh,0.5
eogqlrf,0.5
eogxvge,0.5
eohbhbu,0.5
eohpafx,0.5
eoidxzq,0.5
eoignao,0.5
eoijkly,0.5
eoitcrf,0.5
eojesvt,0.5
eokhpdn,0.5
eomtgmn,0.5
eonngfo,0.5
eoosalw,0.5
eopssik,0.5
eopvane,0.5
eoqlrkf,0.5
eoqtmqf,0.5
eosquog,0.5
eosvbej,0.5
eotcsta,0.5
eoubxzf,0.5
eoupgjz,0.5
eoxpktc,0.5
eoytiat,0.5
epbakom,0.5
epebvau,0.5
epehkhz,0.5
epfdrdh,0.5
epflzyr,0.5
epfrfsm,0.5
epfvsjs,0.5
epgdufo,0.5
epglfca,0.5
ephhqco,0.5
epiqzbs,0.5
epjkajv,0.5
epjseou,0.5
epkxxzb,0.5
eploxls,0.5
epmvfun,0.5
epnlrrd,0.5
epntvpi,0.5
epnwyvv,0.5
epoqtes,0.5
epqoajt,0.5
epqpbly,0.5
eprcnjy,0.5
eprhwaz,0.5
eprindw,0.5
eprwhdv,0.5
epsfchb,0.5
epsyumg,0.5
epubjej,0.5
epucxwo,0.5
epuekqj,0.5
epvdmpr,0.5
epvmxwj,0.5
epwimyx,0.5
epwlofi,0.5
epylbge,0.5
eqamyap,0.5
eqapzkh,0.5
eqcjzek,0.5
eqdrdjb,0.5
eqeighx,0.5
eqhbcwb,0.5
eqhgpgd,0.5
eqhvhzz,0.5
eqibflr,0.5
eqjtpry,0.5
eqkrenm,0.5
eqmdcmv,0.5
eqngtlg,0.5
eqnykrb,0.5
eqoagty,0.5
eqoeunj,0.5
eqplatr,0.5
eqpxdww,0.5
eqqlsmd,0.5
eqrrqsz,0.5
eqsvyaz,0.5
eqthwlv,0.5
eqtzoyk,0.5
equvino,0.5
equvpjm,0.5
eqvbuvi,0.5
eqwosnc,0.5
eqwucza,0.5
eqyxveb,0.5
eqzxsjw,0.5
erbvyne,0.5
ercgujx,0.5
ercirup,0.5
erclfjt,0.5
erdynhv,0.5
erfaibi,0.5
erfnwuf,0.5
ergpaix,0.5
ergtcnp,0.5
erhcnxu,0.5
erhtont,0.5
ermimlo,0.5
ernklrr,0.5
ernuqaf,0.5
ernweie,0.5
eroixfo,0.5
eronswk,0.5
erqigdy,0.5
ersbvkr,0.5
eruklfg,0.5
erurxht,0.5
ervcwzf,0.5
ervgufm,0.5
ervngur,0.5
ervqohd,0.5
eryvnne,0.5
eryylsr,0.5
eryzhlm,0.5
erztrcp,0.5
esaaksj,0.5
esadzsf,0.5
esaibxa,0.5
esazdmv,0.5
esbckwo,0.5
esdtggl,0.5
esdvopx,0.5
esevche,0.5
esibimo,0.5
esjrtjo,0.5
eskwlae,0.5
eskxhbu,0.5
esnklqu,0.5
esnmcoz,0.5
esoktkj,0.5
esoutxm,0.5
esuorlv,0.5
esuyuwp,0.5
esvfbdz,0.5
eswjlqd,0.5
esxuoav,0.5
etcvslg,0.5
etdxnxh,0.5
eteqxvs,0.5
etggzmn,0.5
etgnmsy,0.5
etgzslu,0.5
ethofkg,0.5
ethwfiw,0.5
etiwzzn,0.5
etjhurz,0.5
etluugk,0.5
etombkt,0.5
etphqcn,0.5
etrkyjn,0.5
ettmfbl,0.5
etubmdl,0.5
etuqhgr,0.5
etvffpj,0.5
etwbear,0.5
etxcprb,0.5
etxzroq,0.5
etzlumv,0.5
eubdayc,0.5
eudsmel,0.5
euedgxl,0.5
eueuwjb,0.5
eugtqun,0.5
eujypkt,0.5
eukptdw,0.5
eumitlk,0.5
euniodx,0.5
eunxtfa,0.5
euokuld,0.5
euplnts,0.5
eupxzdo,0.5
euqwobh,0.5
eutfthh,0.5
euugetk,0.5
euvmmne,0.5
euwirzc,0.5
euwsnvs,0.5
euyaoma,0.5
euyfbqp,0.5
euyibue,0.5
euznaqc,0.5
euzzgui,0.5
evcanyl,0.5
evcmgjw,0.5
evdqdjq,0.5
evdwrew,0.5
evenxra,0.5
evfbkgw,0.5
evflmer,0.5
evfzlrv,0.5
evgcnvt,0.5
evgzbzf,0.5
evhjhjh,0.5
evigvmd,0.5
eviucyr,0.5
evivyni,0.5
evixpct,0.5
evizsws,0.5
evjkgct,0.5
evkiafh,0.5
evltbdy,0.5
evmjiab,0.5
evmsmuj,0.5
evomlfu,0.5
evpytoq,0.5
evqizfx,0.5
evqvrqk,0.5
evszeom,0.5
evufkoe,0.5
evugyuw,0.5
evujfoz,0.5
evvmlrc,0.5
evvymvc,0.5
evwpttf,0.5
evwvomq,0.5
evwxtfo,0.5
evzaaxt,0.5
evzblox,0.5
ewajuwb,0.5
ewbrmlt,0.5
ewbstft,0.5
ewdnfis,0.5
ewgyjnj,0.5
ewhqwez,0.5
ewihmzu,0.5
ewixcep,0.5
ewjctxb,0.5
ewlozxt,0.5
ewlqvvd,0.5
ewlxjhu,0.5
ewmidmq,0.5
ewmtuiz,0.5
ewmxnxy,0.5
ewmzaop,0.5
ewncabk,0.5
ewnzpcr,0.5
ewokrhm,0.5
ewppugv,0.5
ewptxix,0.5
ewsldfn,0.5
ewuxucn,0.5
ewvqmtr,0.5
ewydpyl,0.5
ewyfsbv,0.5
ewyhvjs,0.5
ewyhwdy,0.5
ewyqpyd,0.5
ewzhutq,0.5
ewzldzm,0.5
ewzqzfg,0.5
exacaqr,0.5
exadyry,0.5
exbswaj,0.5
exbtqjy,0.5
exdtxhe,0.5
exearke,0.5
execyrk,0.5
exguukv,0.5
exjtroe,0.5
exkpasc,0.5
exktpgx,0.5
exkznkn,0.5
exlqixj,0.5
exnzhqp,0.5
exofcvo,0.5
exoxvwi,0.5
expeszo,0.5
exqeqtx,0.5
exqudfy,0.5
exqvngd,0.5
exripgv,0.5
exrldsy,0.5
exsfxgp,0.5
exsktta,0.5
exsrkjv,0.5
exsxeuh,0.5
extwhiv,0.5
exulbsb,0.5
exvdyrd,0.5
exvfreg,0.5
exvgndf,0.5
exwwlpm,0.5
exxvsbd,0.5
exysngo,0.5
exzgerd,0.5
eyapmoc,0.5
eyauxuo,0.5
eybtpia,0.5
eybuoqe,0.5
eyflkgs,0.5
eygsrxc,0.5
eygwvrl,0.5
eygymgm,0.5
eyhmnsm,0.5
eyiaqin,0.5
eyjikwp,0.5
eyjllvl,0.5
eykqpuo,0.5
eykrfgf,0.5
eymfady,0.5
eymffjl,0.5
eymmknp,0.5
eyqvkbd,0.5
eyrvrmv,0.5
eysgujf,0.5
eysyosk,0.5
eytsnbq,0.5
eyvdmiu,0.5
eywcdjq,0.5
eywyisj,0.5
eyxvlqe,0.5
eyydhfp,0.5
ezaumvm,0.5
ezblkcj,0.5
ezdnekx,0.5
ezeohhh,0.5
ezfepvj,0.5
ezfupmh,0.5
ezgcrvw,0.5
ezgeodj,0.5
ezhdhhp,0.5
ezknpsw,0.5
ezktoav,0.5
ezlfenr,0.5
eznoypg,0.5
ezocvhi,0.5
ezpnxro,0.5
ezptlxb,0.5
ezrcsoi,0.5
ezslqgj,0.5
ezubnbk,0.5
ezudixb,0.5
ezutplq,0.5
ezwivrg,0.5
ezxdnod,0.5
ezxgrpr,0.5
ezxowjw,0.5
ezybjiz,0.5
ezzldzi,0.5
facfjwl,0.5
fadsrzr,0.5
faemykc,0.5
fahmcpz,0.5
faibkiu,0.5
faibsfn,0.5
faivhng,0.5
fajdrxl,0.5
fajpkmv,0.5
faltpoq,0.5
fanjaqz,0.5
faoxbyr,0.5
faqinxc,0.5
farsfhb,0.5
fatsnfm,0.5
faupwth,0.5
fauqury,0.5
fauymjv,0.5
fawkpnf,0.5
fawqbrn,0.5
faxpsfw,0.5
faydvpj,0.5
fazexkf,0.5
fbanmec,0.5
fbdidwj,0.5
fbdtqgx,0.5
fbebvbg,0.5
fbfbwje,0.5
fbfiyam,0.5
fbfjhzh,0.5
fbfuylp,0.5
fbgbmql,0.5
fbgdhkt,0.5
fbiffdj,0.5
fbjosnx,0.5
fbjzkay,0.5
fbkcvxj,0.5
fblzzdp,0.5
fbmgmkg,0.5
fbqpvun,0.5
fbsicea,0.5
fbuanqm,0.5
fbvfvno,0.5
fbvtccs,0.5
fbwqiad,0.5
fcaeiov,0.5
fcbqqkl,0.5
fcbyzkh,0.5
fccocws,0.5
fcddxun,0.5
fcewhzp,0.5
fcfhgry,0.5
fchhkeu,0.5
fchigqo,0.5
fchtezh,0.5
fcipqxk,0.5
fcjfhek,0.5
fclzqse,0.5
fcmpktz,0.5
fcmrguc,0.5
fcnohhw,0.5
fcofjtz,0.5
fcpshfo,0.5
fcrvpor,0.5
fcuikne,0.5
fcummkv,0.5
fcwaabn,0.5
fcwcbzu,0.5
fcyhohz,0.5
fcyojzg,0.5
fcyzaiw,0.5
fdaarpj,0.5
fdawpqi,0.5
fdcifai,0.5
fdcpvca,0.5
fddveqd,0.5
fdfmjkq,0.5
fdfuhpx,0.5
fdgjarp,0.5
fdgsaoh,0.5
fdgsepg,0.5
fdhysbp,0.5
fdjlwjr,0.5
fdlsgrl,0.5
fdlwvwq,0.5
fdmdvla,0.5
fdnhemv,0.5
fdphtne,0.5
fdrahyg,0.5
fdrwfrc,0.5
fdskcrg,0.5
fdvfikk,0.5
fdxitdp,0.5
fdxndld,0.5
febhazd,0.5
febskog,0.5
fecvysr,0.5
feecujv,0.5
feefnab,0.5
fefkmwd,0.5
feginyv,0.5
fegokwx,0.5
fegzfbb,0.5
fehgxam,0.5
feipsvp,0.5
feiumuc,0.5
fejcfsd,0.5
fejmfnx,0.5
fekgezw,0.5
fekikzm,0.5
fekxtyg,0.5
fekzhsz,0.5
fennnos,0.5
fenpjwt,0.5
feovaje,0.5
fepqcxl,0.5
feqmvgp,0.5
ferfqmw,0.5
fetixti,0.5
fetlqsn,0.5
fetrwoc,0.5
feuctel,0.5
feuisss,0.5
feutanr,0.5
fewkycm,0.5
fexaxcp,0.5
fexrihm,0.5
fextsxc,0.5
feygobs,0.5
feyhmwi,0.5
fezplvx,0.5
ffabcgw,0.5
ffadlop,0.5
ffarymv,0.5
ffcakpq,0.5
ffciabo,0.5
ffckofe,0.5
ffcmiyg,0.5
ffcnpwu,0.5
ffemktl,0.5
fffbnci,0.5
fffjqcw,0.5
ffggjyr,0.5
ffggmhl,0.5
ffhsbax,0.5
ffhzwpx,0.5
ffildtv,0.5
ffjdjoo,0.5
ffjqkoi,0.5
ffkppwz,0.5
fflzwgr,0.5
ffnmunj,0.5
ffobzdq,0.5
ffoercm,0.5
ffoyanl,0.5
ffpbuwk,0.5
ffqdwcs,0.5
ffrjmtl,0.5
ffsumai,0.5
fftyemt,0.5
ffwtvrn,0.5
ffxahnx,0.5
ffzbnoz,0.5
ffzhkzz,0.5
fgajpkb,0.5
fgarhaj,0.5
fgcyuge,0.5
fgdfpzl,0.5
fgfjchj,0.5
fgfjmju,0.5
fggazfo,0.5
fggfxok,0.5
fggoxxk,0.5
fggszjs,0.5
fghainr,0.5
fghsxqe,0.5
fghxull,0.5
fgjkpul,0.5
fglpeiz,0.5
fgluhwp,0.5
fglygio,0.5
fgmhgqx,0.5
fgmlcfw,0.5
fgnpwbw,0.5
fgohylc,0.5
fgpjmjn,0.5
fgtgrzx,0.5
fgtmqum,0.5
fgtmycr,0.5
fgtozjx,0.5
fgtscpa,0.5
fgujalm,0.5
fguneze,0.5
fguuaas,0.5
fgvrioo,0.5
fgwimdj,0.5
fgygljw,0.5
fgyimhf,0.5
fgyonep,0.5
fgzgvuv,0.5
fhbenwa,0.5
fhbpjcu,0.5
fhcitca,0.5
fhcmyxb,0.5
fhdcjsj,0.5
fhdrniu,0.5
fhejkwm,0.5
fheyjqz,0.5
fhfbmnv,0.5
fhgnlqm,0.5
fhhbvre,0.5
fhhqzho,0.5
fhiczcz,0.5
fhiizpu,0.5
fhiqztw,0.5
fhjlraq,0.5
fhjqhrq,0.5
fhkbgff,0.5
fhkpfyz,0.5
fhlkalp,0.5
fhmbqek,0.5
fhmqwpt,0.5
fhobjow,0.5
fhoydgy,0.5
fhrpckd,0.5
fhticlx,0.5
fhunsed,0.5
fhwccrb,0.5
fhxjgig,0.5
fhxqvpt,0.5
fiaawmx,0.5
fibrawj,0.5
fieqpre,0.5
fifnaty,0.5
fifqqei,0.5
fifzjxm,0.5
fihaypf,0.5
fihouii,0.5
fiigamt,0.5
fiikvxf,0.5
fijglhu,0.5
fikpajh,0.5
filrhab,0.5
filukgq,0.5
fiocwim,0.5
fipihlc,0.5
fiqekyb,0.5
firjkux,0.5
firzktk,0.5
fisjnjr,0.5
fitokpa,0.5
fitqjjt,0.5
fiufvce,0.5
fiugtfb,0.5
fiurhnn,0.5
fiyaotq,0.5
fizrrmt,0.5
fjagcli,0.5
fjaushm,0.5
fjcibfp,0.5
fjcpuln,0.5
fjcwqph,0.5
fjdvggp,0.5
fjebpfi,0.5
fjedlzl,0.5
fjephmq,0.5
fjeuzig,0.5
fjgaemg,0.5
fjgeykt,0.5
fjhrffj,0.5
fjiklsm,0.5
fjjabkw,0.5
fjjxont,0.5
fjkogmg,0.5
fjkpeng,0.5
fjmvnnp,0.5
fjnexnx,0.5
fjpbujj,0.5
fjrhxfp,0.5
fjvsbai,0.5
fjvtrxf,0.5
fjwkqwz,0.5
fjxfive,0.5
fjyidbd,0.5
fjyjgcx,0.5
fjzibwn,0.5
fjznpfu,0.5
fkaqgno,0.5
fkbseac,0.5
fkbwltm,0.5
fkbwywl,0.5
fkecehb,0.5
fkflyon,0.5
fkhpcpa,0.5
fkhyuub,0.5
fkjwkvp,0.5
fkktosg,0.5
fkkwrmo,0.5
fkkxiph,0.5
fkmvhkd,0.5
fkndimb,0.5
fknfmzc,0.5
fkojdqj,0.5
fkokvce,0.5
fkpcxlu,0.5
fkqbjzd,0.5
fktcjvf,0.5
fktksks,0.5
fkulvuv,0.5
fkwxaho,0.5
fkxnyku,0.5
fkyfaqd,0.5
fkyrsnw,0.5
fkyxwfv,0.5
fkzxfiz,0.5
flcccmj,0.5
flcoiew,0.5
flfzted,0.5
flhmcty,0.5
flibrmj,0.5
flikykc,0.5
fllhksf,0.5
flnmbar,0.5
flodwun,0.5
flpepwi,0.5
flsayum,0.5
flswwwp,0.5
fluetzf,0.5
fluwnis,0.5
flvpbdu,0.5
flypqwf,0.5
flyzubq,0.5
flzmrrl,0.5
flzxiba,0.5
flzxvwh,0.5
fmadije,0.5
fmadsjf,0.5
fmbungr,0.5
fmcvlqu,0.5
fmcyzir,0.5
fmeafju,0.5
fmenayi,0.5
fmfkhhg,0.5
fmibcyu,0.5
fmjhpur,0.5
fmjrhwe,0.5
fmkpcnj,0.5
fmkqnad,0.5
fmkqwbr,0.5
fmmzfxw,0.5
fmojnbp,0.5
fmoncxr,0.5
fmpxsrc,0.5
fmrdgjq,0.5
fmteapc,0.5
fmthrxp,0.5
fmuyumq,0.5
fmxuxlu,0.5
fnarbai,0.5
fndtnml,0.5
fndwmci,0.5
fnedpio,0.5
fnftbvn,0.5
fngjztc,0.5
fngmqjt,0.5
fnlrqhx,0.5
fnmkgtt,0.5
fnmuynt,0.5
fnpbkvz,0.5
fnploaa,0.5
fnrmyxf,0.5
fnrohyz,0.5
fntdeky,0.5
fnuchuy,0.5
fnugira,0.5
fnvbykb,0.5
fnviujm,0.5
fnvjzne,0.5
fnwwfrb,0.5
fnzvjci,0.5
foanqxg,0.5
fobszfg,0.5
focktcq,0.5
fodzvqc,0.5
foeejov,0.5
fofmwad,0.5
fohfvnt,0.5
foiieug,0.5
fojpcmw,0.5
fokfktl,0.5
foleqfj,0.5
fombatj,0.5
fommrob,0.5
fomqqqy,0.5
fonppck,0.5
fonzolg,0.5
footnaf,0.5
forztig,0.5
foukmfa,0.5
foyecpr,0.5
foypfiy,0.5
fozkitx,0.5
fpcfmjs,0.5
fpeikfv,0.5
fpepfyk,0.5
fphcerf,0.5
fpiktes,0.5
fpjchca,0.5
fpklwur,0.5
fpkriuf,0.5
fpkxcfx,0.5
fpllknq,0.5
fplubbo,0.5
fpmelrq,0.5
fpmgieq,0.5
fpnghoo,0.5
fpnmoaq,0.5
fppwsyt,0.5
fptdmgq,0.5
fpuylmr,0.5
fpvpeyo,0.5
fpwikvs,0.5
fpwinds,0.5
fpwkalk,0.5
fpwpkde,0.5
fpzqagq,0.5
fpzrqlw,0.5
fqacavm,0.5
fqbsphh,0.5
fqcybrz,0.5
fqfgzyf,0.5
fqflqeu,0.5
fqghdai,0.5
fqhfstf,0.5
fqhkhcf,0.5
fqhrntj,0.5
fqjjfij,0.5
fqkjanf,0.5
fqlgeqo,0.5
fqmskez,0.5
fqmxrmf,0.5
fqncuzp,0.5
fqnvvrq,0.5
fqplhkw,0.5
fqsxbbx,0.5
fqtqcxe,0.5
fqufljs,0.5
fqvbwov,0.5
fqvsoqq,0.5
fqvuafq,0.5
fqwxskg,0.5
fqzdspf,0.5
frbolgj,0.5
frdufwc,0.5
frdugcr,0.5
freijir,0.5
frffezp,0.5
frfiesa,0.5
frfqogx,0.5
frfreim,0.5
frgkfxn,0.5
frhbepo,0.5
frhzvgf,0.5
frhzwgr,0.5
friceas,0.5
frirked,0.5
friyqky,0.5
frkkswz,0.5
frmcauv,0.5
frmjdcx,0.5
frmprvu,0.5
frmvulw,0.5
frnecbd,0.5
frnxpwj,0.5
frowzof,0.5
frshamk,0.5
frtdlns,0.5
frthiwf,0.5
fruwzri,0.5
frvnspw,0.5
frvpzur,0.5
frwxwgj,0.5
frxjltx,0.5
frzsyqr,0.5
fsdxrgx,0.5
fsejfbj,0.5
fseltfg,0.5
fseltpn,0.5
fsfykff,0.5
fsgzhuj,0.5
fsilyzq,0.5
fsincql,0.5
fsjugep,0.5
fsjwdyi,0.5
fsmdigt,0.5
fsmnrgk,0.5
fsmpbnc,0.5
fsoczij,0.5
fsoxzfe,0.5
fspggrv,0.5
fspxekv,0.5
fsqnxao,0.5
fsriled,0.5
fsrxtda,0.5
fsrzsrd,0.5
fssmybo,0.5
fstszol,0.5
fsufpgs,0.5
fsuhhqt,0.5
fsuhpkt,0.5
fsvhcye,0.5
fsvpmtg,0.5
fsvslqs,0.5
fswlmll,0.5
fsxunni,0.5
fsxxisz,0.5
fsyetvn,0.5
fsyleck,0.5
fsymjfg,0.5
ftabglt,0.5
ftckqvx,0.5
ftcsgke,0.5
ftdtcnl,0.5
ftdwcvs,0.5
ftfvyuz,0.5
ftfwnec,0.5
fthrplm,0.5
fthsgjf,0.5
ftkkudl,0.5
ftkloyc,0.5
ftlhpwm,0.5
ftnifmz,0.5
ftnldhh,0.5
ftnohnh,0.5
ftojpyy,0.5
ftqepxh,0.5
ftsabev,0.5
ftsexgj,0.5
ftsuhwc,0.5
fttdhlq,0.5
ftuobuc,0.5
ftuvpky,0.5
ftxqtll,0.5
ftzgfhv,0.5
ftzrqme,0.5
fuagjke,0.5
fubidwr,0.5
fubrvyb,0.5
fubunjs,0.5
fucsjog,0.5
fudiylp,0.5
fueorin,0.5
fuevalb,0.5
fuexapa,0.5
fufgjqg,0.5
fufwttf,0.5
fuidhme,0.5
fuijnwk,0.5
fujcrvv,0.5
fujkplb,0.5
fujozsp,0.5
fukbdxx,0.5
fukbvgc,0.5
fukrihe,0.5
fukugvg,0.5
fulivdq,0.5
fumdids,0.5
fumsmon,0.5
funasku,0.5
fuqfxpm,0.5
fuqicmm,0.5
fuqsxln,0.5
fusaiyp,0.5
fusfctg,0.5
futwook,0.5
fuuatek,0.5
fuuqkqw,0.5
fuwudpd,0.5
fuxolgq,0.5
fuyxqvm,0.5
fuzmbpl,0.5
fuzrzmp,0.5
fvafbvc,0.5
fvatpvw,0.5
fvatwzs,0.5
fvaulfu,0.5
fvbudva,0.5
fvdjyhl,0.5
fvemgjv,0.5
fvguexf,0.5
fvicykg,0.5
fvjpmmv,0.5
fvkupgx,0.5
fvmjsqm,0.5
fvnncha,0.5
fvnquuw,0.5
fvoqsqb,0.5
fvqybml,0.5
fvrwxjt,0.5
fvsjoub,0.5
fvufitg,0.5
fvuntgw,0.5
fvuxmsz,0.5
fvxohcj,0.5
fvzbzru,0.5
fvzefkd,0.5
fwbefxk,0.5
fwcwbar,0.5
fwdmmsb,0.5
fwfmiqx,0.5
fwjjeti,0.5
fwkiriw,0.5
fwlynwn,0.5
fwmrdmf,0.5
fwmrxny,0.5
fwmxgwf,0.5
fwnjmbq,0.5
fwolrmr,0.5
fwovrfw,0.5
fwowspj,0.5
fwpbiqc,0.5
fwpbypp,0.5
fwpctqq,0.5
fwpwkob,0.5
fwqmedn,0.5
fwrhfgl,0.5
fwsnfun,0.5
fwszhie,0.5
fwuhxrk,0.5
fwwdtkm,0.5
fwwxits,0.5
fwzbxov,0.5
fwzmrkh,0.5
fxbcgtu,0.5
fxbgeyj,0.5
fxbhrct,0.5
fxcgijj,0.5
fxdhfje,0.5
fxdyldi,0.5
fxfybac,0.5
fxhmvmk,0.5
fxjbkgm,0.5
fxjpwhp,0.5
fxlxyqh,0.5
fxmysxu,0.5
fxoeugs,0.5
fxrhjgy,0.5
fxrhrul,0.5
fxtddyy,0.5
fxtkqel,0.5
fxufucy,0.5
fxvfbrd,0.5
fxviqry,0.5
fxvthud,0.5
fxwiiud,0.5
fxwtkhw,0.5
fxwwnrp,0.5
fxxghoo,0.5
fxyxthd,0.5
fxyzrgk,0.5
fxzhqng,0.5
fxzoitw,0.5
fyabfrp,0.5
fybkwoc,0.5
fybtwgt,0.5
fycynyc,0.5
fyekfkv,0.5
fyhmnqj,0.5
fyhvayu,0.5
fyhyfpb,0.5
fyiwrdp,0.5
fyjivhr,0.5
fyjzbpr,0.5
fyksksx,0.5
fyltzgc,0.5
fympkvd,0.5
fymsfbv,0.5
fymxoyi,0.5
fynyoki,0.5
fynzidc,0.5
fyoknme,0.5
fypatal,0.5
fypyett,0.5
fyqyeep,0.5
fyrmpqx,0.5
fysaijj,0.5
fytaoqm,0.5
fytddjo,0.5
fytjcnl,0.5
fyuinpu,0.5
fyumhjj,0.5
fyuooyp,0.5
fyvwclx,0.5
fywhwnn,0.5
fywjpmt,0.5
fywlwev,0.5
fywmnuw,0.5
fyznczj,0.5
fyzpajy,0.5
fzbfwvv,0.5
fzbuzyy,0.5
fzdnevd,0.5
fzervkt,0.5
fzfdnhl,0.5
fzfvnin,0.5
fzhewio,0.5
fzirtrs,0.5
fzizblq,0.5
fzjfpao,0.5
fzkbtnh,0.5
fzofqmx,0.5
fzoitkn,0.5
fzomqzw,0.5
fzplvga,0.5
fzrtouc,0.5
fzsybvi,0.5
fztvquh,0.5
fzulqpy,0.5
fzunhrd,0.5
fzvdyud,0.5
fzweyxr,0.5
fzwqkln,0.5
fzyvjhc,0.5
fzzknvo,0.5
fzzspnh,0.5
gabcjak,0.5
gabldun,0.5
gabpshq,0.5
gafvuax,0.5
gagwieu,0.5
gajfauy,0.5
gakszcf,0.5
galrbum,0.5
gantzwc,0.5
gaofzsj,0.5
gaquoai,0.5
garncou,0.5
gasbjwj,0.5
gasltez,0.5
gastcku,0.5
gauwdoe,0.5
gavqrvu,0.5
gavsfnu,0.5
gawjtuk,0.5
gaxkabn,0.5
gazdgpn,0.5
gazgozt,0.5
gbaryia,0.5
gbckyll,0.5
gbcpfnu,0.5
gbgkent,0.5
gbhmddj,0.5
gbhyhny,0.5
gbixcnv,0.5
gbjcszo,0.5
gbjfdor,0.5
gbjiics,0.5
gbjmtlw,0.5
gbjzsxx,0.5
gbkjxeq,0.5
gblocqu,0.5
gbmlyeg,0.5
gbphtdb,0.5
gbpucjx,0.5
gbqzyzx,0.5
gbrmqjh,0.5
gbrrlsi,0.5
gbsvahq,0.5
gbszprr,0.5
gbtbaau,0.5
gbtikbx,0.5
gbtlomt,0.5
gbtpiia,0.5
gbtpout,0.5
gbudoft,0.5
gbuvhly,0.5
gbvbcpt,0.5
gbwgniu,0.5
gbyennx,0.5
gbzsyvo,0.5
gcawmga,0.5
gcdbvmy,0.5
gcdhkrt,0.5
gceoxcp,0.5
gcffcen,0.5
gcfjara,0.5
gcfrdkk,0.5
gchbdwe,0.5
gchbqxr,0.5
gcibpoa,0.5
gckmehn,0.5
gckmulr,0.5
gckzkeh,0.5
gcmarir,0.5
gcoefhq,0.5
gcotosx,0.5
gcozgkr,0.5
gcragej,0.5
gcrjhyl,0.5
gcrlvdr,0.5
gcsjdyq,0.5
gcswsip,0.5
gctanvo,0.5
gctdipy,0.5
gctinuh,0.5
gcudewf,0.5
gcvqqei,0.5
gcvsghz,0.5
gcwfhmn,0.5
gcxcvqa,0.5
gczgrwm,0.5
gcztxuy,0.5
gdafgjy,0.5
gdbhaqu,0.5
gdccmmv,0.5
gdcezcm,0.5
gdczsts,0.5
gdedngo,0.5
gdeqmia,0.5
gdevmme,0.5
gdfqdzq,0.5
gdgenyr,0.5
gdhemso,0.5
gdhnrjt,0.5
gdiamdi,0.5
gdjbzcl,0.5
gdjraat,0.5
gdjsxcr,0.5
gdkltfm,0.5
gdkrwgy,0.5
gdlsgqj,0.5
gdmuzqd,0.5
gdmwfwj,0.5
gdnegtf,0.5
gdowvdv,0.5
gdpegbb,0.5
gdphlid,0.5
gdqctbg,0.5
gdsjcgh,0.5
gdtmorg,0.5
gduxkjx,0.5
gdxwokj,0.5
gdyfxlo,0.5
gdyhxgy,0.5
gdzbuyp,0.5
gdzkhju,0.5
gdzlwiz,0.5
gdzojxh,0.5
gearehq,0.5
gedzbym,0.5
geedfwg,0.5
geejjsu,0.5
gefxive,0.5
gegnuks,0.5
genyxki,0.5
gepmybk,0.5
gerpcaz,0.5
gerwrdm,0.5
gesbhpx,0.5
gewijvf,0.5
gewsuuv,0.5
gewwcvc,0.5
gfadmcx,0.5
gfbummk,0.5
gfdujhx,0.5
gfgeuqt,0.5
gfidrro,0.5
gfjdxmx,0.5
gfkgkgh,0.5
gfkoekk,0.5
gfllzfe,0.5
gfqdinh,0.5
gfqqxcg,0.5
gfrhqip,0.5
gfrxied,0.5
gfsyvxx,0.5
gftkoyz,0.5
gftpyiu,0.5
gftsxed,0.5
gfunodd,0.5
gfvrhpb,0.5
gfxvuhs,0.5
gfyfjar,0.5
gfzhbsp,0.5
ggadpop,0.5
ggarora,0.5
ggcjmvo,0.5
ggdjbcp,0.5
ggdxdny,0.5
ggebtxa,0.5
ggesdot,0.5
ggestxy,0.5
ggesxao,0.5
ggfojwx,0.5
gggeedg,0.5
ggjcuot,0.5
ggkfjqx,0.5
ggkynfp,0.5
gglnark,0.5
ggmeveh,0.5
ggmuogk,0.5
ggmzavx,0.5
ggnhvoe,0.5
ggnqkdr,0.5
ggpcxlu,0.5
ggpigtw,0.5
ggpqgul,0.5
ggqmopk,0.5
ggsrlxk,0.5
ggsxoqf,0.5
ggtfyeo,0.5
ggtgqns,0.5
ggtpdik,0.5
ggtyobg,0.5
ggucvxk,0.5
ggvcsob,0.5
ggvtbtg,0.5
ggwrwve,0.5
ggxlfkz,0.5
ggyugmo,0.5
ghboriq,0.5
ghclzad,0.5
ghdeaba,0.5
ghehsme,0.5
gheulzt,0.5
ghfkpqy,0.5
ghfwobd,0.5
ghhaxlp,0.5
ghholub,0.5
ghjnody,0.5
ghketug,0.5
ghlcmsp,0.5
ghlvuko,0.5
ghmbiuj,0.5
ghmfqhq,0.5
ghnjngf,0.5
ghpedim,0.5
ghqzdnr,0.5
ghrdvhg,0.5
ghrptoz,0.5
ghscoeb,0.5
ghuikpu,0.5
ghutekc,0.5
ghutgkg,0.5
ghwpjbo,0.5
ghxgewk,0.5
ghxojfy,0.5
ghzakfp,0.5
ghznugz,0.5
gibpngi,0.5
gibzycm,0.5
giclysv,0.5
gidchpd,0.5
gidesck,0.5
giefabg,0.5
giesxik,0.5
gifqwbg,0.5
gigtgkc,0.5
gigwcol,0.5
gigwpce,0.5
giinafn,0.5
gijqkgc,0.5
gijrhpc,0.5
gileljx,0.5
ginbquj,0.5
gindfic,0.5
ginrrnb,0.5
giojpsw,0.5
gioxqav,0.5
giozrjs,0.5
gipcdgr,0.5
gipeevv,0.5
gipjwfd,0.5
giqmsgd,0.5
giqymgf,0.5
giqyvzb,0.5
girbgdd,0.5
girryxz,0.5
girxpas,0.5
gisawdz,0.5
gisouxo,0.5
gistdhg,0.5
gitabac,0.5
gittayy,0.5
giuqgqt,0.5
givfgcb,0.5
gixbliy,0.5
gixszas,0.5
giygizq,0.5
giyymgz,0.5
giyztnl,0.5
gizddom,0.5
gjajqsy,0.5
gjbfsea,0.5
gjddnuj,0.5
gjebwji,0.5
gjeeebc,0.5
gjevqyn,0.5
gjexhgp,0.5
gjfcyoq,0.5
gjhmnbf,0.5
gjisodv,0.5
gjjepxs,0.5
gjjhcow,0.5
gjmegst,0.5
gjofjcd,0.5
gjoohgi,0.5
gjqbzqq,0.5
gjqgnwb,0.5
gjqoghu,0.5
gjqrrvm,0.5
gjqsckp,0.5
gjrjcik,0.5
gjtayyl,0.5
gjucypa,0.5
gjuprkj,0.5
gjuvebq,0.5
gjvgwbx,0.5
gjwaqws,0.5
gjwutqw,0.5
gjyleqe,0.5
gkbitro,0.5
gkcpusn,0.5
gkcswwf,0.5
gkcvngu,0.5
gkddrxy,0.5
gkechtk,0.5
gkeegxe,0.5
gkfegpf,0.5
gkfgbnr,0.5
gkgyufj,0.5
gkhmihg,0.5
gkhmqfs,0.5
gkiobrx,0.5
gkiyiro,0.5
gkjmzjj,0.5
gkldayx,0.5
gkmhven,0.5
gkmuckm,0.5
gkovkak,0.5
gkphodj,0.5
gkpsaem,0.5
gksbamf,0.5
gkskfbt,0.5
gkuwchi,0.5
gkvkrxn,0.5
gkvxhlt,0.5
gkxafmj,0.5
gkyahnd,0.5
gkykvdy,0.5
glaynty,0.5
glbzvmu,0.5
glcddbc,0.5
glcwxxw,0.5
gldaizl,0.5
gldzlhc,0.5
glfnjjm,0.5
glhgbdi,0.5
glhxpur,0.5
glhzcvm,0.5
gligpsj,0.5
glkxvha,0.5
glnsvsi,0.5
glpnodz,0.5
glqmxhf,0.5
glrozcx,0.5
glrrinm,0.5
glsgvap,0.5
glswuyj,0.5
glvtvkz,0.5
glwluyp,0.5
glycrww,0.5
gmcexsa,0.5
gmdxyfg,0.5
gmfdlqz,0.5
gmfstzx,0.5
gmgzgaa,0.5
gmhsdyk,0.5
gmifwmu,0.5
gmikalf,0.5
gmiyrnd,0.5
gmjajkc,0.5
gmjmsef,0.5
gmjxwom,0.5
gmkivdp,0.5
gmklhbp,0.5
gmktgqz,0.5
gmkucus,0.5
gmljqmg,0.5
gmlnfgm,0.5
gmlzrcq,0.5
gmmtnjh,0.5
gmofdod,0.5
gmpdksr,0.5
gmpqekh,0.5
gmspzlo,0.5
gmsqyfw,0.5
gmttzou,0.5
gmuixzy,0.5
gmulixa,0.5
gmvaohz,0.5
gmwonqe,0.5
gmymbxp,0.5
gmzmytv,0.5
gnaeuua,0.5
gnbgsup,0.5
gnczbrn,0.5
gnduhxh,0.5
gndzfcj,0.5
gnexgbu,0.5
gnfbfal,0.5
gnfwues,0.5
gnjkxvd,0.5
gnjmwkr,0.5
gnjvbii,0.5
gnlrxky,0.5
gnmdvjv,0.5
gnmjqbg,0.5
gnmjwwh,0.5
gnmuynl,0.5
gnmwjgl,0.5
gnnlhhj,0.5
gnnzokp,0.5
gnoodpk,0.5
gnpfphs,0.5
gnpthad,0.5
gnrigdf,0.5
gnrohpg,0.5
gnsjcso,0.5
gntlxwz,0.5
gntpmck,0.5
gnubvxh,0.5
gnwzgsl,0.5
gnxmsyt,0.5
gnyclbk,0.5
gnzfzem,0.5
gnzkoxf,0.5
goarnuu,0.5
gobwocg,0.5
goclqvj,0.5
gogubpt,0.5
gohcyhs,0.5
gohkhga,0.5
gomsmgk,0.5
gomwhrd,0.5
gonkgqd,0.5
gonkuyz,0.5
googufz,0.5
goosgpf,0.5
gootznk,0.5
goqatjo,0.5
gorfdvh,0.5
gorrzao,0.5
goubcju,0.5
goymgyp,0.5
goymqjk,0.5
goznggj,0.5
goznkrl,0.5
gpafpfv,0.5
gpatbzh,0.5
gpaxjbi,0.5
gpaxpvb,0.5
gpcpgtx,0.5
gpcyzqr,0.5
gpdpjqq,0.5
gpevxmj,0.5
gpgeead,0.5
gpgnoum,0.5
gphliia,0.5
gphtibl,0.5
gpicuox,0.5
gpjmatb,0.5
gpjuvht,0.5
gpkdnym,0.5
gplwxsn,0.5
gpnlprl,0.5
gpnpaba,0.5
gpppcmg,0.5
gpptvhd,0.5
gpqozfa,0.5
gprogiy,0.5
gpukgeg,0.5
gpvbyhv,0.5
gpwhnsu,0.5
gpwlqir,0.5
gpxpssm,0.5
gpyyomx,0.5
gqafame,0.5
gqawpve,0.5
gqbaiuk,0.5
gqbpsig,0.5
gqbwbsu,0.5
gqbypgv,0.5
gqcjjgo,0.5
gqcomrr,0.5
gqfljxr,0.5
gqfovqd,0.5
gqgbcxs,0.5
gqgemqo,0.5
gqhfhpn,0.5
gqhzlsc,0.5
gqilxtq,0.5
gqjdgaa,0.5
gqktjhf,0.5
gqoplxz,0.5
gqppbqb,0.5
gqqihar,0.5
gqreslp,0.5
gqrjqzj,0.5
gqshtve,0.5
gqsjsrd,0.5
gqswgmg,0.5
gqudkcb,0.5
gqvxupa,0.5
gqwbdfm,0.5
gqxnsfi,0.5
gqxolfd,0.5
gqyrcul,0.5
gqzfarf,0.5
grcptkd,0.5
grdrole,0.5
greerfb,0.5
grehztp,0.5
gresryb,0.5
grfpnti,0.5
grfuasi,0.5
grgnsnm,0.5
grhhpzw,0.5
grhzeha,0.5
grhzpav,0.5
gridfud,0.5
griwjhm,0.5
grjrqrm,0.5
grlxlbi,0.5
grmqdne,0.5
grmwbax,0.5
grnuren,0.5
grprihk,0.5
grpuspw,0.5
grqhlau,0.5
grquexv,0.5
grtvefq,0.5
grtybeq,0.5
grutvno,0.5
grwnlma,0.5
grxhthm,0.5
gryteuc,0.5
gsblcox,0.5
gsblpdb,0.5
gscmbtc,0.5
gscmigk,0.5
gscvmof,0.5
gsdgocv,0.5
gsdrcnk,0.5
gsdwyex,0.5
gsekasj,0.5
gsettpl,0.5
gsfcksr,0.5
gsfiunt,0.5
gsgnyjx,0.5
gsjhmys,0.5
gslflza,0.5
gsmmlcm,0.5
gsmoxgr,0.5
gsmqxbp,0.5
gsprkiz,0.5
gsrieni,0.5
gssahec,0.5
gssmhxh,0.5
gstgbrc,0.5
gstoupd,0.5
gstuxis,0.5
gstzyoa,0.5
gsuljnc,0.5
gsvokmh,0.5
gsvyacj,0.5
gswrqyd,0.5
gswzohy,0.5
gsxadzf,0.5
gsxsenp,0.5
gsylfym,0.5
gsymebm,0.5
gszbiqu,0.5
gszddmp,0.5
gszlkue,0.5
gtadowr,0.5
gtakqgg,0.5
gtandsm,0.5
gtdbzns,0.5
gtdnygo,0.5
gteiosm,0.5
gtepaws,0.5
gtepfoj,0.5
gtgaiyu,0.5
gthqufu,0.5
gtiftww,0.5
gtiuird,0.5
gtkzonx,0.5
gtmeukq,0.5
gtmprib,0.5
gtndzjq,0.5
gtngmhy,0.5
gtnxiar,0.5
gtpiwxs,0.5
gtpubcz,0.5
gtqggnp,0.5
gtqogak,0.5
gtqyamg,0.5
gtsdynt,0.5
gttdjdq,0.5
gttoydz,0.5
gtumrub,0.5
gtvjyos,0.5
gtxtmvf,0.5
gtyngiy,0.5
gtzjgja,0.5
gtzscaj,0.5
gubcini,0.5
gubxjmy,0.5
guddcxz,0.5
guethne,0.5
gufznpv,0.5
gugmvoq,0.5
guhcybz,0.5
guhiwdz,0.5
guifsnv,0.5
guiwcor,0.5
gujmfxn,0.5
gulaflp,0.5
guloteg,0.5
guntvmj,0.5
gunubgr,0.5
guphryx,0.5
gupjsgn,0.5
guqqasl,0.5
gusjvjp,0.5
gutbuwv,0.5
guujcez,0.5
guvefbe,0.5
guvkvgp,0.5
guvslaw,0.5
guwigrn,0.5
guwldzj,0.5
guzoklf,0.5
gvaufjz,0.5
gvbgyut,0.5
gvbyprd,0.5
gvcycnr,0.5
gveqopj,0.5
gvevukt,0.5
gvgopqf,0.5
gvhvigt,0.5
gvhzzdx,0.5
gvikysf,0.5
gvilvok,0.5
gvkcblm,0.5
gvktgjb,0.5
gvrlrkz,0.5
gvsboub,0.5
gvsolvn,0.5
gvudqoj,0.5
gvumrej,0.5
gvvmygg,0.5
gvvocbp,0.5
gvwiwby,0.5
gvxpjyx,0.5
gvxyhku,0.5
gvysjqh,0.5
gwbozfu,0.5
gwdhhfg,0.5
gwgadtw,0.5
gwiwhxs,0.5
gwixqzc,0.5
gwjzviw,0.5
gwkemsc,0.5
gwlnuys,0.5
gwncdno,0.5
gwnzfpb,0.5
gworzwk,0.5
gwplqys,0.5
gwpquhy,0.5
gwranlt,0.5
gwrqkdw,0.5
gwspwtr,0.5
gwtnyms,0.5
gwuvsno,0.5
gwwlvbp,0.5
gwxcouf,0.5
gwzxipg,0.5
gxahhyg,0.5
gxaogmc,0.5
gxbkzhn,0.5
gxcklig,0.5
gxcrdae,0.5
gxfdxty,0.5
gxfjcqd,0.5
gxgowmv,0.5
gxhhhpt,0.5
gxhxock,0.5
gxicdbd,0.5
gxisoqe,0.5
gxjmvkc,0.5
gxkkghu,0.5
gxnqmva,0.5
gxoluvy,0.5
gxongia,0.5
gxqfumj,0.5
gxqtpgp,0.5
gxqwnnc,0.5
gxrjqij,0.5
gxrwfqt,0.5
gxtarrr,0.5
gxufjdq,0.5
gxulgzl,0.5
gxupqys,0.5
gxuxiob,0.5
gxvshyz,0.5
gxvxgwb,0.5
gxwcrey,0.5
gxxuqif,0.5
gxybowf,0.5
gxzaorz,0.5
gybawmr,0.5
gybhfei,0.5
gycfsqd,0.5
gychdnz,0.5
gycypoe,0.5
gyejeji,0.5
gyfvhbw,0.5
gygcoba,0.5
gygsksn,0.5
gyhgfka,0.5
gyifnpv,0.5
gyiqjaw,0.5
gyixmtg,0.5
gyjazgs,0.5
gyjqbas,0.5
gyjwgnb,0.5
gykeuhj,0.5
gykkqcd,0.5
gyklrmw,0.5
gylyrmm,0.5
gympnhq,0.5
gynpxic,0.5
gyodieo,0.5
gyqjace,0.5
gyrcfiy,0.5
gyrhpzo,0.5
gyrjgcf,0.5
gysicfp,0.5
gysoihm,0.5
gyvpsrc,0.5
gyvsoxm,0.5
gzedemj,0.5
gzgivkg,0.5
gzhqpjf,0.5
gzifirm,0.5
gzijsqk,0.5
gzjfyff,0.5
gzjiihh,0.5
gzkpaiw,0.5
gzlipwh,0.5
gzmlzft,0.5
gzmpbgi,0.5
gzmwptf,0.5
gzmycle,0.5
gznrsds,0.5
gzplmjo,0.5
gzpqxmg,0.5
gzpuwdk,0.5
gzpuwwy,0.5
gzqkbop,0.5
gzrclyj,0.5
gzsronx,0.5
gztipha,0.5
gztpnhh,0.5
gzweylf,0.5
gzwlpgv,0.5
haaevuq,0.5
haawkqj,0.5
habevdl,0.5
habggsg,0.5
habmouk,0.5
habskwd,0.5
habyggg,0.5
haclgan,0.5
haconge,0.5
haedolg,0.5
hafzlio,0.5
hagqnci,0.5
hagsshv,0.5
hahparo,0.5
haiudbd,0.5
hajruta,0.5
halddqs,0.5
haljjpp,0.5
haoaokm,0.5
haoawbu,0.5
haouqrp,0.5
hapclwd,0.5
hapgbby,0.5
hapkaod,0.5
hapspze,0.5
harhxmx,0.5
hassdaj,0.5
hathxgn,0.5
haulwnd,0.5
havawom,0.5
havcqsz,0.5
havurxj,0.5
haxpvqi,0.5
haycgbg,0.5
haylaoc,0.5
hazicgw,0.5
hazvarz,0.5
hbatwoy,0.5
hbbdoqh,0.5
hbbxrst,0.5
hbclcvw,0.5
hbclizl,0.5
hbcusel,0.5
hbdlwws,0.5
hbdrvfm,0.5
hbdvswz,0.5
hbgbcwa,0.5
hbghqff,0.5
hbhjdnu,0.5
hbhuryp,0.5
hbhyqeg,0.5
hblckiw,0.5
hbmoomb,0.5
hbnnggm,0.5
hbnplqn,0.5
hbnrtkc,0.5
hbriivv,0.5
hbrkwiq,0.5
hbscvaa,0.5
hbsqmdp,0.5
hbteshc,0.5
hbuvbkv,0.5
hbxxgfn,0.5
hcaidxm,0.5
hcbqihq,0.5
hccgcvd,0.5
hcchksi,0.5
hccudwm,0.5
hccvqig,0.5
hceddlo,0.5
hceidew,0.5
hceliay,0.5
hchzrnq,0.5
hcjgpzw,0.5
hckkbes,0.5
hcloxcr,0.5
hclsiod,0.5
hcmaicj,0.5
hcmapah,0.5
hcmuxll,0.5
hcmxuit,0.5
hcntdjd,0.5
hconvrd,0.5
hcppyeo,0.5
hcqkkcc,0.5
hcsncek,0.5
hcvyfld,0.5
hcvymff,0.5
hcvzicq,0.5
hcwhjgo,0.5
hcxarbj,0.5
hcynetc,0.5
hcytlqi,0.5
hczidmf,0.5
hdaakvr,0.5
hdavtsf,0.5
hdckxqx,0.5
hddjirr,0.5
hddtrjy,0.5
hddypgv,0.5
hdfyzpl,0.5
hdhoxbh,0.5
hdhqskk,0.5
hdkeoke,0.5
hdlkemf,0.5
hdlrrlf,0.5
hdmetlv,0.5
hdnsmeo,0.5
hdnyhvq,0.5
hdpahmi,0.5
hdphjso,0.5
hdqqefj,0.5
hdqtiek,0.5
hdraoxy,0.5
hdrdlea,0.5
hdreqmp,0.5
hdrjepm,0.5
hdrkkhb,0.5
hdrodoq,0.5
hdrrrcb,0.5
hdrsibg,0.5
hdsyywq,0.5
hdtjtlb,0.5
hdtllxo,0.5
hdtpyuy,0.5
hductyw,0.5
hduycfi,0.5
hdvrwlf,0.5
hdvvwdt,0.5
hdwveme,0.5
hdwxldr,0.5
hdxhkee,0.5
hdyozgx,0.5
hdzeifc,0.5
heaarws,0.5
hebhwsf,0.5
hebprmi,0.5
heecytf,0.5
hegdgxe,0.5
hegjyrx,0.5
hegnbzh,0.5
hehoqss,0.5
hehqhrr,0.5
hehwdif,0.5
heiesbx,0.5
hejafqa,0.5
hekqczw,0.5
hekwsjr,0.5
hekzkjr,0.5
helmjyc,0.5
hemgdot,0.5
hemhxnr,0.5
henntip,0.5
heopydo,0.5
heouqrs,0.5
heqpehh,0.5
herqaon,0.5
heruxlb,0.5
heryhxd,0.5
hesppeg,0.5
hetgvuz,0.5
hexbopi,0.5
hexobrb,0.5
heyjifb,0.5
hfcbdcz,0.5
hfcsolw,0.5
hfdakxg,0.5
hfflxes,0.5
hfiejfh,0.5
hfjpeej,0.5
hfkbbnr,0.5
hfkvrqr,0.5
hflljnn,0.5
hfnkjxo,0.5
hfntcob,0.5
hfnxatk,0.5
hfqjths,0.5
hfsjund,0.5
hfspkcn,0.5
hfvvnfm,0.5
hfvwjtd,0.5
hfwajkv,0.5
hfwezwz,0.5
hfyffin,0.5
hfzpgcv,0.5
hgaptdl,0.5
hgaxooz,0.5
hgbeuwc,0.5
hgbgiud,0.5
hgbhglq,0.5
hgcofol,0.5
hgdffxc,0.5
hgepcos,0.5
hgfgofu,0.5
hgfotlh,0.5
hgfuxta,0.5
hghkiej,0.5
hghwymz,0.5
hgihxos,0.5
hgiuhvi,0.5
hgjreqt,0.5
hglljnh,0.5
hgmglas,0.5
hgniwef,0.5
hgomrif,0.5
hgondmh,0.5
hgpqlnl,0.5
hgpvjbv,0.5
hgqgjwn,0.5
hgrmyuk,0.5
hgsnbcp,0.5
hgtaenp,0.5
hgtjnkl,0.5
hguitrn,0.5
hgvfyrb,0.5
hgvktum,0.5
hgywixd,0.5
hgzccdx,0.5
hgzqmbl,0.5
hhasxua,0.5
hhbaaux,0.5
hhbcdef,0.5
hhcncgk,0.5
hhcsfms,0.5
hhcurwp,0.5
hhehbjn,0.5
hhhgrhk,0.5
hhhipfc,0.5
hhjduog,0.5
hhjhwvd,0.5
hhjxcmm,0.5
hhovdfl,0.5
hhoxhva,0.5
hhqabfw,0.5
hhqoddz,0.5
hhrunjj,0.5
hhufvfv,0.5
hhveaun,0.5
hhvkwfd,0.5
hhwyipe,0.5
hhxnjze,0.5
hhyhqve,0.5
hhyjxou,0.5
hhzygom,0.5
hiazcyj,0.5
hidqchs,0.5
hieplzz,0.5
hifpuxs,0.5
hifzjlt,0.5
hiidzps,0.5
hijkapy,0.5
hikzvyz,0.5
hikzzks,0.5
hilagaq,0.5
himsmsi,0.5
himxfqu,0.5
hinshvv,0.5
hiqjlsh,0.5
hiqokaq,0.5
hircphh,0.5
hishgpf,0.5
hitouxo,0.5
hitpvsr,0.5
hiugdxs,0.5
hixzxbi,0.5
hjabxkf,0.5
hjapdrr,0.5
hjbltaw,0.5
hjdhrpt,0.5
hjfauyi,0.5
hjfjpoi,0.5
hjfosdh,0.5
hjgafve,0.5
hjhpxpk,0.5
hjhtfmt,0.5
hjicgbp,0.5
hjkcsso,0.5
hjmdupv,0.5
hjmekdq,0.5
hjnvarn,0.5
hjpimlr,0.5
hjqassc,0.5
hjqmxvo,0.5
hjrbhbs,0.5
hjrdair,0.5
hjrgrvg,0.5
hjrwits,0.5
hjsfpbz,0.5
hjshtbv,0.5
hjurqlq,0.5
hjzthdx,0.5
hkapkpp,0.5
hkcfkld,0.5
hkcwsft,0.5
hkdfpqi,0.5
hkezvjw,0.5
hkfcraf,0.5
hkfobky,0.5
hkgbuik,0.5
hkgcxjk,0.5
hkgyieu,0.5
hkicmpg,0.5
hkitqai,0.5
hkivuxk,0.5
hkiywid,0.5
hkjxxxl,0.5
hkkschk,0.5
hkloakf,0.5
hkltdlp,0.5
hkmtuna,0.5
hknxsdx,0.5
hkoxcnk,0.5
hkpidlr,0.5
hkqajuk,0.5
hkqdnxp,0.5
hkruwip,0.5
hksfeet,0.5
hksssni,0.5
hksxpvl,0.5
hktoccs,0.5
hktxklp,0.5
hkuhwpw,0.5
hkvoqhk,0.5
hkwiqdk,0.5
hkwmguo,0.5
hkwxzye,0.5
hkyebvw,0.5
hlasvpu,0.5
hlbbogq,0.5
hlbrzgd,0.5
hldmqid,0.5
hlebpwk,0.5
hlebqhq,0.5
hlezhhj,0.5
hlfbmzc,0.5
hlfqowh,0.5
hlfxkhk,0.5
hlgabuo,0.5
hlgsylm,0.5
hljicso,0.5
hljwbnw,0.5
hlkggao,0.5
hlkvdfr,0.5
hllabrx,0.5
hllnxjl,0.5
hlmkanw,0.5
hlnfmva,0.5
hlpaaye,0.5
hlpahnb,0.5
hlpgmja,0.5
hlrfglr,0.5
hlrufey,0.5
hluagaa,0.5
hlurbmn,0.5
hlvdgyd,0.5
hlvmvmz,0.5
hlvnbuv,0.5
hlwqoof,0.5
hlwzcwh,0.5
hlzqniw,0.5
hmagxeo,0.5
hmawzzi,0.5
hmcdggo,0.5
hmdiivj,0.5
hmerxhe,0.5
hmfixpz,0.5
hmfptoh,0.5
hmjvlfi,0.5
hmjydyq,0.5
hmkbsxt,0.5
hmloexx,0.5
hmlourx,0.5
hmlwrkt,0.5
hmmzkmm,0.5
hmnwbmh,0.5
hmqmzdh,0.5
hmqpimk,0.5
hmrkcbk,0.5
hmrrpfe,0.5
hmrygzz,0.5
hmuhbdn,0.5
hmvhebf,0.5
hmwkapw,0.5
hmwqkkx,0.5
hmwvyuf,0.5
hmxpzpo,0.5
hmyjbul,0.5
hmzoayv,0.5
hmzzxrz,0.5
hnausva,0.5
hnazgba,0.5
hnbyiqz,0.5
hnecemc,0.5
hnegcwf,0.5
hneyhit,0.5
hnhvglw,0.5
hnicgdq,0.5
hnimmud,0.5
hnnjaam,0.5
hnoepnr,0.5
hnolfpn,0.5
hnoqido,0.5
hnqfeot,0.5
hnratsi,0.5
hntplpg,0.5
hnuguou,0.5
hnuhvda,0.5
hnuynls,0.5
hnvqkzn,0.5
hnxeksn,0.5
hnycxwx,0.5
hnyjuew,0.5
hoaplil,0.5
hoflyxd,0.5
hohlxig,0.5
hoizjnb,0.5
hojblup,0.5
hojfivy,0.5
hojsasm,0.5
hojzxnf,0.5
hokgmmm,0.5
hoktohb,0.5
holagox,0.5
holgdeq,0.5
holrafd,0.5
holwxfl,0.5
hoomnzb,0.5
hoonaqq,0.5
hopkmog,0.5
hoqjdwv,0.5
horkxff,0.5
horpmnv,0.5
horqkth,0.5
hoscnuk,0.5
hotzlsx,0.5
hougczl,0.5
houlwsw,0.5
hovjaki,0.5
hovqwii,0.5
howtzrh,0.5
hozihsq,0.5
hparajn,0.5
hpbfchf,0.5
hpbmcua,0.5
hpbobpe,0.5
hpcsxrn,0.5
hpdavtk,0.5
hpddtma,0.5
hpdlewy,0.5
hpdpnen,0.5
hpgpkoy,0.5
hpgtfrs,0.5
hpiaxzm,0.5
hpigyww,0.5
hpijgac,0.5
hpijwsr,0.5
hpjccab,0.5
hpjokle,0.5
hpkxnsr,0.5
hplectp,0.5
hpmbnzc,0.5
hpmuvar,0.5
hpnpcmz,0.5
hpnrchg,0.5
hpnvivf,0.5
hpnzoaq,0.5
hpoucqv,0.5
hppraig,0.5
hppvmfz,0.5
hppwvbs,0.5
hpqkhao,0.5
hpqliyh,0.5
hpriygp,0.5
hprjfjm,0.5
hprmqsa,0.5
hprmuka,0.5
hpsafee,0.5
hpuxjxa,0.5
hpwhnoe,0.5
hpwmfph,0.5
hpypphe,0.5
hqaouqr,0.5
hqctbyd,0.5
hqdaeja,0.5
hqfyasx,0.5
hqgpohx,0.5
hqgxxzx,0.5
hqhrquj,0.5
hqivxws,0.5
hqmykqw,0.5
hqnewec,0.5
hqnmxva,0.5
hqoevur,0.5
hqovzjn,0.5
hqrymsd,0.5
hqrynxx,0.5
hqsacwk,0.5
hqsgzqu,0.5
hqtaslm,0.5
hqtbbzb,0.5
hqtenyr,0.5
hqukvqa,0.5
hqvhzja,0.5
hqwvohq,0.5
hqybwzm,0.5
hqzvclh,0.5
hrazcoh,0.5
hrdedqo,0.5
hrdgceq,0.5
hrfemvt,0.5
hrflvhi,0.5
hrfrdsv,0.5
hrgbhyt,0.5
hrizeed,0.5
hrjtqjy,0.5
hrmbgac,0.5
hrmcqvl,0.5
hrmzajc,0.5
hrnwqwg,0.5
hrobtdn,0.5
hrptxhq,0.5
hrquuav,0.5
hrrmeyj,0.5
hrsjtyf,0.5
hrspeyp,0.5
hrttinw,0.5
hrumphv,0.5
hruyvnr,0.5
hrvanlh,0.5
hrvgxsv,0.5
hrwmssw,0.5
hrwzjvj,0.5
hrxjbqa,0.5
hrytisr,0.5
hrywjcm,0.5
hrzdvbx,0.5
hrzufta,0.5
hrzvnzk,0.5
hsabqeq,0.5
hsaeixl,0.5
hsbqhij,0.5
hscovdr,0.5
hsdvubj,0.5
hshnqrx,0.5
hsiualq,0.5
hsiuppj,0.5
hsllmki,0.5
hsmlemi,0.5
hsmpfnf,0.5
hsnkury,0.5
hsoeciw,0.5
hsotnbu,0.5
hspgjuw,0.5
hspjqia,0.5
hsqqhvt,0.5
hssieit,0.5
hstknov,0.5
hsuadnv,0.5
hsulmdk,0.5
hsxfmka,0.5
hsyteze,0.5
hszpqxh,0.5
htajpue,0.5
htavghu,0.5
htbimyg,0.5
htbykwn,0.5
hteaciw,0.5
hteehrc,0.5
htftkhs,0.5
htfvpbz,0.5
hthlsmt,0.5
htibxge,0.5
htiyxla,0.5
htjhxep,0.5
htjjmcc,0.5
htjwykr,0.5
htkytdl,0.5
htlhvph,0.5
htllmlt,0.5
htlqxig,0.5
htqhdsq,0.5
htqycma,0.5
htsgxjd,0.5
htsmtka,0.5
htsvhlx,0.5
httclhu,0.5
httoxrc,0.5
htvedbw,0.5
htvedle,0.5
htxbpwl,0.5
htxeqcg,0.5
htxnxhy,0.5
htyjaob,0.5
htyndem,0.5
htyxvnd,0.5
huahajv,0.5
huaktdw,0.5
hubefug,0.5
hubfsrq,0.5
hubvqrg,0.5
hubwbwn,0.5
hucspmn,0.5
hucwoei,0.5
hudbaln,0.5
hueoksp,0.5
hufbtuw,0.5
hugyjxq,0.5
huhheah,0.5
huiwsdk,0.5
hujvcen,0.5
hukezqm,0.5
hukjcot,0.5
hulvjfs,0.5
huntyxq,0.5
huorerh,0.5
huowzsx,0.5
hupttnx,0.5
huqgpup,0.5
huthvqe,0.5
hutmzfp,0.5
huukosq,0.5
huuspwa,0.5
huuxqvj,0.5
huzpfbz,0.5
huzqtkg,0.5
hvaovjd,0.5
hvdezeb,0.5
hvdyokw,0.5
hvecoop,0.5
hvfcuqg,0.5
hvfetof,0.5
hvgeadn,0.5
hvhmhyq,0.5
hvhuxfd,0.5
hvjbztn,0.5
hvjvexp,0.5
hvkgwfx,0.5
hvkkzru,0.5
hvkougj,0.5
hvkpgof,0.5
hvkzdhj,0.5
hvokzcl,0.5
hvotfwz,0.5
hvpuexw,0.5
hvqehih,0.5
hvqwqja,0.5
hvrnqaw,0.5
hvsrryi,0.5
hvsylkl,0.5
hvtrfcm,0.5
hvvdimv,0.5
hvvtgzh,0.5
hvxelyf,0.5
hvxhtkt,0.5
hvyctur,0.5
hvyfmqa,0.5
hvysbxm,0.5
hvyxeio,0.5
hwadlxw,0.5
hwbjeom,0.5
hwcgxnq,0.5
hwcwwuq,0.5
hwdwdxm,0.5
hwicnsw,0.5
hwiyjhl,0.5
hwjwryg,0.5
hwjziel,0.5
hwlavas,0.5
hwldwli,0.5
hwlpkue,0.5
hwooqzr,0.5
hwpdkku,0.5
hwpumei,0.5
hwrghxm,0.5
hwrmwvw,0.5
hwrzerc,0.5
hwtdktb,0.5
hwuhytd,0.5
hwukdzt,0.5
hwvzxtq,0.5
hwyiiri,0.5
hwzfagp,0.5
hxbecpl,0.5
hxbistr,0.5
hxccoac,0.5
hxcioxt,0.5
hxddstz,0.5
hxdiyuw,0.5
hxdlznn,0.5
hxdvsqi,0.5
hxezsfe,0.5
hxgysqt,0.5
hxhieoj,0.5
hxhimme,0.5
hxiaowx,0.5
hxibhot,0.5
hxifsfy,0.5
hxjwrsk,0.5
hxkpgth,0.5
hxmpjvr,0.5
hxnlthg,0.5
hxpcncv,0.5
hxskuma,0.5
hxunyys,0.5
hxwmflm,0.5
hxxgmeh,0.5
hxyneko,0.5
hxytgwd,0.5
hxziclo,0.5
hybhcyp,0.5
hybkdtg,0.5
hybrhvz,0.5
hybskkk,0.5
hybzvlu,0.5
hycahrc,0.5
hyddtsg,0.5
hydnjja,0.5
hyecmqg,0.5
hyfhpmj,0.5
hyftzfb,0.5
hyfvcwl,0.5
hyimayd,0.5
hyimddb,0.5
hykdhzm,0.5
hykfmtb,0.5
hylnlqe,0.5
hymfwcu,0.5
hypfhix,0.5
hyrdber,0.5
hyrkfxy,0.5
hyrlxza,0.5
hyrwmdv,0.5
hyskpgq,0.5
hyswijn,0.5
hyswrgi,0.5
hyurjqr,0.5
hyuwrnw,0.5
hyvlgkd,0.5
hyvxvmo,0.5
hywahgy,0.5
hyxiiic,0.5
hyxqwaf,0.5
hyzwewr,0.5
hzchelm,0.5
hzdgaae,0.5
hzidchb,0.5
hzjapwl,0.5
hzkvbuz,0.5
hzkwvuu,0.5
hzkwzrm,0.5
hzlhfgq,0.5
hzmjoxg,0.5
hznlaah,0.5
hzobvnc,0.5
hzpebqo,0.5
hzpjdzj,0.5
hzraucv,0.5
hzsvsxr,0.5
hztayvm,0.5
hztfyal,0.5
hzuooto,0.5
hzupjyo,0.5
hzwbvwa,0.5
hzwsviy,0.5
hzyiysf,0.5
hzykbbc,0.5
hzytqxn,0.5
hzyvpfc,0.5
hzzqmsr,0.5
hzzrzqq,0.5
iafckut,0.5
iafzuia,0.5
iahorql,0.5
iahxlws,0.5
iaigliq,0.5
iaixzhj,0.5
iakbljc,0.5
iakoaqy,0.5
iakxerv,0.5
ianerpn,0.5
iaogpzj,0.5
iaqvuyb,0.5
iaufmzs,0.5
iauhxpj,0.5
iaveqll,0.5
iavrrme,0.5
iazherh,0.5
ibclgls,0.5
ibdozfw,0.5
ibdpjjp,0.5
ibehrcq,0.5
ibezkks,0.5
ibfopbx,0.5
ibgxmtt,0.5
ibhngyf,0.5
ibhtrmu,0.5
ibilhzo,0.5
ibjkfdu,0.5
ibkleyn,0.5
ibkznbi,0.5
iblbkkv,0.5
ibnalmw,0.5
iboeslo,0.5
iboxtco,0.5
ibphaoh,0.5
ibpnoha,0.5
ibqszja,0.5
ibrgmkv,0.5
ibrgzwg,0.5
ibrhwic,0.5
ibrtzyk,0.5
ibsjbbn,0.5
ibtikkh,0.5
ibublbl,0.5
ibuhfmn,0.5
ibwfitd,0.5
ibxdqka,0.5
ibyhucf,0.5
ibysvss,0.5
ibyywkf,0.5
icahybj,0.5
icauqug,0.5
icbaeie,0.5
icbtrpg,0.5
icemrye,0.5
icfuszd,0.5
icgchyv,0.5
icgynlg,0.5
ichecdw,0.5
iciueld,0.5
icivttd,0.5
iciyiiv,0.5
icjvphm,0.5
icjxvex,0.5
ickedyt,0.5
icknsfa,0.5
icnhklt,0.5
icqeiaq,0.5
icqereg,0.5
icqzsmv,0.5
icrmvfj,0.5
icrnljt,0.5
icryqbp,0.5
ictawcl,0.5
icutcxh,0.5
icvdwoo,0.5
icwsepz,0.5
icxxbkc,0.5
idailnh,0.5
idcxpxn,0.5
idduwkn,0.5
idebrqj,0.5
idenxas,0.5
idgzeww,0.5
idhspzy,0.5
idirdya,0.5
idiwtbp,0.5
idjcrbs,0.5
idjgkzx,0.5
idlvett,0.5
idolacf,0.5
idplaet,0.5
idpnrjd,0.5
idreivn,0.5
idsqgit,0.5
idtwltd,0.5
idtyamf,0.5
idufmpz,0.5
iduwfoi,0.5
idvpfyo,0.5
idvrjvq,0.5
idvtieh,0.5
idxjpkf,0.5
idycifp,0.5
idzfoaa,0.5
ieaqyox,0.5
iebjvsr,0.5
iecupcn,0.5
ieefvzs,0.5
iefjzfw,0.5
iegxood,0.5
iehuqle,0.5
ieinbwc,0.5
ieitcpy,0.5
iejerra,0.5
iejevcx,0.5
iejwtrn,0.5
iekxpzf,0.5
iekyyeg,0.5
ielqzjl,0.5
iemylgx,0.5
iemyvsf,0.5
ieotsda,0.5
iepteod,0.5
iequcuy,0.5
ieqxdbn,0.5
ierfycp,0.5
iergqjf,0.5
iesekdm,0.5
ietvvoj,0.5
ieumpoq,0.5
ieuqgex,0.5
iewirzj,0.5
iexgkry,0.5
iexnirp,0.5
iextdyc,0.5
ieyixeb,0.5
ieyvgzz,0.5
iezqdmu,0.5
ifawjng,0.5
ifbumpm,0.5
ifcinfq,0.5
ifcnoer,0.5
ifdqext,0.5
iffhway,0.5
iffjuwp,0.5
ifgcvbg,0.5
ifhuxom,0.5
ifhwnoi,0.5
ifibpmf,0.5
ifjhdlm,0.5
ifkgaos,0.5
ifkrenv,0.5
ifllmvr,0.5
iflndas,0.5
iflvpjw,0.5
ifmekbh,0.5
ifmfccw,0.5
ifmpwym,0.5
ifoemod,0.5
ifriauo,0.5
ifrikfi,0.5
ifrvufp,0.5
ifrxgqw,0.5
ifrzopr,0.5
ifsrwtc,0.5
ifsztnm,0.5
ifucpek,0.5
ifugsdg,0.5
ifvfvmq,0.5
ifvmcez,0.5
ifwimdp,0.5
ifwqzbc,0.5
ifxibog,0.5
ifyxtin,0.5
ifzyukz,0.5
igatovp,0.5
igckkxt,0.5
igdirru,0.5
igelfqv,0.5
igfdxny,0.5
igfkmof,0.5
igfmpxf,0.5
iggobgw,0.5
ighcalg,0.5
igjbdfl,0.5
igjoarm,0.5
igljutl,0.5
igmqufc,0.5
ignbyye,0.5
ignudas,0.5
igppbvv,0.5
igqvwha,0.5
igqypto,0.5
igrshlx,0.5
igskpie,0.5
igtbbiz,0.5
igttovl,0.5
igueysr,0.5
igumzlh,0.5
iguolzq,0.5
igupfkb,0.5
iguqwei,0.5
iguxdcs,0.5
igvugjw,0.5
igwpqtz,0.5
igxpnzv,0.5
igzawbh,0.5
igzbcto,0.5
iharbqp,0.5
ihbsuwd,0.5
ihcrgpx,0.5
ihenmys,0.5
ihgahfb,0.5
ihgnooa,0.5
ihiawah,0.5
ihkhova,0.5
ihlgknn,0.5
ihlufms,0.5
ihmbzdr,0.5
ihmddrx,0.5
ihmsqqt,0.5
ihnzjqt,0.5
ihpllid,0.5
ihqespx,0.5
ihrhrbx,0.5
ihsgedu,0.5
ihsxqje,0.5
ihtcryf,0.5
ihtytlt,0.5
ihvemrn,0.5
ihvjfuo,0.5
ihvqbaw,0.5
ihwbzci,0.5
ihwhcpl,0.5
ihwwrxb,0.5
ihxssok,0.5
ihyixjk,0.5
ihzdkwl,0.5
ihzkcec,0.5
ihztimz,0.5
iiatvaz,0.5
iicypcj,0.5
iiefcjv,0.5
iieqvps,0.5
iiezxkl,0.5
iifrphk,0.5
iigqjdj,0.5
iihdhov,0.5
iiihgzd,0.5
iijrowq,0.5
iijsjkr,0.5
iijzklq,0.5
iikvrlv,0.5
iilfcyl,0.5
iilgyhe,0.5
iilvadd,0.5
iimwgqy,0.5
iinqnji,0.5
iinrdwh,0.5
iioaboz,0.5
iipetba,0.5
iisypbl,0.5
iitvklf,0.5
iivrxsg,0.5
iiwqsjq,0.5
iiwwcae,0.5
iixaavs,0.5
iixqpvs,0.5
iiyrchb,0.5
iizuliq,0.5
ijavpkg,0.5
ijbgkmq,0.5
ijccbor,0.5
ijdvqay,0.5
ijehluk,0.5
ijfftzl,0.5
ijgjrzl,0.5
ijimnpf,0.5
ijjiwkh,0.5
ijjvjes,0.5
ijpnslr,0.5
ijqapfo,0.5
ijqrxjv,0.5
ijqusxk,0.5
ijvczhd,0.5
ijvisao,0.5
ijvzaff,0.5
ijxeehj,0.5
ijxyodf,0.5
ijyfczn,0.5
ijzalbh,0.5
ijztzxw,0.5
ikbndte,0.5
ikcskxc,0.5
ikcvwfl,0.5
ikealvf,0.5
ikebgkc,0.5
ikgruqw,0.5
ikgtvph,0.5
ikhhfug,0.5
ikhhuqi,0.5
ikhrpau,0.5
ikibbns,0.5
ikjjpgh,0.5
ikjoifs,0.5
ikjxrtz,0.5
ikkwviu,0.5
ikkxphk,0.5
ikloevj,0.5
ikngnzw,0.5
iknwhel,0.5
ikojrhl,0.5
ikpclba,0.5
ikpwnmz,0.5
ikqdmmw,0.5
ikqnyxi,0.5
ikquoon,0.5
ikqzkbs,0.5
ikrohmh,0.5
iksjlds,0.5
ikupvhc,0.5
ikuycba,0.5
ikwjfcp,0.5
ikwpefg,0.5
ikxsavk,0.5
ikysgzr,0.5
ilchrmi,0.5
ilcwqys,0.5
ildikcs,0.5
ilehhxx,0.5
ilezvcp,0.5
ilgjjfz,0.5
ilhktyy,0.5
ilifthe,0.5
ilipgfz,0.5
ilirylz,0.5
ilizciv,0.5
ilkfirv,0.5
ilkkfha,0.5
ilkkvpa,0.5
ilkletr,0.5
ilknupe,0.5
illuiff,0.5
ilmfcau,0.5
ilmuote,0.5
ilngrdr,0.5
iloopns,0.5
iloxvmy,0.5
ilpnbxw,0.5
ilqvfob,0.5
ilsqlla,0.5
ilswupl,0.5
iluldlo,0.5
ilvppkv,0.5
ilwszmb,0.5
ilwzbdw,0.5
ilyewkt,0.5
ilytbtj,0.5
ilyzhvx,0.5
ilzicrs,0.5
imascjm,0.5
imbovzc,0.5
imcczgi,0.5
imcdbtx,0.5
imcdpya,0.5
imeqwbu,0.5
imgipqu,0.5
imhtxvx,0.5
imirdsv,0.5
imivzum,0.5
imkhxhr,0.5
imkmmjm,0.5
imkytnq,0.5
imlkgbx,0.5
immkvwu,0.5
immwsrg,0.5
immywpr,0.5
imowtsc,0.5
impvize,0.5
imqjgio,0.5
imrdfby,0.5
imrtbwt,0.5
imrxqjz,0.5
imryhmo,0.5
imucxid,0.5
imuibri,0.5
imuyaux,0.5
imuykxg,0.5
imwcsps,0.5
imwgrwa,0.5
imwnult,0.5
imxfvtf,0.5
imyklpb,0.5
inapigh,0.5
incgmpb,0.5
incyvbj,0.5
indfeug,0.5
indggkr,0.5
ineiuhp,0.5
inevrhk,0.5
inexumz,0.5
inhszmr,0.5
inhxdzh,0.5
inijwbb,0.5
injdgfd,0.5
injqsek,0.5
inkeuoj,0.5
inmhnrn,0.5
inopasl,0.5
inpxome,0.5
inrwlfg,0.5
inrxqxj,0.5
insckzq,0.5
insrdwn,0.5
inttpuk,0.5
inujjtg,0.5
invfwwe,0.5
invvoiu,0.5
invzcpu,0.5
inwhgfu,0.5
inwrvky,0.5
inxrvcs,0.5
inxykoa,0.5
inykvlz,0.5
inyzila,0.5
inzpyqc,0.5
inzyxjd,0.5
ioaeyfj,0.5
iobuwom,0.5
iocduus,0.5
iodtnty,0.5
ioemlbc,0.5
iofuwpz,0.5
iogjdfk,0.5
iogntnq,0.5
ioiaeak,0.5
iojzfyg,0.5
iokgugu,0.5
iokklub,0.5
iolxclh,0.5
iommser,0.5
iondbyl,0.5
iosaivx,0.5
iosdamy,0.5
iotxtfn,0.5
iotzwoy,0.5
ioupenr,0.5
iovgemx,0.5
iowdndy,0.5
iozzqcj,0.5
ipaejfr,0.5
ipahgml,0.5
ipalhqp,0.5
ipbxkww,0.5
ipcdstk,0.5
ipcwofm,0.5
ipdnohg,0.5
ipfnzlg,0.5
ipgjdhr,0.5
iphjocz,0.5
ipiihig,0.5
ipjeywj,0.5
ipmbjno,0.5
ippqfsm,0.5
ippqyfa,0.5
ipqezxq,0.5
ipqjzce,0.5
ipqnxzs,0.5
ipurebf,0.5
iputgxo,0.5
ipvjacq,0.5
ipvsuin,0.5
ipwjmnn,0.5
ipxhlny,0.5
ipxilmu,0.5
ipyemwc,0.5
ipzpflj,0.5
ipzwnvz,0.5
iqbjmdy,0.5
iqdlcqr,0.5
iqdnmhv,0.5
iqduzza,0.5
iqgcxjr,0.5
iqgggbb,0.5
iqikvsv,0.5
iqiresr,0.5
iqirrkz,0.5
iqjkqtd,0.5
iqlgcjo,0.5
iqnmuha,0.5
iqnnaft,0.5
iqptivm,0.5
iqpuuzq,0.5
iqqjvnb,0.5
iqqoabx,0.5
iqqofyh,0.5
iqrkzou,0.5
iqtgifz,0.5
iqunpln,0.5
iquohkm,0.5
iqurvza,0.5
iquwfzt,0.5
iqvlqac,0.5
iqvrnsr,0.5
iqwmdgo,0.5
iradenq,0.5
ircexmw,0.5
ircmruj,0.5
irehgjv,0.5
irfdcoq,0.5
irfjqqm,0.5
irgpqgx,0.5
irihibd,0.5
irikzhn,0.5
irklfeq,0.5
irkqrfw,0.5
irkswgf,0.5
irlixpp,0.5
irnotfz,0.5
iroiaqq,0.5
irpezbu,0.5
irqzllf,0.5
irtmsut,0.5
iruajbc,0.5
irvqqiy,0.5
irwdtnd,0.5
irwqnqh,0.5
irwtfzr,0.5
irxwaxt,0.5
irxxlfr,0.5
iryiuyc,0.5
isbdgai,0.5
isbimef,0.5
isdnzus,0.5
isesydt,0.5
isetkoo,0.5
isgozgo,0.5
isgtscv,0.5
isgynej,0.5
isiffax,0.5
isjzeow,0.5
iskhmcg,0.5
iskjqvo,0.5
ismlltz,0.5
isohcxh,0.5
isojljr,0.5
isotyfm,0.5
ispovrq,0.5
isqubdz,0.5
isqycsf,0.5
issxise,0.5
istilvn,0.5
istlxug,0.5
istvvzm,0.5
istxudr,0.5
isufoev,0.5
isugxus,0.5
itabwhk,0.5
itbuubb,0.5
itbwqjp,0.5
itbwwzq,0.5
itcsdey,0.5
itdehiz,0.5
itfvlpq,0.5
itggvij,0.5
itgpuqc,0.5
itgqykb,0.5
ithmfoi,0.5
ithypxm,0.5
itimujq,0.5
itjbcyi,0.5
itkosbr,0.5
itmhbxj,0.5
itotvln,0.5
itovdvv,0.5
itpfbjw,0.5
itpojrm,0.5
itrkerm,0.5
itsautu,0.5
itshpdq,0.5
itsoqkj,0.5
itsslne,0.5
itsyvme,0.5
ittrgla,0.5
ituhain,0.5
itumyhm,0.5
itviyck,0.5
itvllbe,0.5
itvycea,0.5
itxbyaz,0.5
itxivhw,0.5
itxlmvz,0.5
ityaeik,0.5
itzpcgp,0.5
itzsxhn,0.5
iubjxpv,0.5
iucgnof,0.5
iucwtlc,0.5
iudjguq,0.5
iuetokq,0.5
iufylct,0.5
iugvbdh,0.5
iuhujud,0.5
iuibcst,0.5
iuieauk,0.5
iuiyaxy,0.5
iujfrws,0.5
iujhkhl,0.5
iulwjag,0.5
iumjsbh,0.5
iumklwe,0.5
iunjpjq,0.5
iuqhqch,0.5
iurkzdz,0.5
iusgrun,0.5
iutmftp,0.5
iutolyg,0.5
iuvlytw,0.5
iuwemup,0.5
iuwnriu,0.5
iuwrkgr,0.5
iuxanso,0.5
iuxneot,0.5
iuxqelm,0.5
iuxqgjv,0.5
iuyhsrt,0.5
iuyigov,0.5
iuymbpy,0.5
iuypgss,0.5
ivarbyw,0.5
ivfiajj,0.5
ivghtoq,0.5
ivhevkm,0.5
ivhqdgx,0.5
ivienlg,0.5
ivjqumf,0.5
ivjuqcw,0.5
ivmumqj,0.5
ivnogyy,0.5
ivplobz,0.5
ivpyatu,0.5
ivqeuog,0.5
ivqgpli,0.5
ivruqwe,0.5
ivsiofy,0.5
ivthxyj,0.5
ivusgll,0.5
ivvxirz,0.5
ivwjtsh,0.5
ivyscsl,0.5
ivzbrok,0.5
ivzvmzi,0.5
ivzxjps,0.5
iwagahs,0.5
iwalxse,0.5
iwamabc,0.5
iwbdofg,0.5
iwddzoo,0.5
iwdlpdw,0.5
iwdotka,0.5
iwdwvtj,0.5
iweshmt,0.5
iwfpidp,0.5
iwgifmq,0.5
iwgiile,0.5
iwibxaj,0.5
iwioqll,0.5
iwmmjyh,0.5
iwnkhul,0.5
iwnuffo,0.5
iwnzhyl,0.5
iwpujxd,0.5
iwqhmhj,0.5
iwqojty,0.5
iwrwfxr,0.5
iwsbsqt,0.5
iwwlxgn,0.5
iwworvk,0.5
iwwqivf,0.5
iwxklmi,0.5
ixadthi,0.5
ixckkfj,0.5
ixeblcs,0.5
ixejwsg,0.5
ixenrjt,0.5
ixeoaat,0.5
ixevbmd,0.5
ixgesle,0.5
ixgouqd,0.5
ixgsfsf,0.5
ixgzuqr,0.5
ixhcenv,0.5
ixhkcwb,0.5
ixhnpjp,0.5
ixioear,0.5
ixkdxqq,0.5
ixkwdax,0.5
ixmhzhn,0.5
ixmlanm,0.5
ixnckgf,0.5
ixofvrf,0.5
ixohzhe,0.5
ixojbtp,0.5
ixoqlta,0.5
ixpbsyy,0.5
ixsicxx,0.5
ixtjzwc,0.5
ixulqjd,0.5
ixwcryf,0.5
ixwlnjb,0.5
ixwvaem,0.5
ixxcojc,0.5
ixxjfum,0.5
ixzllur,0.5
iybeesk,0.5
iycbofr,0.5
iycrsuu,0.5
iydhwta,0.5
iydszmi,0.5
iyebwto,0.5
iyfeqfa,0.5
iygnauj,0.5
iygnfgk,0.5
iyiuxlc,0.5
iyjttpa,0.5
iyjzaiy,0.5
iykcife,0.5
iykogln,0.5
iylfzmc,0.5
iylgita,0.5
iylvnzd,0.5
iynyfrh,0.5
iyoaiut,0.5
iyokqki,0.5
iyouusa,0.5
iyqjbfk,0.5
iyqycfk,0.5
iyrragf,0.5
iysxzyg,0.5
iyuxbcp,0.5
iyuzxdg,0.5
iyvqrcm,0.5
iywiooy,0.5
iyxdhur,0.5
iyxulay,0.5
izcwtjg,0.5
izemzra,0.5
izexhof,0.5
izfdefp,0.5
izfhtge,0.5
izfqvqd,0.5
izgbvme,0.5
izgdjbb,0.5
izgucgo,0.5
izhimxl,0.5
izhuvau,0.5
izilcfl,0.5
izjbnep,0.5
izlnaxn,0.5
izmtdpg,0.5
izplwyh,0.5
izscorz,0.5
izsunfo,0.5
iztmvgf,0.5
izuyslh,0.5
izvgpmn,0.5
izvpiyi,0.5
izvrzwp,0.5
izylfty,0.5
izzqhsf,0.5
jabkwgb,0.5
jacjxna,0.5
jaczrfi,0.5
jaevuau,0.5
jaghqee,0.5
jahcdag,0.5
jahdmif,0.5
jahwoom,0.5
jaicnyb,0.5
jaiqavo,0.5
jamlftg,0.5
jamywqi,0.5
japgmiz,0.5
japkybz,0.5
jaqkhkd,0.5
jasfkvl,0.5
javcefw,0.5
jaxofvt,0.5
jaymstn,0.5
jbalphs,0.5
jbbvrkn,0.5
jbckffv,0.5
jbdhfwg,0.5
jbdlaml,0.5
jbintyj,0.5
jbioixu,0.5
jbirydg,0.5
jbmamnu,0.5
jbmfwwq,0.5
jbnfrsz,0.5
jbnupbi,0.5
jbpenio,0.5
jbphlfd,0.5
jbpikql,0.5
jbrnaxi,0.5
jbtyvbj,0.5
jbuqjzh,0.5
jbuqttj,0.5
jbvrhod,0.5
jbwmuwp,0.5
jbwonfn,0.5
jbxazcy,0.5
jbxeeoc,0.5
jbydxqs,0.5
jcacbrb,0.5
jcandqe,0.5
jcbnjde,0.5
jccuocl,0.5
jcdswtq,0.5
jcebpzp,0.5
jcfyhlv,0.5
jchkqqq,0.5
jcihpce,0.5
jcjhvfp,0.5
jcjpnft,0.5
jcjxbeh,0.5
jckyzts,0.5
jclnyqp,0.5
jcmuluz,0.5
jcnmolp,0.5
jcppyvj,0.5
jcqomee,0.5
jcqwawf,0.5
jcrbqet,0.5
jcrcjly,0.5
jcrwvhc,0.5
jcsdiej,0.5
jcsjsxt,0.5
jcsrpir,0.5
jctaqbd,0.5
jcuotjx,0.5
jcuqred,0.5
jcwjzcc,0.5
jcywpyy,0.5
jdarjln,0.5
jdcuoew,0.5
jddgmuq,0.5
jddjyic,0.5
jdextea,0.5
jdfgyvu,0.5
jdfhdhp,0.5
jdgyeyn,0.5
jdgymho,0.5
jdheskv,0.5
jdipzao,0.5
jdjrijy,0.5
jdljaae,0.5
jdlmjnm,0.5
jdmagob,0.5
jdmijkr,0.5
jdmnwvo,0.5
jdnumfe,0.5
jdogdvi,0.5
jdosqdw,0.5
jdpplnm,0.5
jdpslov,0.5
jdsoquc,0.5
jdvhkxw,0.5
jdvptso,0.5
jdvzerq,0.5
jdwebxv,0.5
jdxfsue,0.5
jdxwdgk,0.5
jdytqce,0.5
jdzhyfx,0.5
jeacnpd,0.5
jeahwxn,0.5
jeamiso,0.5
jecnatk,0.5
jecverk,0.5
jedjgxq,0.5
jedmrjd,0.5
jedoqej,0.5
jeebymn,0.5
jeelivx,0.5
jefraxy,0.5
jefytds,0.5
jegjmcz,0.5
jegxsej,0.5
jegyxkq,0.5
jehceds,0.5
jehkseo,0.5
jehvonl,0.5
jeijrgn,0.5
jejisjt,0.5
jejkgvl,0.5
jejyjew,0.5
jekwisf,0.5
jelhxzp,0.5
jemofve,0.5
jempfoy,0.5
jencfpj,0.5
jendsnf,0.5
jenrwnh,0.5
jensbzd,0.5
jeogboq,0.5
jersprh,0.5
jeruand,0.5
jerywun,0.5
jeuzoaa,0.5
jeyunve,0.5
jezgvsy,0.5
jezrnlf,0.5
jfauyul,0.5
jfcfsdi,0.5
jfdibyi,0.5
jfewnnk,0.5
jfgewjq,0.5
jfigoxw,0.5
jfiprjm,0.5
jfkmtxu,0.5
jflsjwh,0.5
jfmddwv,0.5
jfmegcm,0.5
jfnzbci,0.5
jfostye,0.5
jfoxwjr,0.5
jfpxidb,0.5
jfsvhen,0.5
jftbtud,0.5
jftoqeg,0.5
jfvldoc,0.5
jfwlxru,0.5
jfyfxsi,0.5
jfyhrep,0.5
jgadhoi,0.5
jgbauvj,0.5
jgbbinu,0.5
jgcuhjg,0.5
jgdaikp,0.5
jgdtqpr,0.5
jgggrna,0.5
jgiulcd,0.5
jgksfvq,0.5
jgmjgsu,0.5
jgmsafl,0.5
jgozkol,0.5
jgqzvyl,0.5
jgrxsns,0.5
jgumntl,0.5
jguzziz,0.5
jgxgjjo,0.5
jgxmtjv,0.5
jgyaofr,0.5
jgyhnzk,0.5
jhadtcu,0.5
jhagtxj,0.5
jhbancp,0.5
jhbmbqq,0.5
jhbrbji,0.5
jhdfjcd,0.5
jhhuihn,0.5
jhijtzd,0.5
jhixpnf,0.5
jhjacav,0.5
jhklsex,0.5
jhkmeor,0.5
jhlhllw,0.5
jhlqqqd,0.5
jhmxukp,0.5
jhnxaeg,0.5
jhnydkt,0.5
jhnyipo,0.5
jhpgpzq,0.5
jhrjsgj,0.5
jhrreil,0.5
jhsfbid,0.5
jhslnat,0.5
jhvfdwk,0.5
jhvllpd,0.5
jhxbvjk,0.5
jhypikw,0.5
jiagulb,0.5
jidzodi,0.5
jigwieh,0.5
jigxxnw,0.5
jihoxjn,0.5
jiikgmq,0.5
jijjmjs,0.5
jijuxlo,0.5
jimfzok,0.5
jimyrae,0.5
jintxzg,0.5
jipevlc,0.5
jiqigqa,0.5
jirjilk,0.5
jispsks,0.5
jiwcmbg,0.5
jiwfjgt,0.5
jiwnidn,0.5
jiwooed,0.5
jiyugmi,0.5
jiyzndr,0.5
jizowuj,0.5
jizpdoj,0.5
jjbfarh,0.5
jjfeejd,0.5
jjiatxc,0.5
jjlkqbx,0.5
jjpftay,0.5
jjqfpos,0.5
jjqyskc,0.5
jjrgheb,0.5
jjsvfgt,0.5
jjuozcy,0.5
jjvlaik,0.5
jjwspfd,0.5
jjzrwii,0.5
jkartkf,0.5
jkchufb,0.5
jkfyltv,0.5
jkgbqum,0.5
jkgmffn,0.5
jkgscng,0.5
jkgswyw,0.5
jkgwylu,0.5
jkpkvvu,0.5
jkppigk,0.5
jkpxhqf,0.5
jkqhimw,0.5
jksselq,0.5
jksuvwy,0.5
jktffda,0.5
jktqwif,0.5
jktvweq,0.5
jkutcsz,0.5
jkxbffw,0.5
jkxdihm,0.5
jkxovzx,0.5
jkxtdeq,0.5
jkybmme,0.5
jkzkkka,0.5
jkznsde,0.5
jladkyp,0.5
jlbqrmk,0.5
jlcienn,0.5
jlfxfuq,0.5
jlguqdn,0.5
jlhvsot,0.5
jlijmmc,0.5
jliojyc,0.5
jljfftj,0.5
jljgtdz,0.5
jlkxopv,0.5
jlmjunp,0.5
jlmkibe,0.5
jlmpdpk,0.5
jloampp,0.5
jloojcf,0.5
jlouljw,0.5
jlpowhl,0.5
jlptmyf,0.5
jlqdhsh,0.5
jlqgbgp,0.5
jlqzcxf,0.5
jlrqigk,0.5
jlshexx,0.5
jltntzy,0.5
jlttuhk,0.5
jlufmpe,0.5
jlutdsx,0.5
jlxobvr,0.5
jlybgtb,0.5
jlyishy,0.5
jlzqhrk,0.5
jmbqtas,0.5
jmeasld,0.5
jmeuoud,0.5
jmfvprs,0.5
jmiqwgx,0.5
jmirfpi,0.5
jmjieiy,0.5
jmjioxv,0.5
jmmbnjg,0.5
jmmlmyc,0.5
jmmncct,0.5
jmmpvjf,0.5
jmnclxv,0.5
jmnwnlx,0.5
jmpqqnz,0.5
jmqtjrr,0.5
jmsohbv,0.5
jmtisve,0.5
jmvjgyj,0.5
jmvxdaf,0.5
jmysuya,0.5
jmzpxdl,0.5
jncvbbt,0.5
jndzjrr,0.5
jnfnedw,0.5
jnggxoq,0.5
jngqgqw,0.5
jnhbard,0.5
jniftnc,0.5
jnittou,0.5
jnjuflp,0.5
jnjuwbz,0.5
jnkjfax,0.5
jnkteut,0.5
jnkthef,0.5
jnkujgz,0.5
jnmgrsf,0.5
jnmqygh,0.5
jnmyufp,0.5
jnnyavo,0.5
jnrgdxw,0.5
jnrggaa,0.5
jnsbvjr,0.5
jnsyngb,0.5
jnsypvf,0.5
jntievq,0.5
jntjcbb,0.5
jntyuzl,0.5
jnuhopi,0.5
jnvuikh,0.5
jnxdouj,0.5
jnxqzru,0.5
jnylwhe,0.5
jnzjnht,0.5
joawjsi,0.5
jobowat,0.5
jocfzvg,0.5
jofezjj,0.5
jofjyxf,0.5
johcppg,0.5
johfxnr,0.5
joiezzm,0.5
joisofa,0.5
joitfnw,0.5
jojhpzr,0.5
jojztkp,0.5
jomilrh,0.5
jopqeaf,0.5
joqqxhe,0.5
jordhdg,0.5
jorvtfj,0.5
jorwhvk,0.5
joscrjm,0.5
jotgika,0.5
joubska,0.5
jouvgwr,0.5
jovavmb,0.5
jowluij,0.5
jowucss,0.5
joxlwsi,0.5
joxnzlc,0.5
joxtwgz,0.5
joyjzah,0.5
joyqepq,0.5
jozulsl,0.5
jozvuhv,0.5
jpaawdn,0.5
jpbkpzz,0.5
jpfuqjx,0.5
jpghkjd,0.5
jpglcyd,0.5
jpgwpwy,0.5
jphecri,0.5
jphphbz,0.5
jphsble,0.5
jpkmekw,0.5
jpntdrr,0.5
jpnunzk,0.5
jpnwkjq,0.5
jposdlm,0.5
jppoimi,0.5
jppyemc,0.5
jpqbtkb,0.5
jpqpuvm,0.5
jpsiple,0.5
jpsqrxo,0.5
jpsskej,0.5
jpuhuua,0.5
jpunqoy,0.5
jpvgyxc,0.5
jpvqxzw,0.5
jpvsbjv,0.5
jpxtnat,0.5
jpyobyr,0.5
jpyqkyc,0.5
jpzpyff,0.5
jqasvho,0.5
jqaxwfg,0.5
jqbfhdd,0.5
jqbyxoi,0.5
jqddfrz,0.5
jqdhafj,0.5
jqdojrx,0.5
jqeyxrs,0.5
jqftxzv,0.5
jqhdzxo,0.5
jqieryp,0.5
jqififm,0.5
jqjgdyi,0.5
jqnstyn,0.5
jqougmc,0.5
jqpjolf,0.5
jqpumng,0.5
jqqfdji,0.5
jquktgf,0.5
jqwisdy,0.5
jrbhsso,0.5
jrbsdru,0.5
jrcfrbt,0.5
jrcgexs,0.5
jrcmftk,0.5
jrcoimd,0.5
jrfbqxg,0.5
jrhcqpg,0.5
jrhpsvt,0.5
jriuyfi,0.5
jrjdemh,0.5
jrjzvwt,0.5
jrkjcke,0.5
jrkupjw,0.5
jrldody,0.5
jrmghlc,0.5
jrmigql,0.5
jrmqdyu,0.5
jrmtvyj,0.5
jrnqlru,0.5
jrovlkc,0.5
jrowuyq,0.5
jrppbyk,0.5
jrqgrjy,0.5
jrqgver,0.5
jrstwgq,0.5
jrtsopo,0.5
jrugubr,0.5
jrupnef,0.5
jrxsrvm,0.5
jryxabe,0.5
jsbejdf,0.5
jscdvtb,0.5
jsclddi,0.5
jsctsxe,0.5
jsczwms,0.5
jsdkuto,0.5
jsezsvt,0.5
jsfseuv,0.5
jsfzvuf,0.5
jsgfjfj,0.5
jsgmtis,0.5
jshbggm,0.5
jshbhyb,0.5
jshcidf,0.5
jsimgla,0.5
jsmgadm,0.5
jsmjqju,0.5
jsnhmon,0.5
jsnrxrt,0.5
jsnwwve,0.5
jsotdbg,0.5
jssmevq,0.5
jstbvgk,0.5
jstxkaf,0.5
jsuwyde,0.5
jsvhoqu,0.5
jsvpiop,0.5
jswhrfr,0.5
jsyltau,0.5
jtbdplv,0.5
jtdxetz,0.5
jteanxv,0.5
jteiqnm,0.5
jteorub,0.5
jthfbfe,0.5
jtjbjom,0.5
jtjsfit,0.5
jtkcqas,0.5
jtkibik,0.5
jtkvqxy,0.5
jtkzuow,0.5
jtmtgsc,0.5
jtodfsn,0.5
jtoozal,0.5
jtovxsr,0.5
jtrtoan,0.5
jtsgwbc,0.5
jtsjbme,0.5
jtsjcdr,0.5
jttokgh,0.5
jtubfci,0.5
jtvcvxa,0.5
jtwrnmh,0.5
jtyfjlm,0.5
jtysesf,0.5
juaicmw,0.5
jucfjyk,0.5
judgpbu,0.5
jufdcac,0.5
jugdnzh,0.5
juhhzps,0.5
juhwpkx,0.5
juhykrh,0.5
juiurzg,0.5
juivpew,0.5
jukinpr,0.5
jukkrqb,0.5
jukldxq,0.5
julcyzv,0.5
jummmro,0.5
jumnnhu,0.5
jumsqqw,0.5
juneurh,0.5
junnfoy,0.5
junxwbi,0.5
juopdcn,0.5
jupbanh,0.5
juqmnaa,0.5
juqnnlp,0.5
jurmtzr,0.5
jurmvgi,0.5
jutgekg,0.5
jutiggc,0.5
jutvxpe,0.5
jutwawe,0.5
jutziun,0.5
juvriym,0.5
juwphhq,0.5
juxcbmt,0.5
juxldee,0.5
juxyhde,0.5
juyapnd,0.5
juylgcn,0.5
juztacs,0.5
juzxvbb,0.5
jvaeotx,0.5
jvafcuo,0.5
jvbuhjg,0.5
jvbzzsj,0.5
jvccnny,0.5
jvchsfk,0.5
jvcqmul,0.5
jvcydlc,0.5
jvfiava,0.5
jvfnpxi,0.5
jvftkiv,0.5
jvhwxck,0.5
jvijlkx,0.5
jvjkhng,0.5
jvknbzw,0.5
jvmswvs,0.5
jvmvedd,0.5
jvmwpxm,0.5
jvnomqx,0.5
jvnzfme,0.5
jvoruiy,0.5
jvparqn,0.5
jvqahhy,0.5
jvqokjy,0.5
jvttrdr,0.5
jvuuopy,0.5
jvwkjiv,0.5
jvwrlrc,0.5
jvybrry,0.5
jvyhujn,0.5
jvyqvhy,0.5
jvzrnar,0.5
jwaexvn,0.5
jwbkqzc,0.5
jwbymqu,0.5
jwcodmt,0.5
jwdddel,0.5
jwexqty,0.5
jwhzpbs,0.5
jwiiaea,0.5
jwitmyw,0.5
jwjjisx,0.5
jwjsxdj,0.5
jwmohml,0.5
jwnuhle,0.5
jwpksmu,0.5
jwpqdbc,0.5
jwptidn,0.5
jwsquiq,0.5
jwtbwcm,0.5
jwtojlo,0.5
jwtswhf,0.5
jwuhhca,0.5
jwumbgd,0.5
jwwaprq,0.5
jwwoykb,0.5
jwzpjlt,0.5
jwzxcqo,0.5
jxbccus,0.5
jxcpqls,0.5
jxedrrf,0.5
jxenqqh,0.5
jxfunah,0.5
jxglyuj,0.5
jxgtrll,0.5
jxgzdeb,0.5
jxhhskl,0.5
jxhibhr,0.5
jxhxsrg,0.5
jxiqtzt,0.5
jxisukn,0.5
jxixlmg,0.5
jxjhlex,0.5
jxjinre,0.5
jxkexbq,0.5
jxkfhlc,0.5
jxknikx,0.5
jxkqcul,0.5
jxmhecy,0.5
jxmpoyn,0.5
jxodxfo,0.5
jxqtiau,0.5
jxrafaj,0.5
jxskude,0.5
jxsupfq,0.5
jxveehe,0.5
jxwstyw,0.5
jxzvojk,0.5
jyagajc,0.5
jyczgkk,0.5
jydlvjv,0.5
jydzrld,0.5
jyhzjiq,0.5
jyiengi,0.5
jyjflpq,0.5
jykcsor,0.5
jykwclw,0.5
jylakii,0.5
jylwngd,0.5
jynntax,0.5
jypckmy,0.5
jyqosso,0.5
jyqrxjc,0.5
jyqzqzw,0.5
jytcals,0.5
jytqkzw,0.5
jyugxtg,0.5
jyuoxql,0.5
jyvjvzl,0.5
jyxuesh,0.5
jzaavjp,0.5
jzajzyi,0.5
jzbnbif,0.5
jzbyxvr,0.5
jzdhawh,0.5
jzelbwm,0.5
jzfwmty,0.5
jzjicwq,0.5
jzlugek,0.5
jzlxvuk,0.5
jzngqqa,0.5
jzosozk,0.5
jzoxufg,0.5
jzpcshd,0.5
jzpohfa,0.5
jzqsysn,0.5
jzrlswh,0.5
jztfdvm,0.5
jztlcjw,0.5
jzvwkuv,0.5
jzwbnsz,0.5
jzzbxgp,0.5
jzznzkg,0.5
jzzqsph,0.5
kaauxbm,0.5
kaawble,0.5
kabmkvm,0.5
kabzizj,0.5
kacjexy,0.5
kacsebl,0.5
kadivni,0.5
kadquxe,0.5
kaedrpn,0.5
kafdeit,0.5
kafescd,0.5
kagtfdt,0.5
kaihwtu,0.5
kajaibe,0.5
kajfzdh,0.5
kakhawv,0.5
kallnbi,0.5
kaltwfu,0.5
kamamrw,0.5
kamkmjw,0.5
kamsmve,0.5
kandvsp,0.5
kanothl,0.5
kanqvug,0.5
kaobcyn,0.5
kaottgk,0.5
kaqlbtr,0.5
karffjc,0.5
kariuko,0.5
katjeda,0.5
kaubtqh,0.5
kaucgis,0.5
kaugxoi,0.5
kauqlsl,0.5
kavkifx,0.5
kawgmnl,0.5
kawjtph,0.5
kaycwzf,0.5
kbbjhjq,0.5
kbbqwoz,0.5
kbecbvt,0.5
kbekliq,0.5
kbesjhx,0.5
kbgrmsf,0.5
kbhatzs,0.5
kbigbpl,0.5
kbjbzpy,0.5
kbkafua,0.5
kbkkkwi,0.5
kblwvsl,0.5
kbmhbtl,0.5
kbmkxga,0.5
kboagbr,0.5
kboaxbs,0.5
kbtiyva,0.5
kbtnszm,0.5
kbwiizc,0.5
kbwyzag,0.5
kbxtqng,0.5
kcahjcj,0.5
kcaxghg,0.5
kcazgpq,0.5
kcblzif,0.5
kcbpzkr,0.5
kcethmr,0.5
kcfdkzl,0.5
kcfwsad,0.5
kcfyykd,0.5
kcfzewk,0.5
kchtqqc,0.5
kcjkrsx,0.5
kcjszen,0.5
kckhlec,0.5
kcmmlzn,0.5
kcnaool,0.5
kcsqtrl,0.5
kctwmjs,0.5
kcudmey,0.5
kcvvusn,0.5
kcwtrdh,0.5
kcwuetw,0.5
kcxbkyn,0.5
kcywjrq,0.5
kczhfhe,0.5
kdbouzi,0.5
kdbutzs,0.5
kdcyzmg,0.5
kdehjxz,0.5
kdexvew,0.5
kdfvkdi,0.5
kdghttq,0.5
kdhdxge,0.5
kdhmrbp,0.5
kdhosdt,0.5
kdikbeg,0.5
kdiwvzy,0.5
kdmxzam,0.5
kdmyvaz,0.5
kdnwmir,0.5
kdqkucy,0.5
kdriokd,0.5
kdsjjlp,0.5
kdsuwxd,0.5
kdtcoqw,0.5
kdtfezw,0.5
kdumets,0.5
kdwsczh,0.5
kdxebyj,0.5
kdzacdc,0.5
kdzbyda,0.5
kdzguig,0.5
kdztqyf,0.5
kearmmk,0.5
keblfai,0.5
kebvrva,0.5
kecwlkx,0.5
kedcayo,0.5
kedzsmz,0.5
keeajzp,0.5
keebjgu,0.5
kehqynp,0.5
keinwcn,0.5
keiqeom,0.5
kejhbce,0.5
kejxiwl,0.5
kekiytv,0.5
kekqnzo,0.5
kemdnqo,0.5
kencylw,0.5
kepjvuv,0.5
kepwfnz,0.5
kerfpdb,0.5
kermfsa,0.5
keschty,0.5
kesirjm,0.5
ketvjaz,0.5
keubczd,0.5
keujluy,0.5
kevgqcf,0.5
kewugta,0.5
keydkbn,0.5
kezsved,0.5
kfayvso,0.5
kfbakyd,0.5
kfdcaii,0.5
kfgmdnu,0.5
kfhlvqq,0.5
kfhqltb,0.5
kfidjip,0.5
kfikkik,0.5
kfipgwm,0.5
kfketro,0.5
kfkgvly,0.5
kfkpqid,0.5
kflnhan,0.5
kflrqdc,0.5
kfngqri,0.5
kfnrwoe,0.5
kfohnwt,0.5
kfpwudl,0.5
kfqtzwn,0.5
kfuecwa,0.5
kfvbfwi,0.5
kfvgpgs,0.5
kfxwpfc,0.5
kfzkoqr,0.5
kfzucfa,0.5
kgapxau,0.5
kgawulj,0.5
kgddzxp,0.5
kgdhjbd,0.5
kgdydua,0.5
kgfpoav,0.5
kgjujgj,0.5
kgkjetf,0.5
kgmgwzy,0.5
kgmomht,0.5
kgmoxbf,0.5
kgndbll,0.5
kgpbqwh,0.5
kgsmuct,0.5
kgswnvd,0.5
kgtvxml,0.5
kgyohxw,0.5
kgzjxox,0.5
kgzpdsr,0.5
khaulvw,0.5
khcpden,0.5
khdjmbq,0.5
khdpqno,0.5
kheflyn,0.5
khgwiwk,0.5
khhfhsx,0.5
khhvwmw,0.5
khibayf,0.5
khikock,0.5
khjcjfx,0.5
khjepzj,0.5
khmnzpl,0.5
khouiry,0.5
khpjwvv,0.5
khprsjs,0.5
khpwodk,0.5
khsmwgp,0.5
khstfeq,0.5
khtcnfo,0.5
khtukuz,0.5
khueyqv,0.5
khuhufg,0.5
khunpad,0.5
khwmwig,0.5
khwpfyx,0.5
khxcmfn,0.5
khxfibs,0.5
khyiuni,0.5
khywcfv,0.5
khyzths,0.5
khzhzlx,0.5
khzyhco,0.5
kibhrri,0.5
kicusse,0.5
kidfdkw,0.5
kiecqqw,0.5
kiedtlq,0.5
kifdcse,0.5
kiglzmw,0.5
kigqnsh,0.5
kigsgcf,0.5
kiixatr,0.5
kikadwn,0.5
kikbjnk,0.5
kilworl,0.5
kilzind,0.5
kimiqlg,0.5
kimtgbg,0.5
kinlyfg,0.5
kinwybc,0.5
kiofwyv,0.5
kipsnfj,0.5
kiqqlol,0.5
kiqsupe,0.5
kishvtb,0.5
kisqoto,0.5
kitrnrl,0.5
kiudyqj,0.5
kiveqwu,0.5
kixkrdy,0.5
kixoyvc,0.5
kiyhogg,0.5
kizdfjy,0.5
kizmeop,0.5
kjachas,0.5
kjackok,0.5
kjaxnzd,0.5
kjbdxgi,0.5
kjbplyd,0.5
kjdcpou,0.5
kjeifzk,0.5
kjezndz,0.5
kjfaiqu,0.5
kjfbeks,0.5
kjftost,0.5
kjgloet,0.5
kjhfwyp,0.5
kjhmasy,0.5
kjhozoy,0.5
kjitqrn,0.5
kjiyrlz,0.5
kjjlruz,0.5
kjkxitj,0.5
kjlafgz,0.5
kjlhyuo,0.5
kjpaism,0.5
kjpyhnz,0.5
kjreibj,0.5
kjrnxdd,0.5
kjrpmvy,0.5
kjrycgt,0.5
kjsatee,0.5
kjsbsuy,0.5
kjtamqk,0.5
kjuxbgd,0.5
kjvdxmb,0.5
kjvgqzx,0.5
kjvgscu,0.5
kjvuiyr,0.5
kjxgdzh,0.5
kjxolig,0.5
kjxywhb,0.5
kjyssyb,0.5
kjzhdzo,0.5
kkaoikv,0.5
kkbzipm,0.5
kkcdera,0.5
kkdnmej,0.5
kkelxwd,0.5
kkfvdhj,0.5
kkgtxuh,0.5
kkhemsh,0.5
kkjrzvu,0.5
kkkufvj,0.5
kklnfvb,0.5
kklxpem,0.5
kkmatjc,0.5
kkmezjj,0.5
kkmflqr,0.5
kkmzdrf,0.5
kknjcmz,0.5
kknylzl,0.5
kkocsyp,0.5
kkovyzo,0.5
kkqoeqe,0.5
kkqpndq,0.5
kkrytmy,0.5
kktbkbi,0.5
kktdqkb,0.5
kkticlf,0.5
kktljht,0.5
kkuadet,0.5
kkvgqod,0.5
kkwnsrs,0.5
kkwqxkw,0.5
kkwxqit,0.5
kkybhva,0.5
kkzmkul,0.5
kkzxyki,0.5
klbeaqy,0.5
klceprh,0.5
klddqap,0.5
klexsml,0.5
klfdhna,0.5
klfiqdj,0.5
klgcoet,0.5
klghfvg,0.5
klgvjfh,0.5
klhzqkr,0.5
klidmmg,0.5
kljlvxr,0.5
kljtjyf,0.5
klkmjne,0.5
klkntdv,0.5
kllcfsi,0.5
klldfgs,0.5
kllkqfo,0.5
klllaml,0.5
kllocoq,0.5
klmtdlf,0.5
klnmgbm,0.5
klqviou,0.5
klsevky,0.5
klwhqas,0.5
klxfcca,0.5
kmarkns,0.5
kmbiofm,0.5
kmcpbuy,0.5
kmcxylu,0.5
kmdmmka,0.5
kmedpka,0.5
kmedyrc,0.5
kmfhnir,0.5
kmhnzgd,0.5
kmhxknc,0.5
kmitucj,0.5
kmiwhqk,0.5
kmiyxnt,0.5
kmjreiv,0.5
kmkpfej,0.5
kmlaquc,0.5
kmlmlmf,0.5
kmmidhc,0.5
kmmquwi,0.5
kmndljr,0.5
kmsafps,0.5
kmsgmcz,0.5
kmtakxs,0.5
kmtdsdt,0.5
kmtpkex,0.5
kmufusx,0.5
kmuzmbb,0.5
kmvbmvq,0.5
kmvjxui,0.5
kmvkecm,0.5
kmvmhvq,0.5
kmwohbm,0.5
kmxaygi,0.5
kmxkrsc,0.5
kmznahh,0.5
kmznhzv,0.5
knadelm,0.5
knbxywl,0.5
knebtww,0.5
knepqsl,0.5
knerwqi,0.5
knfckfp,0.5
knghfch,0.5
knjrmiv,0.5
knjwtff,0.5
knkxgnn,0.5
knkysyg,0.5
knlhxjv,0.5
knlsana,0.5
knnhruz,0.5
knnlgox,0.5
knnnnau,0.5
knnzuex,0.5
knooopb,0.5
knpmwyz,0.5
knqiylw,0.5
knrdifg,0.5
knussvd,0.5
knwoepm,0.5
knxnbor,0.5
knxzrhq,0.5
knykaax,0.5
knylhrg,0.5
koanqpj,0.5
kocrzgm,0.5
koetado,0.5
koevtsg,0.5
kogcqui,0.5
kogurif,0.5
koiuyjx,0.5
kojmdts,0.5
kojmkdy,0.5
kokasyg,0.5
kokmsdg,0.5
koltgdo,0.5
konjyyp,0.5
kooitst,0.5
kopwqtq,0.5
kopxgyl,0.5
kopyqxs,0.5
koqddpp,0.5
korindy,0.5
koujuuj,0.5
koydukl,0.5
koyoups,0.5
koziojb,0.5
kpafshg,0.5
kpbfbpz,0.5
kpbgdhx,0.5
kpbyhca,0.5
kpcfkhh,0.5
kpcthtb,0.5
kpctrsh,0.5
kpdzdml,0.5
kphaipu,0.5
kphgvik,0.5
kpiauso,0.5
kpkbvva,0.5
kplhdtv,0.5
kpliugh,0.5
kpmyssy,0.5
kpnksmt,0.5
kpobauu,0.5
kpoibvo,0.5
kppevcj,0.5
kppgagt,0.5
kprrhsy,0.5
kpsbouy,0.5
kpsgmks,0.5
kptrgqc,0.5
kpviuvt,0.5
kpwjevn,0.5
kpzgoip,0.5
kpztixt,0.5
kpztxiq,0.5
kqaeffk,0.5
kqcdzhm,0.5
kqclrwd,0.5
kqdojyw,0.5
kqenouk,0.5
kqfolqz,0.5
kqfuxqx,0.5
kqhefsh,0.5
kqicqjf,0.5
kqjjhoq,0.5
kqkakjp,0.5
kqmbiam,0.5
kqnqxzt,0.5
kqoxuvh,0.5
kqpbqmt,0.5
kqsspcn,0.5
kqtiyvc,0.5
kqttupf,0.5
kquqmeu,0.5
kqwleyu,0.5
kqwwduz,0.5
kqxaddc,0.5
krbmqlv,0.5
krckmqn,0.5
krcltng,0.5
krcykfi,0.5
krdbjfq,0.5
kredtrv,0.5
krfhekg,0.5
krgqkrr,0.5
krjuecx,0.5
krmfsao,0.5
krmwwre,0.5
krmyvhs,0.5
krncmxl,0.5
krnpssj,0.5
krnurma,0.5
krokscd,0.5
krosdha,0.5
krpmzwg,0.5
krpplbp,0.5
krscjpf,0.5
krsvddf,0.5
krtegjj,0.5
krxggne,0.5
krxyfsm,0.5
krzfnff,0.5
krzqwuf,0.5
ksbrdbt,0.5
ksckcqv,0.5
kseicgi,0.5
ksfegec,0.5
kshrcue,0.5
kskoouj,0.5
ksktdxw,0.5
kslahju,0.5
ksmdprz,0.5
ksndmzi,0.5
ksovjzl,0.5
ksoxfjn,0.5
kssbxzz,0.5
kstolnx,0.5
ksuairu,0.5
ksvazdq,0.5
ksxboiy,0.5
ksxiwya,0.5
ksxlqca,0.5
ksxnxnq,0.5
ktamieq,0.5
ktaomiy,0.5
ktbgcjp,0.5
ktbnjvn,0.5
ktcketg,0.5
ktetmxm,0.5
ktgfmko,0.5
ktjbzeh,0.5
ktjftsx,0.5
ktjktro,0.5
ktjrbxr,0.5
ktjrezk,0.5
ktjxqnx,0.5
ktkcezj,0.5
ktkgcgx,0.5
ktkjtic,0.5
ktllshx,0.5
ktnavop,0.5
ktpdjlh,0.5
ktplvim,0.5
ktpqneg,0.5
ktpvkcr,0.5
ktqytsd,0.5
ktsbjfz,0.5
ktuxkgu,0.5
ktvfzvn,0.5
ktxxvct,0.5
ktyaeha,0.5
ktypwdi,0.5
ktzhrlx,0.5
ktzwufm,0.5
kuadtbh,0.5
kubgvxn,0.5
kubpeww,0.5
kucbvkz,0.5
kudmbsz,0.5
kudqldl,0.5
kudxzos,0.5
kufcoyr,0.5
kuidexw,0.5
kulmrlz,0.5
kunrdkm,0.5
kunvljf,0.5
kunzjlv,0.5
kuqbilw,0.5
kuqtxoh,0.5
kurjnlk,0.5
kutitay,0.5
kuutlra,0.5
kuuydvj,0.5
kuvqyix,0.5
kuvvael,0.5
kuxaxgs,0.5
kvbrsbb,0.5
kvbscyr,0.5
kvbwiox,0.5
kvcgnid,0.5
kvcxvgi,0.5
kvcyrym,0.5
kvczogw,0.5
kvdoccg,0.5
kvedmcb,0.5
kvegeah,0.5
kvevrxm,0.5
kvfrfjo,0.5
kvfspfp,0.5
kvfsqvy,0.5
kvgsyaj,0.5
kvgtgav,0.5
kvhfgdt,0.5
kvihcrk,0.5
kvmrhkl,0.5
kvmwtvb,0.5
kvphoyw,0.5
kvqdayi,0.5
kvrnhuj,0.5
kvrtdgp,0.5
kvryskk,0.5
kvtzmbu,0.5
kvwyila,0.5
kwbagga,0.5
kwbdjpb,0.5
kwegrgc,0.5
kweijzr,0.5
kwenymy,0.5
kwepmra,0.5
kwevjcw,0.5
kwgavqs,0.5
kwgxkzo,0.5
kwgyeec,0.5
kwheqeo,0.5
kwhhhsd,0.5
kwhldak,0.5
kwhygpf,0.5
kwjprru,0.5
kwjsdjr,0.5
kwnxsyu,0.5
kwpdyvd,0.5
kwplord,0.5
kwpvnrv,0.5
kwqokcc,0.5
kwvceup,0.5
kwxcqcj,0.5
kwxhzsa,0.5
kwxkrvd,0.5
kxamypu,0.5
kxbnwrp,0.5
kxbryig,0.5
kxcorpa,0.5
kxdxmmn,0.5
kxegsvk,0.5
kxehmpi,0.5
kxftqyt,0.5
kxgiglq,0.5
kxhagbg,0.5
kxicvnx,0.5
kxidujr,0.5
kxjfqzt,0.5
kxkhxpi,0.5
kxktvil,0.5
kxlalvu,0.5
kxleypj,0.5
kxnftnj,0.5
kxoabpp,0.5
kxpiuqf,0.5
kxpvhtv,0.5
kxqtlxz,0.5
kxrjflt,0.5
kxrumzy,0.5
kxuuegw,0.5
kxvleky,0.5
kxwkyci,0.5
kxwycem,0.5
kxydswv,0.5
kyajwnv,0.5
kyamvrt,0.5
kyapnaw,0.5
kyapxxb,0.5
kybxxzl,0.5
kydfvsb,0.5
kyfakta,0.5
kyfbtlt,0.5
kyfkpvt,0.5
kyfoiuk,0.5
kyfyiby,0.5
kygersk,0.5
kyibnsd,0.5
kyimtqx,0.5
kyixtxf,0.5
kykczlf,0.5
kylbfvu,0.5
kyldkqq,0.5
kylwnvl,0.5
kympwhs,0.5
kyobhsz,0.5
kyojfja,0.5
kyopmvi,0.5
kypinab,0.5
kyqtkut,0.5
kysywdc,0.5
kytcalp,0.5
kytdotx,0.5
kyugcdo,0.5
kyvzjzx,0.5
kyxcdti,0.5
kyyluna,0.5
kyzcxyk,0.5
kzblzbj,0.5
kzbvmto,0.5
kzcmjqe,0.5
kzdawee,0.5
kzdbquo,0.5
kzdcyib,0.5
kzdsmad,0.5
kzeemyy,0.5
kzffyuq,0.5
kzfhtad,0.5
kzfjnse,0.5
kzhkvtk,0.5
kzhpmav,0.5
kzhrimu,0.5
kzjahne,0.5
kzjdiqc,0.5
kzjkqjn,0.5
kzmtfcn,0.5
kznvplk,0.5
kzobkqy,0.5
kzppxnt,0.5
kzqtoic,0.5
kzrpruu,0.5
kztkbxz,0.5
kztuvpc,0.5
kzuhxbb,0.5
kzymruz,0.5
labsovi,0.5
lacjlds,0.5
lacubtm,0.5
laemsjb,0.5
lafdwhb,0.5
lafgekj,0.5
lagypxg,0.5
lahhepl,0.5
lahoett,0.5
lahqdsg,0.5
lakgeij,0.5
lamiiyu,0.5
lamoglv,0.5
laovfuf,0.5
laowjkr,0.5
lapbpen,0.5
lataema,0.5
laudobf,0.5
laugyga,0.5
laukipv,0.5
laurcqi,0.5
laurfkv,0.5
lauvzob,0.5
lavvjrk,0.5
lavxayz,0.5
lawedcu,0.5
lbbtxsb,0.5
lbdzyjx,0.5
lbffrot,0.5
lbgchus,0.5
lbgmjhl,0.5
lbhhvva,0.5
lbhwwjq,0.5
lbikuxx,0.5
lbionwm,0.5
lbkrsbx,0.5
lbljqzc,0.5
lbmehwi,0.5
lbnppmz,0.5
lbnuzpx,0.5
lbpkjdj,0.5
lbpqhee,0.5
lbtggux,0.5
lbtnajz,0.5
lbtwnbo,0.5
lbubteq,0.5
lbxgyjw,0.5
lbxnevr,0.5
lbxyaum,0.5
lbxyudn,0.5
lbzeobh,0.5
lcaegsw,0.5
lcaukmv,0.5
lccbvuw,0.5
lcemlag,0.5
lcfsnly,0.5
lcfxrba,0.5
lcgkadd,0.5
lcgmcva,0.5
lcipvqe,0.5
lcjzuoe,0.5
lckwdhd,0.5
lcmkcow,0.5
lcncscv,0.5
lcocpfi,0.5
lcourbr,0.5
lcouyuw,0.5
lcpgtay,0.5
lcsszjo,0.5
lcsvnae,0.5
lcthoyg,0.5
lcubiri,0.5
lcxciyk,0.5
lcxlfzl,0.5
lcypvsv,0.5
lcyvgnw,0.5
lcyvnqa,0.5
lczcpcw,0.5
ldafils,0.5
ldaikau,0.5
ldbcupe,0.5
ldbgwys,0.5
ldckabi,0.5
ldcozay,0.5
ldcqmft,0.5
ldcqylg,0.5
lddfpng,0.5
lddfrfb,0.5
ldelxud,0.5
ldewinz,0.5
ldfnhux,0.5
ldfuyyv,0.5
ldhofoc,0.5
ldhxxqy,0.5
ldljgke,0.5
ldmlrop,0.5
ldmshkb,0.5
ldnyexm,0.5
ldpgalg,0.5
ldpkwmp,0.5
ldqvbxm,0.5
ldrimrl,0.5
ldsgesl,0.5
lduhpnd,0.5
lduqwfr,0.5
lduupbs,0.5
ldvadvv,0.5
ldvhnyp,0.5
ldvpjkg,0.5
ldvzdkq,0.5
ldwjttp,0.5
ldwyuuv,0.5
ldxethd,0.5
ldywkah,0.5
ldzpomc,0.5
lebmnqy,0.5
lecdqgd,0.5
lecvncm,0.5
ledfnhg,0.5
ledfvyt,0.5
ledrpdt,0.5
ledynjj,0.5
leenscv,0.5
lehsljq,0.5
lehsndg,0.5
lejnxzn,0.5
lejqkbk,0.5
lekoqxt,0.5
lemfwyk,0.5
lemidul,0.5
lenbxyn,0.5
lenimnk,0.5
leovnqd,0.5
lepxtie,0.5
lepzbug,0.5
leqvzil,0.5
leqydly,0.5
leriivv,0.5
letbupl,0.5
letqaew,0.5
letqpjf,0.5
lettyan,0.5
leuiukh,0.5
leurbvr,0.5
levckzi,0.5
levgiem,0.5
lewcruz,0.5
lexuzxm,0.5
lexwkzl,0.5
leydxyz,0.5
lfccstb,0.5
lfdnrtd,0.5
lfegoth,0.5
lfejxwo,0.5
lffllxh,0.5
lfglfaf,0.5
lfhdsdf,0.5
lfhselg,0.5
lfhyqlj,0.5
lfimuqh,0.5
lfjcwmx,0.5
lfjpuyf,0.5
lfksnlk,0.5
lflsjah,0.5
lfluabc,0.5
lfmlkhv,0.5
lfnemnc,0.5
lfoojnb,0.5
lfrgivk,0.5
lfsqtfg,0.5
lfvaukw,0.5
lfwgmww,0.5
lfxeynq,0.5
lfypnns,0.5
lfywgif,0.5
lfzljdb,0.5
lfzxdpf,0.5
lganwwm,0.5
lgapzze,0.5
lgckapq,0.5
lgdtvks,0.5
lgepumu,0.5
lgesvdf,0.5
lgfzpix,0.5
lggedkp,0.5
lggzoyk,0.5
lgicuvq,0.5
lgjhtcm,0.5
lgjjsth,0.5
lgkdtah,0.5
lglmjxd,0.5
lgltrio,0.5
lglzxtm,0.5
lgmdkrn,0.5
lgoyljl,0.5
lgqzoli,0.5
lgrdmng,0.5
lgstpfg,0.5
lgswvth,0.5
lgupxsz,0.5
lgvnwhx,0.5
lgvthwn,0.5
lgwdefi,0.5
lgwodds,0.5
lgzcqvw,0.5
lhaytdv,0.5
lhcubww,0.5
lhcxnmh,0.5
lhebsyq,0.5
lhepblp,0.5
lhjcgea,0.5
lhjghiu,0.5
lhjjuky,0.5
lhlerex,0.5
lhlicds,0.5
lhobzzt,0.5
lhoyrlq,0.5
lhpcpft,0.5
lhpplyu,0.5
lhpsblt,0.5
lhqpfqc,0.5
lhratjd,0.5
lhrmjvi,0.5
lhubfgj,0.5
lhuqlnk,0.5
lhusgpb,0.5
lhvfbmj,0.5
lhwrmrw,0.5
lhydobe,0.5
lhzpedn,0.5
liaoabt,0.5
libvkpy,0.5
lidtllx,0.5
lidupdk,0.5
lieahix,0.5
liflftf,0.5
lifrwcf,0.5
liggzew,0.5
ligschi,0.5
liiuvhp,0.5
lijxhdu,0.5
lijxmms,0.5
lilhiwb,0.5
liljydc,0.5
limrywe,0.5
linfdmp,0.5
linjfei,0.5
linpspb,0.5
linszxb,0.5
linthqg,0.5
liocwuu,0.5
liqcqir,0.5
liqtnam,0.5
lirsppz,0.5
lisilvq,0.5
litfoha,0.5
litgzei,0.5
litxlza,0.5
litxvhj,0.5
liuhjaw,0.5
liuynnz,0.5
livmmvv,0.5
livyubl,0.5
liwsbvy,0.5
lixqoia,0.5
lixwvos,0.5
lizgqsi,0.5
lizrqoz,0.5
ljaiiml,0.5
ljbdoiz,0.5
ljcdysv,0.5
ljdyvun,0.5
ljearfl,0.5
ljehksd,0.5
ljgaenu,0.5
ljgjovb,0.5
ljhjohh,0.5
ljiqkrp,0.5
ljjwgng,0.5
ljktnut,0.5
ljligkb,0.5
ljnpdqu,0.5
ljosyvb,0.5
ljpkbpn,0.5
ljprljz,0.5
ljqufff,0.5
ljsegey,0.5
ljtnrpu,0.5
ljuhrif,0.5
ljuihko,0.5
ljuqgmc,0.5
ljuuhlo,0.5
ljxbbwo,0.5
ljygwrx,0.5
ljynqgb,0.5
lkafesl,0.5
lkbfqqf,0.5
lkcwlpk,0.5
lkdhtrc,0.5
lkdniwq,0.5
lkdwdfs,0.5
lkfwtsd,0.5
lkgjgqm,0.5
lkgtoik,0.5
lkgwwwf,0.5
lkhfkxl,0.5
lkiegpw,0.5
lkiqzvv,0.5
lkjmcyk,0.5
lkkufpg,0.5
lkltlck,0.5
lklxbup,0.5
lkmtnty,0.5
lkndfrq,0.5
lknuehx,0.5
lkqttzi,0.5
lksnhsf,0.5
lksqzub,0.5
lkttalf,0.5
lkvnmbl,0.5
lkvxosd,0.5
lkxarmm,0.5
lkxmlms,0.5
lkxzjkc,0.5
lkytebw,0.5
lkzjhvj,0.5
llblgkc,0.5
llbywjn,0.5
llchdeu,0.5
lldrxuc,0.5
llejkxm,0.5
llerqah,0.5
lleycux,0.5
llgcxcb,0.5
llilxsd,0.5
lljkfeb,0.5
llkypoa,0.5
lllhdxr,0.5
llnzgzj,0.5
llpgepb,0.5
llpulnl,0.5
llqrykw,0.5
llrmqfw,0.5
llsewwz,0.5
lltfzde,0.5
lluagyz,0.5
lluhkva,0.5
llutyhs,0.5
llvulfh,0.5
llwnjvd,0.5
llwxfdu,0.5
llydlvb,0.5
llykjao,0.5
llzshol,0.5
llzsxku,0.5
llztxii,0.5
lmahwhk,0.5
lmbbvhf,0.5
lmbjijp,0.5
lmbowbp,0.5
lmcbrzf,0.5
lmcpstk,0.5
lmdtpck,0.5
lmectpf,0.5
lmfcixr,0.5
lmfgjjk,0.5
lmhceeo,0.5
lmhease,0.5
lmhrnqz,0.5
lmixyhp,0.5
lmjefll,0.5
lmjmlol,0.5
lmlelyi,0.5
lmmcvoc,0.5
lmmnsjc,0.5
lmnifqz,0.5
lmogqeh,0.5
lmpgoec,0.5
lmpknby,0.5
lmqlsnc,0.5
lmrjpdf,0.5
lmurngj,0.5
lmuuyxu,0.5
lmvxlyf,0.5
lmwopdu,0.5
lmwtjzy,0.5
lmygbdn,0.5
lmykvqv,0.5
lmyqeox,0.5
lmzrymp,0.5
lmzscij,0.5
lnandxd,0.5
lnbklik,0.5
lndvnxn,0.5
lnekicb,0.5
lnfndfx,0.5
lnfujkx,0.5
lnfxbsa,0.5
lnhcxcd,0.5
lnjcmht,0.5
lnktbtb,0.5
lnmfgdy,0.5
lnosaev,0.5
lnouaes,0.5
lnpxwog,0.5
lnpxznx,0.5
lnqeukr,0.5
lnrpbps,0.5
lnsypth,0.5
lntghke,0.5
lnuogir,0.5
lnwjnvw,0.5
lnyfmri,0.5
lnyhyof,0.5
lnykyni,0.5
loapyzk,0.5
loczsmn,0.5
loemhxd,0.5
loetidh,0.5
lofnuqz,0.5
logznre,0.5
lohnucn,0.5
lohoqqs,0.5
lohynsy,0.5
lojcaoq,0.5
lojisjt,0.5
lojjlxo,0.5
lojvmqh,0.5
lolpand,0.5
lonbpls,0.5
loraykh,0.5
loszpdh,0.5
lovhxad,0.5
loyuzna,0.5
lozdreh,0.5
lozippm,0.5
lozjjmd,0.5
lpazydb,0.5
lpesixs,0.5
lpfsjic,0.5
lpgjytq,0.5
lpgyycu,0.5
lphmnpd,0.5
lpkbazi,0.5
lpkqdxi,0.5
lpktwqf,0.5
lplvbuj,0.5
lpmcssj,0.5
lpmvcpz,0.5
lpmwxqq,0.5
lpmyxdp,0.5
lpqoerf,0.5
lpqvxtv,0.5
lprztzm,0.5
lpsahlb,0.5
lpsnzqa,0.5
lpuyhyu,0.5
lpvthtl,0.5
lpwjdxb,0.5
lpwlwln,0.5
lpydwjx,0.5
lpyiqsn,0.5
lpylgfw,0.5
lqadfzu,0.5
lqargjp,0.5
lqaujji,0.5
lqbjleu,0.5
lqcmwhm,0.5
lqepeah,0.5
lqfjszx,0.5
lqhxami,0.5
lqixghb,0.5
lqkoywp,0.5
lqkyzkp,0.5
lqmfdyw,0.5
lqmmftr,0.5
lqoamtg,0.5
lqourky,0.5
lqswdva,0.5
lqtzchr,0.5
lquwevr,0.5
lqxjpme,0.5
lqyfeli,0.5
lqykffv,0.5
lqzquer,0.5
lqzwcmz,0.5
lqzzdqk,0.5
lramucj,0.5
lranirn,0.5
lratcwv,0.5
lrbwkjo,0.5
lrcmcgf,0.5
lrcnqgp,0.5
lrdltxi,0.5
lrevizj,0.5
lrewcio,0.5
lrfvgey,0.5
lrfyhwc,0.5
lrgbyhk,0.5
lrgutme,0.5
lrgyjkd,0.5
lrjwtcd,0.5
lrkrvxs,0.5
lrljmza,0.5
lrmkuux,0.5
lrodtid,0.5
lrofnqt,0.5
lroxyix,0.5
lroxzxz,0.5
lrprreh,0.5
lrpsixo,0.5
lrqfqch,0.5
lrqnpzl,0.5
lrrbejj,0.5
lrrbkzq,0.5
lrszlos,0.5
lrtpqoh,0.5
lrveyjk,0.5
lrxwmab,0.5
lrydgrc,0.5
lrylqpt,0.5
lryrwht,0.5
lrzkvoe,0.5
lrzlnyu,0.5
lsareba,0.5
lsbgijs,0.5
lsgmulb,0.5
lshjbgj,0.5
lsjenri,0.5
lskmsjx,0.5
lsmtmbo,0.5
lsntnij,0.5
lsnuiey,0.5
lsnxvsz,0.5
lsopmgb,0.5
lspqeex,0.5
lstfuiw,0.5
lstlnac,0.5
lstpure,0.5
lstpyts,0.5
lsuadoa,0.5
lsujeml,0.5
lswsjrr,0.5
lsxgjzq,0.5
lsxjkso,0.5
lsxtmol,0.5
lsxzghi,0.5
lszqkjw,0.5
ltbdjbo,0.5
ltblvji,0.5
ltbrdod,0.5
ltckpar,0.5
ltevypd,0.5
ltgasjz,0.5
ltgnfwg,0.5
ltgzpaj,0.5
lthgylr,0.5
ltkubtf,0.5
ltmiplx,0.5
ltmjbsq,0.5
ltmjoed,0.5
ltmkukw,0.5
ltmyaew,0.5
ltnpzvb,0.5
ltnwixk,0.5
ltorwee,0.5
ltprxni,0.5
ltqdaft,0.5
ltrcgwp,0.5
ltrmquo,0.5
ltrsgjz,0.5
ltsbtbf,0.5
lttbcit,0.5
ltthkme,0.5
lttogob,0.5
ltuixsa,0.5
ltverke,0.5
ltvlszz,0.5
ltvqyvz,0.5
ltvthgb,0.5
ltwmwgf,0.5
ltyvifg,0.5
ltzlwsj,0.5
ltzyshd,0.5
lubnehv,0.5
lucbxmv,0.5
ludeowf,0.5
luiffgx,0.5
luiloov,0.5
luiqwcg,0.5
lujxipx,0.5
lukmrcw,0.5
lukotfn,0.5
lulrnnk,0.5
lulxzlp,0.5
lumaeok,0.5
lumgivl,0.5
lunfyzc,0.5
lunuuvb,0.5
luoarzd,0.5
luplimu,0.5
lupwrca,0.5
lurmgiv,0.5
lurqvzv,0.5
luvrgkf,0.5
luwdynf,0.5
luxdsxy,0.5
luxqzbo,0.5
luyinaj,0.5
lvalyyy,0.5
lvbclkr,0.5
lvbeuko,0.5
lvcnskl,0.5
lvctxza,0.5
lvgicsq,0.5
lvgxjzo,0.5
lvhxezp,0.5
lviesim,0.5
lvjoubi,0.5
lvnsswg,0.5
lvosfmm,0.5
lvozvfa,0.5
lvphwsi,0.5
lvqjddt,0.5
lvqqqzt,0.5
lvqtpdh,0.5
lvszmzh,0.5
lvtamug,0.5
lvtdrzm,0.5
lvudqal,0.5
lvuiubn,0.5
lvuohir,0.5
lvxgzrb,0.5
lvyrgcs,0.5
lvyybky,0.5
lvzmfvr,0.5
lwcapux,0.5
lwdupdq,0.5
lweycyi,0.5
lweyenz,0.5
lwfvlto,0.5
lwhiwnq,0.5
lwiqiuj,0.5
lwjjgoc,0.5
lwkgebq,0.5
lwlnwyj,0.5
lwoyijh,0.5
lwpauoq,0.5
lwpeawk,0.5
lwsatng,0.5
lwsrren,0.5
lwswuuw,0.5
lwufiww,0.5
lwunreo,0.5
lwuqoay,0.5
lwuvppo,0.5
lwvgknx,0.5
lwxcogr,0.5
lwxwikg,0.5
lwyaisa,0.5
lwzqsby,0.5
lxahvyi,0.5
lxajsqm,0.5
lxamhej,0.5
lxdavzt,0.5
lxeahyt,0.5
lxfjwhp,0.5
lxfplgd,0.5
lxhckkc,0.5
lxhqxau,0.5
lxitlkl,0.5
lxksaxp,0.5
lxlblai,0.5
lxlpzzf,0.5
lxlrnqv,0.5
lxlxacx,0.5
lxlxlnd,0.5
lxmbhdr,0.5
lxmvwkb,0.5
lxnbxda,0.5
lxnikjj,0.5
lxntnle,0.5
lxoutfg,0.5
lxozmez,0.5
lxqslpw,0.5
lxrlxpg,0.5
lxrqupi,0.5
lxrvaaz,0.5
lxsiyyb,0.5
lxvucfk,0.5
lxvvbai,0.5
lxwvybm,0.5
lxxjmei,0.5
lxxjqmf,0.5
lxxmqea,0.5
lxxngyx,0.5
lxxoeou,0.5
lxypikd,0.5
lxzehvi,0.5
lyaqmxp,0.5
lybvlzg,0.5
lyciwnf,0.5
lycsido,0.5
lyevfhb,0.5
lyfmxdl,0.5
lyfwfoh,0.5
lyhcmgn,0.5
lyhvmrt,0.5
lyitzno,0.5
lyjcbkm,0.5
lyjzfmz,0.5
lykvdrs,0.5
lylufoa,0.5
lymtwzt,0.5
lyofaum,0.5
lypletq,0.5
lypxmij,0.5
lypzcvq,0.5
lypzudw,0.5
lyqfrma,0.5
lyrzugu,0.5
lysiuhu,0.5
lytmurw,0.5
lywbgzk,0.5
lywdyte,0.5
lywoetn,0.5
lyxajiq,0.5
lyxifnc,0.5
lyxxrjw,0.5
lyyizxd,0.5
lyywkke,0.5
lyyyigp,0.5
lyzcppp,0.5
lyzdmzh,0.5
lyzutoh,0.5
lyzvgqh,0.5
lzckhos,0.5
lzcqzfj,0.5
lzdwtwm,0.5
lzesbgh,0.5
lzfufzr,0.5
lzgiifn,0.5
lzhdktf,0.5
lzhtflc,0.5
lzjvxzh,0.5
lzkcpkj,0.5
lzlxljc,0.5
lzmlqgp,0.5
lzmmrzy,0.5
lznwmlc,0.5
lznyplr,0.5
lzogqrp,0.5
lzqfyfr,0.5
lzqizct,0.5
lzqkkas,0.5
lzrymyz,0.5
lzsfnfe,0.5
lzsfyui,0.5
lzswkda,0.5
lztyamv,0.5
lzukhyw,0.5
lzuuujd,0.5
lzvkqyg,0.5
lzwciqy,0.5
lzxdzpe,0.5
lzxhpcs,0.5
lzxtlkg,0.5
lzzusza,0.5
maairdk,0.5
macxyql,0.5
madzfqv,0.5
maexkdd,0.5
mafzvuq,0.5
mahtahj,0.5
maiuyon,0.5
maiwkre,0.5
majgjkq,0.5
makdbdo,0.5
makvrrj,0.5
malbhsl,0.5
maliaxb,0.5
malldbm,0.5
mamgyll,0.5
mamjgyh,0.5
maogzir,0.5
maotuxa,0.5
marhnhi,0.5
marlosh,0.5
marnvcc,0.5
masmnud,0.5
masrkcw,0.5
maswlum,0.5
matfudc,0.5
matoqkl,0.5
maujtsm,0.5
mavkdpa,0.5
mavnqfs,0.5
mawcmyt,0.5
mawoyrt,0.5
maxnlbu,0.5
maxtldh,0.5
mayfcnc,0.5
mayundc,0.5
mazeelq,0.5
mazvnqf,0.5
mbajhzs,0.5
mbbnmxn,0.5
mbbqjtx,0.5
mbdjrom,0.5
mbdxnol,0.5
mbeginc,0.5
mbfdskh,0.5
mbgscnz,0.5
mbgzdzm,0.5
mbhdiaf,0.5
mbiiixa,0.5
mbikbjo,0.5
mbiuudz,0.5
mbivuiu,0.5
mbjbnob,0.5
mbjlvmp,0.5
mbkhgqh,0.5
mbmadaq,0.5
mbnntoj,0.5
mbobmyv,0.5
mbobubr,0.5
mbohpav,0.5
mbpkncd,0.5
mbqlrtn,0.5
mbsyxqb,0.5
mbszrux,0.5
mbugrur,0.5
mbwjuhk,0.5
mbwlycg,0.5
mbxlvyg,0.5
mbxovwp,0.5
mbyheoh,0.5
mcaacqd,0.5
mcbaics,0.5
mcevbyo,0.5
mchckab,0.5
mchoaez,0.5
mchpdui,0.5
mchsnzh,0.5
mcicfzw,0.5
mcihbby,0.5
mcihbun,0.5
mcimgrd,0.5
mciqilg,0.5
mcixizz,0.5
mcjcymc,0.5
mcntbrv,0.5
mcoxdom,0.5
mcpdngu,0.5
mcpfjgf,0.5
mcrjukz,0.5
mcrpofq,0.5
mcrqxbc,0.5
mcsnusi,0.5
mctimve,0.5
mcuqcon,0.5
mcurxqs,0.5
mcuxptd,0.5
mcvchof,0.5
mcvphgi,0.5
mcvzbbt,0.5
mcwfilh,0.5
mcwfnml,0.5
mcwhmhj,0.5
mcwouwu,0.5
mcxxewf,0.5
mcyzmmw,0.5
mdahxea,0.5
mdalwmk,0.5
mdausrw,0.5
mddmmzv,0.5
mdfgshb,0.5
mdhtfea,0.5
mdidwls,0.5
mdiprbb,0.5
mdjonpx,0.5
mdkkgbw,0.5
mdknndp,0.5
mdlpzdz,0.5
mdoplqw,0.5
mdopomh,0.5
mdqldqr,0.5
mdstods,0.5
mduphci,0.5
mduyhgc,0.5
mdvuozq,0.5
mdvwxel,0.5
mdydejk,0.5
mdyizjk,0.5
mdynmbl,0.5
mdzcltf,0.5
mdzxvgj,0.5
mearvdp,0.5
mebboln,0.5
mebeqna,0.5
mebfmqz,0.5
medjdav,0.5
mefmuve,0.5
mefycem,0.5
megkeur,0.5
meheumx,0.5
mehoisp,0.5
mehtctl,0.5
mejxkdm,0.5
memgkca,0.5
memumqd,0.5
meoaxpg,0.5
meoopme,0.5
meprkzd,0.5
meptonl,0.5
meqaius,0.5
merjnwc,0.5
mesvmog,0.5
metefjw,0.5
metogzl,0.5
meuqioi,0.5
meuywbm,0.5
mevrhcd,0.5
mevwscq,0.5
mewkboa,0.5
mfanvph,0.5
mfcdoio,0.5
mffccjc,0.5
mfhbkdl,0.5
mfhxnms,0.5
mfifarz,0.5
mfkrctp,0.5
mfllvfv,0.5
mflmcsx,0.5
mflvmqw,0.5
mfmduvb,0.5
mfmrscv,0.5
mfnfixp,0.5
mfogzfo,0.5
mfpvqhe,0.5
mfrzfkd,0.5
mftesdh,0.5
mftjdra,0.5
mftxjxx,0.5
mfvfkvu,0.5
mfvjthv,0.5
mfvmlvi,0.5
mfwhstb,0.5
mfxfkxz,0.5
mfymnje,0.5
mgcnyuj,0.5
mgerkex,0.5
mgexgwg,0.5
mgfbdyg,0.5
mgfgtcl,0.5
mgfqggi,0.5
mgftsfs,0.5
mggnbdf,0.5
mgialgx,0.5
mgjimfp,0.5
mgjxtni,0.5
mglkiuj,0.5
mgmhtzs,0.5
mgmosua,0.5
mgmtssr,0.5
mgokxrs,0.5
mgotfdn,0.5
mgphdcp,0.5
mgqjdpa,0.5
mgsrtll,0.5
mgtajsc,0.5
mgugxvr,0.5
mgwgjsw,0.5
mgwssfw,0.5
mgxhaau,0.5
mgxwodp,0.5
mgyjyff,0.5
mgzgsti,0.5
mhbmwct,0.5
mhckavj,0.5
mhfjecc,0.5
mhjbvmd,0.5
mhjvtlk,0.5
mhkzmtn,0.5
mhloetw,0.5
mhltrrh,0.5
mhmjdky,0.5
mhnmxil,0.5
mhnsrzy,0.5
mhrqgid,0.5
mhryptb,0.5
mhsjmfe,0.5
mhteqjd,0.5
mhtodzf,0.5
mhuwiwf,0.5
mhvfkdp,0.5
mhvpqxz,0.5
mhxjtir,0.5
mhypllf,0.5
mhzpfvi,0.5
mibodzy,0.5
micolke,0.5
midknnx,0.5
midrbsf,0.5
midvufr,0.5
miefeff,0.5
miekxii,0.5
mieytwk,0.5
mihhxps,0.5
mihqqdx,0.5
miijnrk,0.5
mijgjcq,0.5
mijjnwj,0.5
mijquyg,0.5
mikjztn,0.5
milyehp,0.5
mincsgw,0.5
minuflx,0.5
minwhtb,0.5
mipnvhn,0.5
miprnkx,0.5
mipyssz,0.5
miqafpj,0.5
miqesnh,0.5
miqyigt,0.5
mirnprh,0.5
mitfzsz,0.5
mitkqkj,0.5
mitujsb,0.5
miwegrg,0.5
miwqvtv,0.5
miysesp,0.5
mjaescm,0.5
mjbcyiy,0.5
mjbhcsd,0.5
mjctfgm,0.5
mjdudfx,0.5
mjegtav,0.5
mjffqpc,0.5
mjgebhq,0.5
mjigglj,0.5
mjjurqk,0.5
mjmkfjz,0.5
mjmkyvo,0.5
mjmtnuz,0.5
mjphrnm,0.5
mjpzcek,0.5
mjsxpzn,0.5
mjthatb,0.5
mjujfeu,0.5
mjuovzy,0.5
mjvypgw,0.5
mjwhxip,0.5
mjwksiu,0.5
mjwmltv,0.5
mjwvlen,0.5
mjxgtap,0.5
mjxgzne,0.5
mjxkscp,0.5
mjxrmkf,0.5
mjylqwt,0.5
mjzggky,0.5
mjzludp,0.5
mkammtp,0.5
mkbdobb,0.5
mkcbafx,0.5
mkcoxie,0.5
mkdftax,0.5
mkeerxs,0.5
mkfgarg,0.5
mkgbhke,0.5
mkgdtpo,0.5
mkgenri,0.5
mkgjemt,0.5
mkgvjdk,0.5
mkhasiy,0.5
mkhydcu,0.5
mkilwft,0.5
mkjqjaj,0.5
mkjzmcp,0.5
mkmphxf,0.5
mknusck,0.5
mkokujq,0.5
mkrnhqj,0.5
mkrunuj,0.5
mksvdqd,0.5
mktrucj,0.5
mkttlmc,0.5
mkwejro,0.5
mkwgicl,0.5
mkwiovt,0.5
mkxlqma,0.5
mkyjipj,0.5
mlcdrsy,0.5
mlcftgh,0.5
mlcjvfm,0.5
mlcyrrq,0.5
mldeyej,0.5
mlfolei,0.5
mlhzhbp,0.5
mlinatp,0.5
mlkgtrw,0.5
mlkkctn,0.5
mllykea,0.5
mlmirvw,0.5
mlnsrli,0.5
mlpahvw,0.5
mlqjlvu,0.5
mlshqxh,0.5
mlutnvt,0.5
mlutzrf,0.5
mlvxtwn,0.5
mlvyrfx,0.5
mlwetab,0.5
mlwutgo,0.5
mlxjzxa,0.5
mlxnueg,0.5
mlxsxld,0.5
mlyjlem,0.5
mlynpkd,0.5
mlzawpp,0.5
mlzervk,0.5
mmcquso,0.5
mmczpdm,0.5
mmekvbm,0.5
mmeqzhh,0.5
mmghhsc,0.5
mmijllm,0.5
mmjjprx,0.5
mmjovgr,0.5
mmjwwgz,0.5
mmkjazg,0.5
mmmstdn,0.5
mmmujjw,0.5
mmnpmgi,0.5
mmnzkvm,0.5
mmouwbx,0.5
mmpdpdo,0.5
mmqzedh,0.5
mmrnexo,0.5
mmsiffh,0.5
mmslihw,0.5
mmtgfwm,0.5
mmvldjg,0.5
mmvzdfj,0.5
mmwcdsw,0.5
mmydsog,0.5
mmyyexf,0.5
mmzgrft,0.5
mnaiszu,0.5
mnceazy,0.5
mneffwt,0.5
mneunwy,0.5
mnfwqpa,0.5
mngyurz,0.5
mnhdsex,0.5
mnhiyfj,0.5
mnhpchz,0.5
mnhwipt,0.5
mniduak,0.5
mnizivr,0.5
mnkmydv,0.5
mnkzcxa,0.5
mnmnxgo,0.5
mnmovud,0.5
mnmpowa,0.5
mnnemhp,0.5
mnohdpl,0.5
mnonhei,0.5
mnrvthw,0.5
mnrwkgk,0.5
mnuavgh,0.5
mnurepx,0.5
mnwbcvi,0.5
mnwznlf,0.5
mnyfxmp,0.5
moadlva,0.5
modkohb,0.5
modrght,0.5
moecflm,0.5
mogrpko,0.5
mogtkoj,0.5
mohgmvs,0.5
moljtgb,0.5
molpvfd,0.5
moltmwa,0.5
molynfz,0.5
mopghpx,0.5
mosofng,0.5
moudduc,0.5
mouldtc,0.5
mouqnxc,0.5
moxotrq,0.5
mozewpk,0.5
mpagsxl,0.5
mpaxefd,0.5
mpcaicm,0.5
mpdhewm,0.5
mpeooxj,0.5
mpeptyp,0.5
mpevkcr,0.5
mpfhvdj,0.5
mpgbjmg,0.5
mpgeqxy,0.5
mpgiopl,0.5
mpgkrmu,0.5
mphrarn,0.5
mpjtsui,0.5
mpldwhr,0.5
mplpmqk,0.5
mplwfoh,0.5
mpmwius,0.5
mppbsfm,0.5
mppgpze,0.5
mpqeuyk,0.5
mprcunn,0.5
mprrkfd,0.5
mpsblkq,0.5
mptezmt,0.5
mpulxve,0.5
mpwzrew,0.5
mpxkkii,0.5
mqagzqa,0.5
mqceehh,0.5
mqcygkz,0.5
mqfgqre,0.5
mqglfva,0.5
mqgqrxf,0.5
mqhekyo,0.5
mqhexle,0.5
mqhqwvq,0.5
mqimksf,0.5
mqjzmlt,0.5
mqkklbl,0.5
mqkvert,0.5
mqltknf,0.5
mqnomph,0.5
mqolcmg,0.5
mqpstnl,0.5
mqqlyvk,0.5
mqqynml,0.5
mqrlexs,0.5
mqrsazr,0.5
mqtyyck,0.5
mqucnvu,0.5
mqujseq,0.5
mqvsnuu,0.5
mqvwdgv,0.5
mqxthki,0.5
mqyjfhb,0.5
mqzcykl,0.5
mrbdwhw,0.5
mrbtbti,0.5
mrcqcqy,0.5
mrdsrek,0.5
mretdjn,0.5
mrfesks,0.5
mrheehx,0.5
mrhskjp,0.5
mrhvqse,0.5
mrjpypa,0.5
mrjquet,0.5
mrkxsky,0.5
mrkyipn,0.5
mrlkjmm,0.5
mrlprms,0.5
mrnhrlt,0.5
mrnqynw,0.5
mrnyloc,0.5
mrpzkpk,0.5
mrqkqvb,0.5
mrrbvjf,0.5
mrsehki,0.5
mrtjfoc,0.5
mrvcsrw,0.5
mrvpkmr,0.5
mrwugsj,0.5
mryafkh,0.5
mrywkrs,0.5
mrzslqf,0.5
msatmkq,0.5
msboacg,0.5
msbpluj,0.5
mscanjn,0.5
mscvhcx,0.5
msdcsdi,0.5
msecuxd,0.5
msfhmso,0.5
msfkjdm,0.5
msgesgo,0.5
msgqhit,0.5
mshbvbd,0.5
mshzsww,0.5
msiizhi,0.5
msiszsr,0.5
msjmblu,0.5
msjppxe,0.5
msmckoh,0.5
msmdtsm,0.5
msmlfjw,0.5
msmoqlk,0.5
msnvzur,0.5
msofidw,0.5
msomdxi,0.5
msqftre,0.5
msqtqxg,0.5
msqzbex,0.5
mstbslw,0.5
mstsxue,0.5
mswlwpq,0.5
msxgtoo,0.5
msxswhr,0.5
msxznce,0.5
msycaxz,0.5
msyouii,0.5
mszdapt,0.5
mszznkb,0.5
mtbhilo,0.5
mtcdujs,0.5
mtceiev,0.5
mtdkxym,0.5
mtekymm,0.5
mtfbttf,0.5
mtfugvs,0.5
mtgeycq,0.5
mtggqzp,0.5
mtghkiz,0.5
mtglciv,0.5
mtiljoh,0.5
mtjobiq,0.5
mtjqggj,0.5
mtkkach,0.5
mtlchpe,0.5
mtlurrc,0.5
mtnaqsi,0.5
mtpcfmg,0.5
mtpmikv,0.5
mtpreio,0.5
mtpufbg,0.5
mtqljgb,0.5
mtqwwrc,0.5
mtrtihn,0.5
mtsmfdi,0.5
mttpicc,0.5
mttxsjf,0.5
mtvauxx,0.5
mtvsmbc,0.5
mtyfltb,0.5
mtygmml,0.5
mtyjtzm,0.5
mudgown,0.5
mufxxlf,0.5
mugoabu,0.5
muigchs,0.5
muijqgz,0.5
mujedvh,0.5
mujmszg,0.5
mukhxsg,0.5
mukldug,0.5
muleazv,0.5
mumxqzv,0.5
mungrow,0.5
munwnxq,0.5
muobuyk,0.5
muojgaw,0.5
muqxjpw,0.5
murjhcs,0.5
murkzms,0.5
murmolj,0.5
mushmjd,0.5
muteuft,0.5
mutgbve,0.5
muutxij,0.5
muvavim,0.5
muxuglw,0.5
muznpyl,0.5
mvdgbyu,0.5
mvdgnmc,0.5
mvdlofu,0.5
mvlyoea,0.5
mvmvzqj,0.5
mvnarws,0.5
mvnfkkm,0.5
mvpkkca,0.5
mvpnipp,0.5
mvqeqzy,0.5
mvrjpkd,0.5
mvsispq,0.5
mvubnab,0.5
mvugxhi,0.5
mvusjui,0.5
mvvkstw,0.5
mvxfgaz,0.5
mvxkbin,0.5
mvybnsw,0.5
mvygllh,0.5
mvykike,0.5
mwabugb,0.5
mwaepej,0.5
mwamiyu,0.5
mwcbbuy,0.5
mwcbher,0.5
mwccfqh,0.5
mwchbwt,0.5
mwckdkw,0.5
mwdljql,0.5
mwdrcss,0.5
mwfknqn,0.5
mwhbmyc,0.5
mwhhaya,0.5
mwhkmns,0.5
mwhxzpq,0.5
mwjchji,0.5
mwjxjnj,0.5
mwkflvi,0.5
mwkvuvk,0.5
mwlbffc,0.5
mwmgxgx,0.5
mwmnhdz,0.5
mwmvheo,0.5
mwnklez,0.5
mwoohoy,0.5
mwoydpd,0.5
mwpidxm,0.5
mwpmdzp,0.5
mwrfjhf,0.5
mwrjlyq,0.5
mwrxfus,0.5
mwsungm,0.5
mwsygqq,0.5
mwthoks,0.5
mwtigyd,0.5
mwvfqik,0.5
mwvwviw,0.5
mwvyxys,0.5
mwwakdi,0.5
mwytbmf,0.5
mwzhfko,0.5
mwzkfmk,0.5
mwzkswg,0.5
mxahqbz,0.5
mxbcwyl,0.5
mxbdpqy,0.5
mxbkuhz,0.5
mxblmqv,0.5
mxdoraf,0.5
mxdznuo,0.5
mxfeyfi,0.5
mxfjbwm,0.5
mxfqrea,0.5
mxgibtd,0.5
mxgyrrs,0.5
mxholqc,0.5
mxhprrb,0.5
mxhsuxe,0.5
mxiertb,0.5
mxjogdo,0.5
mxjugsf,0.5
mxkffrm,0.5
mxmclvn,0.5
mxmeich,0.5
mxmsgaf,0.5
mxnaiqe,0.5
mxnmzzc,0.5
mxnvmsh,0.5
mxophhc,0.5
mxqaqfi,0.5
mxtfccp,0.5
mxunlgr,0.5
mxvilnr,0.5
mxvqeue,0.5
mxwmvnv,0.5
mxxkosa,0.5
mxynthi,0.5
mxzbxth,0.5
mybivgl,0.5
mycbyud,0.5
myctxre,0.5
myelxhm,0.5
myetmha,0.5
myfmuwt,0.5
myfzyem,0.5
mygjhic,0.5
myihlcz,0.5
myipvxk,0.5
mykrtub,0.5
mylcecx,0.5
mylzunk,0.5
mymsnut,0.5
myosqro,0.5
myppmsz,0.5
mypwkqo,0.5
myqdhzi,0.5
myqeusf,0.5
myqmtft,0.5
mysjfsr,0.5
mysuglc,0.5
myswsgi,0.5
mythzlc,0.5
mytxwnv,0.5
myuijaz,0.5
myvceml,0.5
myvdozn,0.5
mywxhbq,0.5
myxfrry,0.5
myxlzrl,0.5
myznwxv,0.5
myztipq,0.5
myzzgky,0.5
mzajtie,0.5
mzblqrv,0.5
mzcjhzz,0.5
mzglsap,0.5
mzhljte,0.5
mzhtizw,0.5
mziuzld,0.5
mzizsaf,0.5
mzkacyr,0.5
mzkffuv,0.5
mzkmksu,0.5
mzkqhfx,0.5
mzktemc,0.5
mzllgpd,0.5
mzoawip,0.5
mzofjez,0.5
mzoqije,0.5
mzpmlsw,0.5
mzqfbja,0.5
mzqqlki,0.5
mzqucza,0.5
mzshmhp,0.5
mzstgej,0.5
mztxmpk,0.5
mzuaemc,0.5
mzucjzs,0.5
mzuefjy,0.5
mzwsqed,0.5
mzxdvih,0.5
mzxkuox,0.5
mzxuvja,0.5
mzxxfim,0.5
mzxxgqn,0.5
mzyeikd,0.5
naaugqu,0.5
nabolvu,0.5
nabvdjb,0.5
nacmqaj,0.5
nacuzdp,0.5
nadbtki,0.5
naehnum,0.5
nafpari,0.5
nafqbwg,0.5
nafrlsb,0.5
nafzkfx,0.5
nagndzb,0.5
nagpygp,0.5
nahbjgc,0.5
nahkjqc,0.5
nahukwx,0.5
naikbfk,0.5
najjslq,0.5
nakcwnd,0.5
nalivfc,0.5
nalznwb,0.5
nameyee,0.5
nanlndt,0.5
nansanv,0.5
naonykn,0.5
naqmcpo,0.5
naqoktb,0.5
narsnca,0.5
nasftms,0.5
nasjhyg,0.5
naspidq,0.5
natjzua,0.5
natosfc,0.5
natxnul,0.5
navsfpd,0.5
nawzqpk,0.5
nayygkr,0.5
nbaavao,0.5
nbaoghn,0.5
nbbdmzw,0.5
nbbyens,0.5
nbcyrgp,0.5
nbfadae,0.5
nbgcjrd,0.5
nbgkvoe,0.5
nbgvhai,0.5
nbkrbec,0.5
nbkznwu,0.5
nbljzmz,0.5
nblohqu,0.5
nblykcy,0.5
nbmomrx,0.5
nbmpwcn,0.5
nbmyklf,0.5
nbnkjoh,0.5
nbpvbeg,0.5
nbqjaoi,0.5
nbqnbjj,0.5
nbrxrmo,0.5
nbsgndw,0.5
nbsgvzh,0.5
nbslogs,0.5
nbuczgr,0.5
nbvnxmi,0.5
nbweoac,0.5
nbwnmbl,0.5
nbwupbj,0.5
nbxlfla,0.5
nbxzvzo,0.5
nbyldps,0.5
nbywuno,0.5
nbzvauk,0.5
ncakwcg,0.5
ncbcalk,0.5
ncboabm,0.5
ncbuvct,0.5
ncbxulp,0.5
nccakrz,0.5
nccylgc,0.5
ncczmnf,0.5
nceqcqo,0.5
ncevhha,0.5
ncezdod,0.5
ncgqdzc,0.5
ncgyhfs,0.5
ncheurd,0.5
nchqmoh,0.5
nchtcru,0.5
nchyrhu,0.5
nchyvjx,0.5
ncixmyw,0.5
ncjefox,0.5
ncjzvht,0.5
nckbral,0.5
nckcnxg,0.5
ncmvwqh,0.5
ncnpveo,0.5
ncqhfrd,0.5
ncrjqfz,0.5
ncrxggz,0.5
ncswxeg,0.5
nctngse,0.5
ncvsldx,0.5
ncvsucp,0.5
ncvtfct,0.5
ncwdwod,0.5
ncxtuwv,0.5
ncxwxpo,0.5
ncymuzp,0.5
nczquqf,0.5
ndagvze,0.5
ndbbfni,0.5
ndcsbkf,0.5
ndcygex,0.5
ndeklna,0.5
ndfhrzi,0.5
ndfspuj,0.5
ndgmyru,0.5
ndgtmks,0.5
ndhgtjy,0.5
ndipagh,0.5
ndjeudf,0.5
ndjjcbx,0.5
ndknyft,0.5
ndlaqfs,0.5
ndlphcj,0.5
ndnqnyl,0.5
ndogtuv,0.5
ndozrxi,0.5
ndpcidw,0.5
ndpsyph,0.5
ndqsykb,0.5
ndrswti,0.5
ndrwtqy,0.5
ndsreol,0.5
ndtvuyx,0.5
ndtxhwb,0.5
ndtytvf,0.5
ndypnpx,0.5
neasynd,0.5
nebmdxu,0.5
nedaxmh,0.5
neebumt,0.5
neeejuy,0.5
negfasc,0.5
neikznq,0.5
nejnrcq,0.5
nejwvcg,0.5
nekguyd,0.5
nemhfeb,0.5
nenrldt,0.5
nepopbt,0.5
neporjb,0.5
nepsgqp,0.5
netwehq,0.5
neufwwu,0.5
neukswb,0.5
neusdqo,0.5
neuykgj,0.5
nevuzqw,0.5
newpukb,0.5
newssek,0.5
newybyr,0.5
nexgdia,0.5
neyrfip,0.5
nezrndo,0.5
nezvqev,0.5
nfdouyc,0.5
nfdsyfk,0.5
nfejlad,0.5
nfetafv,0.5
nffdcwy,0.5
nffkocv,0.5
nffnrzt,0.5
nfhpcya,0.5
nfiegew,0.5
nfjufjs,0.5
nfmpxfp,0.5
nfndplz,0.5
nfnnuce,0.5
nfoxhfx,0.5
nfozyry,0.5
nfpgcrc,0.5
nfptqua,0.5
nfqmmli,0.5
nfroatn,0.5
nftuikz,0.5
nftyyox,0.5
nfufmll,0.5
nfugswt,0.5
nfvfypu,0.5
nfvlmwl,0.5
nfvzzth,0.5
nfxlfdq,0.5
nfzdpfl,0.5
ngbvvuv,0.5
ngddpkz,0.5
ngdhocw,0.5
ngeboap,0.5
ngeevuq,0.5
ngepgzx,0.5
ngeqazt,0.5
ngfahlm,0.5
ngffiaf,0.5
ngglpdb,0.5
nghcjnx,0.5
nghigyu,0.5
nghzrhe,0.5
ngijqgj,0.5
ngkrufk,0.5
nglflch,0.5
ngluirx,0.5
ngoevvn,0.5
ngqvvmr,0.5
ngrqztw,0.5
ngsnbfe,0.5
ngsnvhp,0.5
ngtczmp,0.5
ngtkupg,0.5
ngvaakn,0.5
ngvfbdl,0.5
ngvnthu,0.5
ngvrbhh,0.5
ngwhlcx,0.5
ngycdzx,0.5
ngzgphf,0.5
ngzqrik,0.5
ngzrlae,0.5
nhahylv,0.5
nhatlwq,0.5
nhcwszh,0.5
nhdsdhz,0.5
nheipjt,0.5
nhelabt,0.5
nhfxnbj,0.5
nhibhqs,0.5
nhizytx,0.5
nhjhsza,0.5
nhjmegb,0.5
nhkokot,0.5
nhkqkdc,0.5
nhkytue,0.5
nhmpnbt,0.5
nhncdcj,0.5
nhngbkk,0.5
nhnglyo,0.5
nhnthor,0.5
nhnyrff,0.5
nhpendy,0.5
nhptpsk,0.5
nhqctht,0.5
nhqlffx,0.5
nhqwcoi,0.5
nhrfffh,0.5
nhrmwjq,0.5
nhrvdnn,0.5
nhspqma,0.5
nhstscp,0.5
nhtnmnf,0.5
nhuhetk,0.5
nhumobq,0.5
nhvcchp,0.5
nhwwpjq,0.5
nhyaztg,0.5
nhzvsfy,0.5
nhzyblz,0.5
niagupc,0.5
niahjwm,0.5
nibnrol,0.5
nieilaq,0.5
niesrpj,0.5
nifbxeh,0.5
nifdgay,0.5
nihngfe,0.5
nihqtly,0.5
niiewpu,0.5
niiwdtr,0.5
niiyrdk,0.5
nijiitl,0.5
nikqqvx,0.5
nikyruz,0.5
nilwryd,0.5
nimfnyx,0.5
nimhtlv,0.5
nimuxjb,0.5
niodemy,0.5
nioygpf,0.5
nipfrdh,0.5
niplsji,0.5
niqkfnr,0.5
niqpgjs,0.5
niqsijg,0.5
niqumnv,0.5
niqyjru,0.5
nirjzse,0.5
nirowqk,0.5
nirzevg,0.5
nisdrff,0.5
nisqqvy,0.5
nissrvs,0.5
njadart,0.5
njbnayb,0.5
njbnjza,0.5
njcaakh,0.5
njellcq,0.5
njencnq,0.5
njgmndo,0.5
njgwdiy,0.5
njhzzth,0.5
njiroly,0.5
njjevdc,0.5
njkkjiq,0.5
njmcocl,0.5
njorqhq,0.5
njrlewr,0.5
njrolol,0.5
njstrze,0.5
njswtqy,0.5
njtjsvg,0.5
njtxvdx,0.5
njuhbke,0.5
njvwqmp,0.5
njwqxlj,0.5
njywdus,0.5
njzkdgg,0.5
nkatxug,0.5
nkfsprq,0.5
nkgesnk,0.5
nkglxol,0.5
nkgwgnj,0.5
nkhkqka,0.5
nkhwnmo,0.5
nkicqti,0.5
nkindko,0.5
nkkapny,0.5
nkkdrkn,0.5
nkkeqbf,0.5
nkkpvdx,0.5
nklfwle,0.5
nklhlwk,0.5
nkmqjcu,0.5
nknnjsq,0.5
nkplpgv,0.5
nksvpvp,0.5
nkwbkwj,0.5
nkwswnk,0.5
nkwwbuh,0.5
nkxkgah,0.5
nkxqghm,0.5
nlbwffv,0.5
nlcehwl,0.5
nldldak,0.5
nldmnwt,0.5
nlecimq,0.5
nlgmdga,0.5
nlhegun,0.5
nliikmd,0.5
nliomim,0.5
nljszjj,0.5
nljtjru,0.5
nlmcoxt,0.5
nlmmnge,0.5
nlmpinv,0.5
nlpahnb,0.5
nlpcrei,0.5
nlqlzif,0.5
nlrxqcd,0.5
nlsgmzb,0.5
nlsgyfr,0.5
nlsolqa,0.5
nltshbz,0.5
nluhhhp,0.5
nlunehb,0.5
nlusjba,0.5
nlusvwc,0.5
nlvbmug,0.5
nlykgnb,0.5
nlzkbnj,0.5
nmbuxut,0.5
nmfryog,0.5
nmfwdur,0.5
nmgnpfr,0.5
nmhsscg,0.5
nmiotyv,0.5
nmjcvse,0.5
nmjxrtm,0.5
nmmvatk,0.5
nmolgtt,0.5
nmotgjj,0.5
nmrrbyv,0.5
nmrugrh,0.5
nmsakqr,0.5
nmtfobx,0.5
nmubjfk,0.5
nmvbvck,0.5
nmweynk,0.5
nmxuglv,0.5
nmybdrm,0.5
nmyglrd,0.5
nnarrhx,0.5
nnawpcv,0.5
nnbfxyo,0.5
nncrcas,0.5
nnfvumh,0.5
nngjrvx,0.5
nnhedfm,0.5
nnhsuwl,0.5
nniexon,0.5
nnirtix,0.5
nnjgmqd,0.5
nnkxlnz,0.5
nnloafx,0.5
nnlqxig,0.5
nnlsbqs,0.5
nnlyjds,0.5
nnmkdbt,0.5
nnmwxhv,0.5
nnmxnmr,0.5
nnnzqxm,0.5
nnokbim,0.5
nnolxsh,0.5
nnomgce,0.5
nnpcuak,0.5
nnphmxd,0.5
nnpwpag,0.5
nnthpja,0.5
nnuidpj,0.5
nnutxlx,0.5
nnynbfq,0.5
nnyucnm,0.5
nnyylfh,0.5
nnznxvs,0.5
noaihqd,0.5
noamdwq,0.5
nocbllx,0.5
nocmpon,0.5
noduoet,0.5
noduukd,0.5
noernwe,0.5
nofetyv,0.5
nognviq,0.5
nogorgs,0.5
noibtpr,0.5
nojeqom,0.5
nokldfn,0.5
nokpxvn,0.5
nolqiqs,0.5
nomhsox,0.5
noobhmi,0.5
nooctpf,0.5
noopckn,0.5
nopllna,0.5
noqkrou,0.5
noqvdan,0.5
norjmep,0.5
nosbhlf,0.5
notevrj,0.5
novilff,0.5
nowcyno,0.5
nowibls,0.5
noydpsm,0.5
npaqppw,0.5
npbefmg,0.5
npcizxt,0.5
npcmjdu,0.5
npdfvem,0.5
npdqohj,0.5
npfahau,0.5
npfbrrg,0.5
npfdtib,0.5
nphmwix,0.5
nphsmxq,0.5
npisbge,0.5
npiywye,0.5
npjukvv,0.5
npkhrcm,0.5
npkmuln,0.5
npnxloj,0.5
npoklmd,0.5
npophib,0.5
nprkjyk,0.5
nprobuv,0.5
npsjpje,0.5
npspour,0.5
npstwmg,0.5
npujhvk,0.5
npuriak,0.5
npvjzwo,0.5
npvonef,0.5
npwpfni,0.5
npxttjh,0.5
npxzwlq,0.5
npzbrtz,0.5
nqchwhm,0.5
nqcjqqy,0.5
nqcrqzp,0.5
nqdmgvk,0.5
nqdwtuq,0.5
nqdyznw,0.5
nqebfgt,0.5
nqektid,0.5
nqghfap,0.5
nqgiovv,0.5
nqgirwc,0.5
nqhgtlw,0.5
nqhmcod,0.5
nqjvpjk,0.5
nqkfcdq,0.5
nqknhjg,0.5
nqkrkqf,0.5
nqnmmku,0.5
nqnmvve,0.5
nqpdklr,0.5
nqpirav,0.5
nqqioiy,0.5
nqqjbie,0.5
nqryfjt,0.5
nqsnrgz,0.5
nqtdnqo,0.5
nqtxjja,0.5
nqugadz,0.5
nqvvkrx,0.5
nqwgatk,0.5
nqykgca,0.5
nqzwahn,0.5
nrbmydy,0.5
nrdvsnk,0.5
nrfqpaa,0.5
nrgktww,0.5
nrgmbqs,0.5
nrgyebs,0.5
nrhmqut,0.5
nrjiimf,0.5
nrjrxtq,0.5
nrlybcy,0.5
nrmwllf,0.5
nrnkqxs,0.5
nrtauvq,0.5
nruamwu,0.5
nrvlapp,0.5
nrwyqct,0.5
nrwyzgd,0.5
nrxmeyf,0.5
nrxmikv,0.5
nrzdqlr,0.5
nrzjgwe,0.5
nrzrbpe,0.5
nsaailv,0.5
nsaguhb,0.5
nsaurwf,0.5
nsbbpon,0.5
nsbcgoe,0.5
nsbrkmy,0.5
nscqyny,0.5
nsdbhsq,0.5
nselnkv,0.5
nsfnago,0.5
nsfozug,0.5
nsgidgh,0.5
nsgimaz,0.5
nsgjbzk,0.5
nshzatn,0.5
nsidekp,0.5
nsillic,0.5
nsinrup,0.5
nsktkwf,0.5
nsnavmr,0.5
nsngves,0.5
nspwsxg,0.5
nsqcklb,0.5
nsqiatt,0.5
nsqoamz,0.5
nsrceii,0.5
nssjggm,0.5
nstxhya,0.5
nsukclv,0.5
nsuwckk,0.5
nsuyzxh,0.5
nsvrkdu,0.5
nsvytis,0.5
nsxgeon,0.5
nsxqxpj,0.5
ntakiek,0.5
ntapxvo,0.5
ntauhef,0.5
ntbquco,0.5
ntcfhav,0.5
ntdrhzp,0.5
nteskdk,0.5
ntfyhmi,0.5
ntgcayn,0.5
ntgryak,0.5
ntgsvoc,0.5
ntioqdq,0.5
ntjieak,0.5
ntjppri,0.5
ntkucsy,0.5
ntlbofp,0.5
ntlgons,0.5
ntlrysg,0.5
ntmgpgc,0.5
ntmtyoi,0.5
ntmueff,0.5
ntnphuy,0.5
ntonefv,0.5
ntpxxxm,0.5
ntrhtyi,0.5
nttsqod,0.5
ntvgxei,0.5
ntvhshz,0.5
nuafmog,0.5
nubcdog,0.5
nubliqk,0.5
nudbliw,0.5
nufmhgr,0.5
nugflhj,0.5
nuhmjxc,0.5
nuhxhqx,0.5
nuiguge,0.5
nuizfhv,0.5
nukhuha,0.5
nukshoe,0.5
nultshy,0.5
numrxxf,0.5
nuntwtt,0.5
nunxtgd,0.5
nupvros,0.5
nuravst,0.5
nureohr,0.5
nurwzhj,0.5
nusbzjd,0.5
nuubfcu,0.5
nuucwuk,0.5
nuvxxgf,0.5
nuwkcsn,0.5
nuyfzgu,0.5
nuyubug,0.5
nuzqhyg,0.5
nuzycuq,0.5
nvavdsm,0.5
nvbckuf,0.5
nvcloez,0.5
nvdpcbp,0.5
nvecgll,0.5
nvgyhmn,0.5
nviaslm,0.5
nvigkok,0.5
nvilhxv,0.5
nvimyse,0.5
nvkcejh,0.5
nvksiuc,0.5
nvksrlp,0.5
nvkxwlm,0.5
nvlloun,0.5
nvmmnrf,0.5
nvmtcfz,0.5
nvokbep,0.5
nvplvwt,0.5
nvpvcvf,0.5
nvqfzzt,0.5
nvqogmn,0.5
nvtvwfb,0.5
nvvzbob,0.5
nvxcdcc,0.5
nvytrjq,0.5
nwbccvn,0.5
nwbkvjd,0.5
nwcdltb,0.5
nwcphyb,0.5
nwdsmeg,0.5
nweumrg,0.5
nweuvny,0.5
nwhzpti,0.5
nwkdkud,0.5
nwkdscd,0.5
nwkqdih,0.5
nwlrfvs,0.5
nwmprbr,0.5
nwnbamr,0.5
nwnszov,0.5
nwoiqqw,0.5
nwooxmk,0.5
nwovpfp,0.5
nwrcpjl,0.5
nwsdftx,0.5
nwsekou,0.5
nwsfnvp,0.5
nwsvpjp,0.5
nwtbopr,0.5
nwuxpkq,0.5
nwwqdnf,0.5
nwyhzai,0.5
nwyktot,0.5
nwzowxg,0.5
nxahtiu,0.5
nxbmakm,0.5
nxccwkr,0.5
nxdixqg,0.5
nxeczae,0.5
nxezuzu,0.5
nxfrwfv,0.5
nxgijwc,0.5
nxgtaxq,0.5
nxgylvp,0.5
nxhlpjc,0.5
nxhvioc,0.5
nxisjvg,0.5
nxjqhlb,0.5
nxjwqdv,0.5
nxkfaqr,0.5
nxlkuuz,0.5
nxmaplk,0.5
nxmmyyq,0.5
