response_id,is_correct
aaaavsh,1.0
aaabhzi,1.0
aaahpnz,0.0
aaajpom,0.0
aaamwux,0.0
aaaqjzc,1.0
aabgafx,0.0
aabieaa,0.0
aabjsyx,1.0
aabmjvr,1.0
aabntfo,1.0
aabvzin,1.0
aabwokq,1.0
aabzawe,1.0
aacifva,0.0
aacjczp,1.0
aacltie,1.0
aacqnhu,1.0
aacttul,0.0
aaddhly,1.0
aadvrba,1.0
aaebact,1.0
aaehkpy,1.0
aaeklij,1.0
aaewtax,1.0
aafgnec,0.0
aafhtin,1.0
aafikkk,1.0
aafxzxg,1.0
aafzucs,1.0
aagkqqy,0.0
aagsofv,1.0
aahcqnx,1.0
aahdxdb,1.0
aahffag,0.0
aahthmo,1.0
aaiirat,1.0
aaijeok,1.0
aaiqfgr,1.0
aaiqmhg,0.0
aajleka,1.0
aajmguz,0.0
aajmroe,0.0
aajtpxm,1.0
aakauug,1.0
aakcqra,1.0
aakdipi,0.0
aakvypm,1.0
aaleshm,1.0
aalfsnh,1.0
aalhliv,1.0
aamlpas,1.0
aamrjjb,1.0
aamrlwo,1.0
aandbbh,1.0
aangvmc,0.0
aanlqdn,1.0
aannhbf,1.0
aanoztz,1.0
aanrsvp,1.0
aaobxyz,1.0
aaogjzv,1.0
aaohxte,0.0
aaokqno,1.0
aaopfpo,1.0
aaplrvo,1.0
aapyxey,0.0
aaqdqiy,0.0
aaqefgy,0.0
aaqehuc,1.0
aaqgdaq,1.0
aaqrdpb,1.0
aaqtcwj,1.0
aassend,1.0
aatazxp,0.0
aathldy,0.0
aatkxyy,1.0
aatylnl,1.0
aaufceq,0.0
aauhgdy,1.0
aauhrbt,1.0
aauuyur,1.0
aavclrl,1.0
aavhnhf,1.0
aavnpwv,1.0
aavrbzh,1.0
aavvkra,1.0
aavvvki,1.0
aavwymb,1.0
aawdlnn,0.0
aawgvtx,1.0
aawlofv,1.0
aawnywe,1.0
aawpjyr,1.0
aawrgxa,1.0
aawvfml,0.0
aawyvta,1.0
aaxdfhw,0.0
aaybcdo,1.0
aayfunc,1.0
aaytvjo,1.0
aazklrt,1.0
aazkuqa,1.0
aazshav,1.0
abaplha,1.0
abbcrpe,0.0
abbnifs,0.0
abchtlx,1.0
abcszcl,1.0
abejotp,1.0
abeqkmg,1.0
abfpkuw,1.0
abfvnzf,0.0
abggxsx,1.0
abgjzrj,1.0
abhrqpj,1.0
abijnyn,0.0
abiogsq,0.0
abitsox,1.0
abjytue,1.0
abkucfd,0.0
ablafqg,1.0
ablcwxf,0.0
ablndjn,1.0
abmnhca,0.0
abmqumm,1.0
abmuzvq,0.0
abmyzxb,1.0
abnvxgi,1.0
abobrtv,1.0
abpfnrt,1.0
abpgwyr,1.0
abptfxt,0.0
abptgey,0.0
abqanuz,0.0
abqderf,1.0
abqetqx,0.0
abqupgo,1.0
abruomv,0.0
abrwotp,1.0
absgytx,1.0
absxgoi,0.0
absywro,0.0
abtmcbl,1.0
abtyzbf,1.0
abujzxs,0.0
abuyavo,1.0
abuybci,0.0
abvgjqs,1.0
abvpyvd,1.0
abvqmfm,0.0
abwzfax,1.0
abwztde,0.0
abxyqfp,1.0
abxzemt,1.0
abybuzw,1.0
abysdoc,1.0
abzhfka,1.0
abzxpqt,1.0
acajnct,1.0
acaknzh,1.0
acapgdw,1.0
acbcrud,1.0
acbdagv,1.0
acbeguz,0.0
acbkkoe,1.0
acboqas,0.0
acbuemi,1.0
accakgx,0.0
accikpn,1.0
accqdrv,1.0
acctxft,1.0
acczdgl,0.0
acczebt,1.0
aceadwp,0.0
aceuxfn,1.0
acfhvpq,1.0
acfjzut,1.0
acfrvmr,1.0
acfzqws,1.0
acgaypt,1.0
achlvmz,0.0
achqfqp,1.0
achtbeh,1.0
achtgez,1.0
acidzug,1.0
acitzbs,1.0
aciyvei,1.0
acjagrg,0.0
acjaord,1.0
acjnrta,1.0
ackhlbo,1.0
ackyguj,1.0
ackyzvk,0.0
aclcyxw,0.0
aclojrx,1.0
aclxwty,0.0
acmbqrg,1.0
acmdups,1.0
acnaqin,1.0
acnnepq,1.0
acnpeit,1.0
acoezzb,0.0
acomhxw,1.0
acotlpc,1.0
acoypbs,1.0
acpgcbi,1.0
acpkacg,0.0
acpmldo,1.0
acpsazs,1.0
acpxqqe,1.0
acpzqtb,1.0
acqkkkq,0.0
acqleot,1.0
acquggy,1.0
acrbyyh,1.0
acrgwjh,1.0
acrhvlh,1.0
acrjhax,0.0
acrlngj,0.0
actccho,1.0
actlmdy,0.0
actphrk,1.0
actqttk,1.0
actxjrp,1.0
acuobhj,1.0
acupxpe,1.0
acuqznt,0.0
acurquc,0.0
acutdxp,0.0
acuunuu,1.0
acvbxqk,1.0
acvmmow,1.0
acvqwrk,1.0
acvsujs,1.0
acwjbfa,1.0
acwjmfb,1.0
acwugrj,1.0
acwxots,0.0
acxesri,1.0
acxkttr,0.0
acxvtdv,1.0
acykihz,1.0
acysxoz,1.0
acytzwe,1.0
acywuqy,0.0
acyyker,1.0
adagnmv,0.0
adaltdb,1.0
adamwyw,1.0
adapsvx,1.0
adayhjx,0.0
adbbrys,1.0
adbrrtj,1.0
adchlah,0.0
adclabx,1.0
adcskjb,1.0
addedoj,1.0
addijqk,1.0
addoqkr,1.0
addrtro,0.0
addsehj,0.0
addxdyu,1.0
adenjxa,1.0
adenorf,0.0
adeonqs,1.0
adeqfig,0.0
adeyjif,1.0
adeytmc,1.0
adezksv,0.0
adfbeec,1.0
adfkivh,0.0
adfsvvq,1.0
adgdvpy,1.0
adgejmo,1.0
adggnni,1.0
adghvfr,1.0
adgrfmi,0.0
adgutay,0.0
adgxcbz,0.0
adheusj,0.0
adhfljx,0.0
adhfzdb,0.0
adhjujm,0.0
adhktfn,1.0
adhpwjb,0.0
adhqdua,1.0
adhswrw,0.0
adhvixz,0.0
adhwzkm,0.0
aditscs,1.0
adjtuaw,1.0
adjwieo,1.0
adkilio,0.0
adkjawp,0.0
adkjnpc,1.0
adkkegc,0.0
adkpeal,1.0
adllbxl,1.0
adlpjwx,0.0
adlvlfk,1.0
admkukl,1.0
admnayy,1.0
adnpmej,1.0
adnsjvi,1.0
adntybt,0.0
adnytmg,1.0
adodkje,1.0
adofkzd,0.0
adopfmm,0.0
adorrjg,0.0
adpinff,1.0
adpjjiq,1.0
adppbmi,1.0
adptggd,0.0
adpyhbz,1.0
adqobfd,1.0
adqypyr,1.0
adrboit,1.0
adrgmck,1.0
adrvcpw,1.0
adsfnth,1.0
adsjxqi,1.0
adsnlbs,1.0
adsqfkd,1.0
adsznwb,1.0
adtpdwh,1.0
adtrbak,1.0
aduazce,1.0
aduikww,1.0
adukzgb,1.0
advcmgu,1.0
advdmrk,1.0
advjvgp,0.0
advmhkz,1.0
advqlwp,1.0
advqvvu,0.0
advubap,0.0
advyaio,0.0
adwgubq,1.0
adwwvqu,0.0
adxrvhu,0.0
adxsnwu,1.0
adxsopd,1.0
adxydej,1.0
adyflya,1.0
adyhffb,0.0
adynpya,1.0
adyrlak,0.0
adysvos,0.0
adytpdi,0.0
adzamze,1.0
adzcieu,0.0
adzdgbz,1.0
adznpzr,0.0
adzpbpq,1.0
adzqtxx,1.0
adzvanz,1.0
adzvsgp,1.0
aeaucrf,1.0
aeawoaj,1.0
aeayuuy,1.0
aeayyeq,1.0
aebesdl,1.0
aebgpln,1.0
aebjfri,1.0
aebkjgd,0.0
aebrxlz,0.0
aebujjm,1.0
aebwsfl,1.0
aecbytq,1.0
aecdlzq,1.0
aecenln,1.0
aecgalj,0.0
aecsxhz,1.0
aedaach,0.0
aeddodp,1.0
aedebps,0.0
aedpirf,1.0
aedrmko,1.0
aeduasl,1.0
aeeqsvy,0.0
aeevdkw,1.0
aefdocu,1.0
aefkfhz,0.0
aeftcbe,1.0
aeftqsh,1.0
aefvqtj,1.0
aegeofr,1.0
aegliak,1.0
aeglnsq,1.0
aegtzcy,1.0
aehcyse,0.0
aehioni,1.0
aehlisk,1.0
aehruyz,1.0
aehsovi,1.0
aehwsbe,1.0
aehzoqn,1.0
aeidbpg,1.0
aeigbpk,1.0
aeimwwo,1.0
aeirkjd,1.0
aeisrtk,1.0
aejegda,0.0
aejgwln,1.0
aejkhoz,1.0
aejlntp,0.0
aejydid,0.0
aeklolw,0.0
aekuurf,1.0
aekveoy,1.0
aekwqih,1.0
aeldlmf,1.0
aelerym,0.0
aeljlcl,0.0
aelzfbb,0.0
aempisj,1.0
aemtfft,1.0
aemyjqa,1.0
aenazkv,1.0
aenozht,0.0
aeogues,1.0
aeohfmn,0.0
aeopqyp,1.0
aeouvph,1.0
aepeivg,1.0
aepfvaj,0.0
aeprgyf,1.0
aepvxcy,1.0
aepxgko,0.0
aeqasjf,1.0
aeqbbgv,1.0
aeqhmuo,1.0
aeqkaox,0.0
aeqvyjs,0.0
aeqyrmw,1.0
aercrgj,1.0
aerigcx,1.0
aerijtz,1.0
aerlfem,1.0
aernpyc,1.0
aescqsn,1.0
aesoqfr,0.0
aetpgcr,1.0
aeugyrw,1.0
aeuiwjn,1.0
aeusnlf,0.0
aevjzkb,1.0
aewdewp,0.0
aewfekg,1.0
aewnnoh,1.0
aewoseh,1.0
aewtgno,1.0
aewufko,1.0
aexmytu,0.0
aexzcac,1.0
aexzwrc,1.0
aeyfjxd,1.0
aeykwjx,0.0
aeypdez,1.0
aeytwcz,0.0
aeyvupo,0.0
aezvlvo,1.0
afambyy,1.0
afanlyn,1.0
afaqdbc,1.0
afasihx,0.0
afawhhm,1.0
afazxub,1.0
afbedwc,0.0
afbfyvw,0.0
afbirsk,0.0
afbnuzh,1.0
afbzmtx,1.0
afczdnn,1.0
afczwkg,0.0
afdfrca,1.0
afdmwoc,0.0
afdncfq,0.0
afdnxzh,1.0
afdzmjj,0.0
afehbyh,1.0
afenfnf,1.0
afeswug,0.0
afezurd,0.0
afffmjx,1.0
affjstw,1.0
affzutm,1.0
afgjctc,1.0
afgnrfs,1.0
afgqbko,0.0
afgyouh,1.0
afhnqia,1.0
afhoxbk,0.0
afhqsfn,0.0
afiapzx,0.0
afiblow,1.0
afiepek,1.0
afigltw,1.0
afinhsj,0.0
afinoob,1.0
afixxdn,1.0
afjeudo,1.0
afjkkdo,1.0
afkiclo,1.0
afkjspu,1.0
aflabbk,0.0
aflgsuk,1.0
aflqxqc,0.0
afmcjon,1.0
afmjvnb,1.0
afmpffu,1.0
afmppdh,1.0
afmrzpq,1.0
afmtxch,1.0
afmxlsj,0.0
afncinz,1.0
afneqkk,0.0
afnwrqd,1.0
afodkrb,1.0
afofdyc,1.0
afoiybw,0.0
afomugg,1.0
afongcj,1.0
afosnty,1.0
afpjgqk,1.0
afpkkao,0.0
afptjls,0.0
afpueql,1.0
afqbiih,1.0
afqmagy,1.0
afrfjsj,0.0
afrqqhz,1.0
afscneo,0.0
afsdxbz,0.0
afsggvt,1.0
afsgvgh,0.0
afsgwro,1.0
afslspw,0.0
afsrmwg,1.0
afstcjq,1.0
afthvua,0.0
aftjmmv,0.0
aftvdqw,1.0
afugopp,0.0
afuiada,0.0
afurtoy,1.0
afusygo,1.0
afuzjco,1.0
afvqdhf,0.0
afvsylg,1.0
afwfsnj,1.0
afwmqzz,1.0
afwqnzu,1.0
afwycqr,1.0
afxdqph,1.0
afxnkqj,1.0
afxojlo,1.0
afxpxjo,1.0
afybafe,1.0
afyfnsd,1.0
afykynq,1.0
afylzjc,1.0
afyqgsy,1.0
afzkpyd,1.0
afzrtpp,1.0
afzrvdu,1.0
afzsfrz,1.0
afzuhor,1.0
afzulas,1.0
afzxyin,1.0
agaiutd,1.0
agajlye,1.0
agavfni,1.0
agbjsju,1.0
agbklwn,1.0
agbnuhn,1.0
agcjihf,0.0
agclbti,1.0
agcrnsf,1.0
agdggpj,1.0
agdvvmo,1.0
agekwbe,1.0
agemqvz,0.0
agenyhx,1.0
agepqzw,1.0
agewmec,0.0
agexjee,1.0
agfcvuc,1.0
agfrway,0.0
agfujhp,1.0
aggjqiz,0.0
aggxcvf,1.0
agholml,1.0
agiaujc,1.0
agigzei,1.0
agiwlqq,1.0
agjcxiz,1.0
agjrvbu,1.0
agkkird,1.0
agknjmo,0.0
agkqlqj,0.0
agmenwz,1.0
agmltnk,1.0
agmmuhc,0.0
agmvogn,1.0
agmzvay,1.0
agnslze,1.0
agnueth,1.0
agnvigs,1.0
agoabst,1.0
agoartx,1.0
agopvlu,0.0
agpbizl,1.0
agpemoe,0.0
agppnto,0.0
agprdej,0.0
agpxtgk,1.0
agpytpo,1.0
agqduma,1.0
agqtecs,1.0
agsecif,1.0
agsjmht,1.0
agsjxpg,1.0
agsuomx,1.0
agtdayh,0.0
agtegao,1.0
agtfevg,1.0
agtzylc,1.0
aguhjyc,1.0
aguhrqt,1.0
agujlti,0.0
aguldib,1.0
aguldyl,1.0
agumyfw,1.0
aguqfwa,1.0
aguvqtb,1.0
aguwooz,1.0
agvajul,1.0
agvfwbu,1.0
agvfymr,1.0
agvxvsb,1.0
agwbfmq,0.0
agwkeda,1.0
agwomxv,1.0
agwvibw,0.0
agwwcbl,1.0
agxdzcn,1.0
agxjtct,1.0
agxvmtb,0.0
agyeixw,1.0
agygxbe,0.0
agysrni,1.0
agytqfg,1.0
agyuayt,0.0
agyyvfd,1.0
agzaqkq,1.0
agzjuvv,1.0
agzliti,1.0
agzsuhz,0.0
agzxwsy,1.0
ahaosav,0.0
ahaubhv,1.0
ahavaql,1.0
ahbbqkn,1.0
ahblydm,1.0
ahbqrcb,1.0
ahcacvz,1.0
ahdsljq,1.0
ahdyame,0.0
ahdzgbb,1.0
aheqhwu,1.0
aherttu,0.0
ahfbfph,1.0
ahfilal,0.0
ahfixcx,0.0
ahfvidc,1.0
ahfwtli,0.0
ahgaxtr,1.0
ahgcogk,1.0
ahginiz,1.0
ahgkxrr,1.0
ahglfmz,1.0
ahgocuz,0.0
ahgutjl,1.0
ahhfnsk,1.0
ahhhjfe,1.0
ahhidcv,0.0
ahhoqcg,0.0
ahhtmhv,1.0
ahhtssr,0.0
ahhudjk,0.0
ahhyijg,1.0
ahidhhe,1.0
ahifyhc,0.0
ahihypj,1.0
ahjhsaa,1.0
ahjinjf,1.0
ahjlued,0.0
ahkfoxy,1.0
ahkginh,1.0
ahkkaro,1.0
ahkrygh,1.0
ahkzxgu,0.0
ahlmqyy,1.0
ahlnphn,1.0
ahlodid,1.0
ahlpety,1.0
ahlsgeb,1.0
ahlvjqc,0.0
ahlxbsm,0.0
ahmjisz,0.0
ahmknhb,1.0
ahmmlxn,0.0
ahmozil,0.0
ahmqzwj,1.0
ahmwrkm,1.0
ahnejpv,0.0
ahnkbmb,1.0
ahnkiza,1.0
ahnskjx,1.0
ahnwyza,0.0
ahpjqdy,1.0
ahposxa,1.0
ahpyzwx,1.0
ahpzdsz,0.0
ahqatro,1.0
ahqgzdw,1.0
ahraznu,1.0
ahrdvla,1.0
ahribqq,1.0
ahrugig,1.0
ahrwkuo,1.0
ahsnnzm,0.0
ahsqcvh,1.0
ahszjsf,1.0
ahtdthf,1.0
ahtlhvp,1.0
ahtmgqu,0.0
ahtvwsd,1.0
ahuqyzl,0.0
ahuuuti,1.0
ahvmnfk,1.0
ahvtlfx,1.0
ahvyzyd,0.0
ahwecom,1.0
ahwpivi,0.0
ahxaaxb,1.0
ahxasor,1.0
ahxuqfr,0.0
ahxxozq,1.0
ahyyqdc,1.0
ahzcxrv,1.0
ahzfdxq,1.0
ahzhont,0.0
ahzswhz,1.0
ahzwgfs,1.0
ahzwzis,1.0
aiaarhh,0.0
aiarmlb,0.0
aiazlal,1.0
aiblcxw,1.0
aibvyxl,1.0
aibxjtu,1.0
aibxnzy,1.0
aicfweh,1.0
aicmobh,1.0
aicokce,1.0
aicrjmv,0.0
aidetaq,1.0
aidgvey,1.0
aidngoe,1.0
aiduvdq,1.0
aidwhun,0.0
aidyfpt,1.0
aieazpc,1.0
aielmyo,1.0
aieoaby,0.0
aieujqg,1.0
aifbonu,1.0
aifkhlk,1.0
aifojwb,0.0
aigfamt,1.0
aighsyl,1.0
aihdlgn,1.0
aihkdyy,1.0
aihklrg,0.0
aihmygz,0.0
aihxife,1.0
aiiashf,1.0
aiidmaq,1.0
aiinbur,0.0
aiinndv,1.0
aiiuvrw,1.0
aijjfaa,1.0
aijroep,0.0
aijwblq,1.0
aikauuy,0.0
aikjkkh,1.0
aikxgsi,0.0
ailbpst,1.0
ailckqh,1.0
ailhnhu,1.0
ailjjoy,1.0
aillthf,0.0
ailpnwr,0.0
ailtjch,0.0
ailvyfz,1.0
aimefzc,1.0
aimqynl,1.0
aimuxgn,1.0
aindtyo,1.0
ainfbue,1.0
ainjswo,1.0
ainphye,1.0
aiolvtu,1.0
aionvmp,1.0
aiovizt,1.0
aipdyrd,0.0
aipgcmx,1.0
aipqjcz,1.0
aiqbcbw,1.0
aiqdadm,1.0
aiqgpzs,1.0
aiqjbiq,1.0
aiqsoth,0.0
airdimh,1.0
airopnr,1.0
airtlwr,1.0
aiseydm,1.0
aisnypw,1.0
aispejy,1.0
aiswsaq,0.0
aisxslh,0.0
aitdawb,1.0
aitdyrw,1.0
aithtzi,1.0
aittogo,0.0
aiugizm,1.0
aiulwsx,1.0
aiuqvrg,0.0
aivrdfv,1.0
aivriah,1.0
aivutiv,0.0
aivyiyc,1.0
aivzmge,0.0
aiwncip,0.0
aiwsxpz,1.0
aixblcp,1.0
aixlrqd,1.0
aixoboh,0.0
aixppjr,1.0
aixxmdp,1.0
aixykwo,1.0
aiyckge,0.0
aiynuvf,0.0
aiyqobp,1.0
aiyraik,1.0
aiytizf,1.0
aizgwaa,1.0
aizygob,1.0
ajalqpt,1.0
ajbflvi,1.0
ajbfwol,0.0
ajbgosy,0.0
ajbidnk,0.0
ajbnmgc,1.0
ajbskmx,1.0
ajbuaqh,1.0
ajcyixr,1.0
ajdssxn,0.0
ajewdbj,1.0
ajezvzz,1.0
ajfjdyy,1.0
ajfolom,1.0
ajftrww,0.0
ajgdive,1.0
ajgncgv,1.0
ajgpenl,1.0
ajgrwqr,0.0
ajgrzyy,0.0
ajhfbiy,0.0
ajhrswt,0.0
ajibeca,1.0
ajizrbt,1.0
ajjcnuq,1.0
ajjsbtn,1.0
ajkeodp,1.0
ajkqaze,1.0
ajkzwwy,1.0
ajltmwi,1.0
ajmsghq,1.0
ajmuips,0.0
ajmunjv,1.0
ajmvoug,0.0
ajmvtgj,1.0
ajmymuy,1.0
ajnqwyt,1.0
ajnwepe,1.0
ajodwnx,0.0
ajoiflv,1.0
ajozgfd,1.0
ajpjoqo,0.0
ajpnnak,1.0
ajppemt,0.0
ajqbdqs,1.0
ajqgiqs,1.0
ajqkvsw,1.0
ajraiub,0.0
ajrawhh,1.0
ajrbdxr,1.0
ajrdqqq,1.0
ajrgbfx,0.0
ajrjbpg,0.0
ajrlgoc,1.0
ajsjnkw,0.0
ajslspx,0.0
ajsvgot,1.0
ajsypal,0.0
ajszwhs,1.0
ajtedfl,1.0
ajttlem,0.0
ajtycms,0.0
ajubhoo,1.0
ajuijxm,1.0
ajveizx,1.0
ajvtqyc,1.0
ajwdawg,1.0
ajwhnel,1.0
ajwtiiq,1.0
ajxcfms,1.0
ajxgaei,1.0
ajxjbmh,1.0
ajxtpiu,0.0
ajxwlpy,0.0
ajycjqq,1.0
ajydimd,1.0
ajyhmgu,1.0
ajyhygm,0.0
ajykxkw,0.0
ajyllxb,0.0
ajyuhib,1.0
ajyxzfq,0.0
ajzqmnd,1.0
ajzuawt,1.0
akadxqy,0.0
akafrwf,1.0
akamqvr,1.0
akapuop,0.0
akbfunt,0.0
akbiucy,1.0
akbmicg,1.0
akbouoy,1.0
akbpqoa,0.0
akbqqlr,1.0
akcbypr,1.0
akcrtcu,1.0
akcxtpm,1.0
akdgqpm,1.0
akdkzrr,1.0
akdpsmm,1.0
akdrymh,0.0
akeeopn,0.0
akefxxj,1.0
akefxzs,1.0
akepnxc,1.0
aketkgw,1.0
akeyzqw,1.0
akfmsph,1.0
akfqosn,1.0
akfsfwa,1.0
akfzvbf,0.0
akgdawo,1.0
akgoqdp,1.0
akgpcpk,1.0
akhbulq,0.0
akhicjo,1.0
akhroys,0.0
akhuldr,1.0
akibkya,0.0
akifrvc,1.0
akigbus,0.0
akitlds,1.0
akityar,0.0
akixxuu,0.0
akjeigs,1.0
akjnfrx,1.0
akkaxxc,0.0
akklhcy,1.0
akkmwxi,1.0
akkuxcd,1.0
akkvuvu,0.0
akkwfvm,1.0
aklhaxd,1.0
akllkpl,1.0
aklortz,1.0
akmhxoy,1.0
akmoeah,1.0
aknazfj,0.0
akndyzt,1.0
aknjnqj,0.0
aknlclt,0.0
aknyqkz,1.0
akobfav,1.0
akobfuu,0.0
akodpmr,0.0
akofamo,0.0
akoqplg,1.0
akpspfy,0.0
akpteiq,1.0
akptpzn,1.0
akqdopi,1.0
akqeuyf,1.0
akqidnc,1.0
akqqgrg,1.0
akqtsjk,1.0
akrduxh,1.0
akrqaks,1.0
aksdjxi,0.0
aksmxne,1.0
aktajiq,0.0
aktctwt,0.0
akthadf,0.0
aktiwdm,0.0
aktkpws,1.0
aktrzac,0.0
aktwoxg,1.0
akufdqi,0.0
akujjra,1.0
akvapxc,0.0
akvejcu,0.0
akvrdmp,1.0
akvsdhy,1.0
akwlwsr,1.0
akwowgs,0.0
akwsidh,1.0
akwxtbx,1.0
akxbfnx,1.0
akxhzrj,0.0
akxjcdc,0.0
akxjsiu,1.0
akxkhdl,1.0
akxqyzb,1.0
akxtwwm,1.0
akxutbf,1.0
akxwvxf,1.0
akynhvb,1.0
akywwrn,1.0
akzjeqx,1.0
akzlqee,1.0
akznvrc,1.0
akzwgfz,0.0
akzylup,1.0
alaekbz,1.0
alainnd,1.0
alaipcv,1.0
alamhzi,1.0
alaqujj,1.0
alaswuh,1.0
alaueay,0.0
alazxgb,1.0
albgsso,1.0
albyive,1.0
alccxwa,0.0
alcsxya,1.0
aldfffq,0.0
aldkxig,1.0
aldmqqu,1.0
aldufir,1.0
aldzszl,1.0
aleohne,1.0
aleuduf,1.0
alfcwht,1.0
alfemtn,1.0
alfhkfj,1.0
alfhnsx,1.0
alfiicc,1.0
alfjwtg,1.0
alfphnh,1.0
alfvrmz,0.0
algkdcm,1.0
alglbck,1.0
algoutd,0.0
algtrdd,1.0
algzekd,0.0
alhdebj,1.0
alhgamc,1.0
alhqest,1.0
alhykwj,1.0
alidefw,1.0
alivokr,0.0
aljcbjf,0.0
aljcvsw,1.0
aljcwux,1.0
aljddbf,0.0
aljjhtd,0.0
alkwoqc,1.0
allbthg,0.0
allglod,1.0
allkemh,0.0
allokik,0.0
allxjhw,1.0
almlnjp,1.0
almmtty,1.0
alnfnvr,0.0
alnfqvz,0.0
alnmhxb,1.0
alnnfqj,0.0
alntpej,1.0
alnuhbj,1.0
aloeoxb,1.0
aloepga,1.0
aloglke,1.0
alonnzg,1.0
alpaaqh,1.0
alptoai,1.0
alpvsbw,1.0
alpwvhy,1.0
alqmlae,1.0
alqtqtr,0.0
alquoyl,1.0
alqxudh,1.0
alrzame,0.0
alsasgs,0.0
alselgm,0.0
alsexcd,1.0
alsvzru,1.0
alswldc,0.0
aluzlsy,1.0
alvgtfi,0.0
alviusq,0.0
alvneje,1.0
alvscpv,0.0
alwlibq,0.0
alwmrbl,1.0
alwqvmk,1.0
alwwlzr,1.0
alxchtq,0.0
alxesoi,1.0
alxgwyc,1.0
alxjpdl,1.0
alxlfwb,1.0
alxxnxj,1.0
alynuwa,0.0
alyuuqm,1.0
alywifw,1.0
alzcqnz,1.0
amahrlu,0.0
amaorcm,1.0
amapwmp,1.0
amarlix,0.0
amaseom,1.0
amauadp,0.0
amavfhh,1.0
amawdqi,1.0
amayorq,1.0
ambcwjo,1.0
ambebip,1.0
amboldn,0.0
amcfomc,1.0
amcrnxh,1.0
amcvzyf,1.0
amdaqnt,1.0
amdckxn,0.0
amdqbto,1.0
amfhbth,0.0
amfvfat,0.0
amggtqf,0.0
amggwef,1.0
amgnqhb,0.0
amgzkyq,1.0
amherbk,1.0
amhmyok,1.0
amiaect,0.0
amidsmv,1.0
amiwyvh,0.0
amjcpli,1.0
amjgsem,1.0
amjijab,0.0
amjjgpt,1.0
amjjkxx,0.0
amjkryn,0.0
amjpkfe,1.0
amkizer,1.0
amkobdk,1.0
amlnqyc,1.0
amlujnj,1.0
ammdbik,1.0
ammxceg,0.0
amnsubm,1.0
amnvlxg,0.0
amokfhl,1.0
amokoea,1.0
amomguu,1.0
amoxmxi,1.0
ampcpfi,1.0
amphscm,1.0
ampjofj,1.0
amplmfs,1.0
amprnfj,1.0
amqdxas,1.0
amqedpa,1.0
amqgmpj,1.0
amqiynd,1.0
amqkcxw,0.0
amqmihp,1.0
amrgpkd,0.0
amrmcfi,1.0
amrztzu,1.0
amsbkvp,1.0
amsmapv,1.0
amsszxk,1.0
amtahhv,1.0
amtlgwq,1.0
amtzehd,1.0
amudjcq,0.0
amuktke,0.0
amukwbv,1.0
amumfcd,0.0
amurrtf,1.0
amuuzap,0.0
amuvqtc,1.0
amvdvbu,0.0
amvhvfw,0.0
amvizlj,1.0
amvliru,0.0
amvmpdy,0.0
amvpgeb,1.0
amvzhdw,1.0
amwbekn,1.0
amwbfrj,1.0
amwdpid,1.0
amwllbt,1.0
amwukme,0.0
amxgtla,1.0
amxijex,1.0
amxtrbl,1.0
amxtyfw,0.0
amxvjnv,0.0
amxyrmb,1.0
amyemqg,1.0
amymlxr,0.0
amytrqu,1.0
amywmyd,0.0
amzefau,1.0
amzlape,1.0
amzomom,1.0
amzvtye,1.0
amzxmrk,1.0
anaksia,1.0
analnhc,0.0
anamcka,1.0
anaqgwu,1.0
anavggl,1.0
anbgohk,0.0
anbiqgj,0.0
anbrbjr,0.0
ancfunl,1.0
ancnikr,0.0
ancnpha,1.0
anddqfj,1.0
andksut,1.0
andwqno,0.0
andyizw,0.0
anecpls,1.0
aneqyxd,1.0
anesjvy,1.0
aneyvcc,1.0
anfzjpg,0.0
angdost,1.0
angqewz,0.0
angqwta,1.0
anhkwiu,1.0
anhlmps,1.0
anhombh,1.0
anidmie,1.0
aniiveq,1.0
anilwbt,0.0
aninqtv,1.0
aniqhin,0.0
aniseud,0.0
anjbbnc,1.0
anjfcpl,1.0
ankacpp,1.0
ankzrjf,0.0
anlltsv,0.0
anlqmks,1.0
anlrafd,0.0
anltxzo,1.0
anmenab,1.0
anmkcgp,1.0
anmrcyg,1.0
annkwcc,1.0
annqaqw,1.0
annrenz,0.0
annrjwx,0.0
annubvx,1.0
annxolr,1.0
anogmzd,0.0
anotjlk,1.0
anpdork,1.0
anpwnan,0.0
anqovcv,1.0
anqrzxu,0.0
anqvpzt,1.0
anrcoer,0.0
anrhumw,1.0
anrlnvw,0.0
anrykrh,1.0
ansmaen,0.0
ansptop,0.0
ansxlkh,1.0
antjwzs,1.0
antlqtk,1.0
antohtc,1.0
antomef,1.0
anudleq,1.0
anuwdhh,1.0
anuwkbr,1.0
anvbshu,1.0
anvfmna,1.0
anvheia,0.0
anvufmo,0.0
anwhwel,1.0
anwyjcx,1.0
anxdiey,0.0
anxwkbg,1.0
anxzduy,1.0
anxzypg,1.0
anygejd,0.0
anysjnd,1.0
anyusvs,1.0
anyxqvh,1.0
anzdect,1.0
anzedzz,1.0
anzucdv,1.0
anzzgbg,1.0
aoardqp,0.0
aobfpjc,1.0
aobixrm,1.0
aobllay,1.0
aoboyfd,0.0
aocmsct,1.0
aocpgbm,1.0
aocvcci,1.0
aocxymu,1.0
aocxyzd,1.0
aodazea,1.0
aodczxk,1.0
aodhljf,1.0
aodlbgc,1.0
aodprkr,1.0
aodwdlu,1.0
aodwnji,1.0
aodwpsj,1.0
aodxati,0.0
aodyowl,1.0
aoetrqj,1.0
aoevmgl,0.0
aofedrt,0.0
aofmajk,0.0
aofpytf,1.0
aogpqth,1.0
aogqaet,1.0
aogqjqs,0.0
aogybbv,1.0
aohkjmz,1.0
aohkwya,1.0
aohyrim,1.0
aojadas,1.0
aojiwca,1.0
aojkwns,1.0
aojooru,0.0
aojxjyi,0.0
aoknjth,0.0
aokqmyj,1.0
aokydxm,0.0
aolcdhn,1.0
aolgddu,0.0
aolgsyf,0.0
aolyjla,0.0
aolyyys,0.0
aomkrjk,0.0
aomtzxc,1.0
aomyksl,1.0
aonbrat,1.0
aonekbx,0.0
aonhzbx,0.0
aonzdja,0.0
aoohjji,0.0
aoomvuj,1.0
aooogwi,1.0
aooxgfw,1.0
aopklem,1.0
aoqcgov,0.0
aoqhnwe,0.0
aorngcy,1.0
aoshxtm,0.0
aosjyrp,1.0
aossmlv,1.0
aostzwo,0.0
aosvprg,1.0
aotaaww,0.0
aotaobq,0.0
aotgflu,1.0
aotwyoz,1.0
aouuqcb,0.0
aouvxaf,0.0
aouzttt,1.0
aovjdaa,0.0
aovrrtl,1.0
aovwygo,1.0
aovwzkl,0.0
aowbljd,0.0
aowobph,1.0
aowopzs,0.0
aoxeoow,1.0
aoxtenp,1.0
aoyvhlw,1.0
aoyyjfh,1.0
aoyzbbc,1.0
aozvkjb,0.0
apaaiql,1.0
apahpqs,0.0
apakczj,1.0
apangio,0.0
apbeocx,0.0
apbmkyf,1.0
apbstqr,0.0
apbvbhq,1.0
apcayko,1.0
apcjxgp,0.0
apcmlyw,0.0
apdmxig,1.0
apdpcsy,0.0
apdtoqp,1.0
apduutx,1.0
apdzmdz,1.0
apeivcn,1.0
apelbjz,1.0
apelkmi,1.0
apfdhmv,1.0
apfjlgc,0.0
apghzxj,1.0
apgwbyj,0.0
aphmfhk,1.0
aphxktk,1.0
apjbrim,0.0
apjdkuz,1.0
apjlaky,1.0
apjmflh,1.0
apkbbqt,1.0
apkfogs,1.0
apkjojn,1.0
apklohl,1.0
apksmyj,1.0
apkykld,0.0
aplanai,1.0
aplbjza,1.0
aplbwpw,1.0
aplcsty,1.0
aplobwh,1.0
aplqugz,0.0
aplslqk,1.0
aplvapo,1.0
aplwswr,1.0
apmekjx,1.0
apmgtee,1.0
apmnhlp,0.0
apmojel,1.0
apnbxyu,1.0
apnmvwf,0.0
apnools,1.0
apocjvn,1.0
apojktw,0.0
apotnof,1.0
appeerd,1.0
appntac,1.0
appthtm,1.0
apptwrn,1.0
appvfgz,1.0
apqdakq,0.0
apqfgjt,1.0
apqjnec,1.0
apqwvgm,1.0
apqyyem,1.0
apranaf,1.0
aprdkmp,0.0
aprinbo,1.0
aprknpd,1.0
aprwokj,1.0
apsefql,0.0
apsweiy,1.0
apsxalg,1.0
aptcccp,1.0
aptjczn,1.0
aptlxjk,0.0
aptphxp,1.0
apuclcx,1.0
apuldid,0.0
apuownf,1.0
apupnfc,1.0
apuurxb,0.0
apvijpn,1.0
apvjdma,1.0
apvmylu,1.0
apvuclf,0.0
apvuxwj,1.0
apvwyql,1.0
apwkloe,1.0
apwmkrw,0.0
apwoedm,1.0
apwsnuf,1.0
apwusgl,1.0
apwveor,0.0
apwvsoz,1.0
apwwfhb,1.0
apxctly,1.0
apxeoby,1.0
apxizoy,1.0
apxldul,1.0
apxvtuc,1.0
apxvtvm,1.0
apyhkiw,1.0
apyqbqn,1.0
apysrhb,1.0
apyuwem,0.0
apzcnzc,1.0
apzdndy,1.0
apzhiam,1.0
apzqrne,1.0
aqaaztl,1.0
aqacpgq,1.0
aqaeijo,1.0
aqaewga,0.0
aqazfvl,1.0
aqbbvxq,0.0
aqbxfar,1.0
aqbxzya,1.0
aqbyhlt,1.0
aqcvzqg,0.0
aqdbinb,1.0
aqdhykx,0.0
aqdnjca,1.0
aqdvmoh,1.0
aqebbgs,0.0
aqegnge,1.0
aqelwom,0.0
aqfoghf,0.0
aqfwdeo,0.0
aqfzzak,1.0
aqgbrty,0.0
aqhcirl,1.0
aqhefwz,1.0
aqhjisg,0.0
aqhxshs,1.0
aqidaon,1.0
aqimsoj,1.0
aqiqnqv,1.0
aqityfg,1.0
aqiwyep,0.0
aqkboog,1.0
aqkejui,0.0
aqkfuha,1.0
aqkgjua,1.0
aqkkyxl,1.0
aqkqoxv,1.0
aqkwylp,0.0
aqkxcfn,0.0
aqkyyso,1.0
aqlipro,1.0
aqlmfho,1.0
aqlvwru,0.0
aqmconv,0.0
aqmevpq,1.0
aqmnxoj,0.0
aqmzosa,1.0
aqnjeoc,1.0
aqnkblq,0.0
aqnstgr,1.0
aqokzvt,1.0
aqphztt,1.0
aqpknlp,1.0
aqprpkd,0.0
aqpvsms,1.0
aqqatfh,0.0
aqqiwoi,0.0
aqrryvk,0.0
aqrzpmy,1.0
aqrzupg,1.0
aqsjdoc,1.0
aqsykvb,1.0
aqtdkah,0.0
aqtlbso,1.0
aqtnycv,0.0
aqtqsba,1.0
aqursby,1.0
aquzddv,1.0
aqvdxtn,1.0
aqvfjsn,1.0
aqvgyrb,0.0
aqviefy,1.0
aqvyfjk,0.0
aqwkrsz,0.0
aqwmaqx,1.0
aqwqwhz,1.0
aqxjdru,1.0
aqxtgaf,0.0
aqxznud,0.0
aqyirvm,1.0
aqywlql,0.0
aqzltmu,1.0
aqztcuo,1.0
aqztguz,1.0
aqzuljy,0.0
aracmfu,1.0
arbcybf,1.0
arbevqp,1.0
arcpxhy,1.0
arctodi,0.0
ardecgh,1.0
ardndwn,1.0
ardycoh,0.0
areaxsk,0.0
arekfck,1.0
arewgyd,1.0
arexwfy,1.0
arfcziy,1.0
arfhbyn,0.0
arfpgfo,1.0
arfqkpi,1.0
arfxwvr,1.0
argaprd,1.0
argeack,0.0
arggsom,1.0
arghblo,0.0
argluox,1.0
arhcysz,0.0
arhkejg,1.0
arhpmgk,0.0
arhptur,1.0
arhuinq,0.0
arigbrb,0.0
arilzqw,1.0
arjrhrt,1.0
arkbbsh,1.0
arkewqb,0.0
arkrjoh,1.0
arkzjvw,1.0
arkzopk,0.0
arlbzvi,1.0
arlgykk,1.0
arlkgsx,0.0
arlkgwq,1.0
arlobzu,1.0
armblfb,1.0
armdgim,1.0
armlsec,1.0
armylno,1.0
arnbwfg,1.0
arndwib,1.0
arngmwx,1.0
arnkaxk,1.0
arnpdyy,1.0
arnqase,0.0
aroyxic,0.0
arpgang,1.0
arphstx,0.0
arqaaxf,1.0
arqaerb,1.0
arqiqso,0.0
arqjdtl,1.0
arqqndu,1.0
arqtbif,1.0
arrknkc,1.0
arsxxbh,0.0
artbyca,1.0
artcbcq,0.0
artoivd,0.0
artyfst,0.0
arubscb,1.0
aruyshu,0.0
arvtoot,0.0
arvwoev,1.0
arwudvn,1.0
arycimb,1.0
aryfkub,0.0
arynnae,1.0
aryvmmg,0.0
arzhbcj,1.0
arzibsu,1.0
arzjftt,0.0
arzjzhv,1.0
arzmkyu,0.0
arzouoe,1.0
arzulnc,0.0
arzwtvg,1.0
arzyfnk,0.0
asalbig,1.0
asaoamd,1.0
asaofsr,0.0
asapwkr,1.0
asazmzt,1.0
asbgjxs,0.0
asbmete,1.0
asbmltp,1.0
asbnpqm,0.0
asbpehv,1.0
asbpiub,1.0
asccryg,1.0
ascjhzy,0.0
ascjxgq,1.0
asckbtr,1.0
ascleof,1.0
ascwkek,1.0
asdeltz,1.0
asdfqcg,1.0
asdjkxy,0.0
asdulei,1.0
asdvmza,0.0
aseacuw,0.0
asegwci,1.0
aserlsr,0.0
asetxyy,0.0
asfhoem,1.0
asgdgyd,1.0
asgqhaw,1.0
ashefvq,0.0
ashnfwu,1.0
ashqruj,1.0
asielii,1.0
asiijyb,0.0
asijrid,0.0
asiotoo,1.0
asircbh,1.0
asjaqwp,1.0
asjcezm,1.0
asjeskt,0.0
asjguub,0.0
asjxwwd,0.0
askamcq,1.0
askftqm,1.0
askjfrs,1.0
askjhrt,0.0
askrsax,0.0
asksefm,0.0
askyeci,1.0
askzwqo,0.0
aslfxff,0.0
aslgcqm,1.0
aslktfk,1.0
aslmeaj,0.0
aslwbbe,1.0
asmqmua,0.0
asmwdyv,1.0
asmxpts,1.0
asnbuzw,1.0
asnfbai,1.0
asnffmg,1.0
asnwhzn,0.0
asofegd,1.0
asonaoz,1.0
asovbtu,1.0
aspcktn,1.0
aspdgch,1.0
aspsgff,1.0
aspstte,0.0
asqxrls,0.0
asriwci,0.0
assezyo,1.0
assgcsx,1.0
assphgi,0.0
assujqt,1.0
asswzbl,0.0
assxluy,1.0
astgnkw,0.0
asuempw,1.0
asulkfq,0.0
asunorf,1.0
asvevyh,1.0
asvfbwf,0.0
asvjots,1.0
asvorft,1.0
asvptne,1.0
asvuyqm,1.0
asvxnpt,1.0
aswlfog,0.0
asxbdhc,0.0
asxjpvk,1.0
asxomua,1.0
asxrzud,1.0
asykhdk,0.0
asypkpx,1.0
asyvfwd,1.0
aszaeyc,1.0
aszwxhl,1.0
atadzmk,0.0
atagnts,1.0
atakamw,1.0
atauuqu,0.0
ataxedk,1.0
atbileb,1.0
atbkqet,1.0
atbuagf,1.0
atbxcnn,1.0
atcfdta,1.0
atcfxfj,1.0
atcpqts,0.0
atctqgi,1.0
atdwkgk,0.0
atdyugg,0.0
atebidw,1.0
atepqfz,1.0
aterjay,1.0
atesdvj,1.0
atevimp,1.0
atfewwt,1.0
atffjvj,0.0
atfjvel,1.0
atfnpgq,0.0
atghvpe,1.0
atglbno,1.0
atgwpbi,1.0
athcwbw,0.0
athillr,0.0
athkqkp,0.0
athrkfy,1.0
athrxjx,1.0
athzpph,1.0
atidbgm,1.0
atidloe,1.0
atihztf,1.0
ativquu,1.0
atiysjz,1.0
atjciap,0.0
atjcjci,1.0
atjdfro,1.0
atjnvlt,1.0
atjscyw,1.0
atkggpz,1.0
atkilqw,1.0
atkjthv,1.0
atlrqbt,1.0
atmfbsr,0.0
atmgxcu,1.0
atmsbhb,1.0
atmvwcs,1.0
atmwlik,0.0
atnpvdg,1.0
atnqrhr,1.0
atnrlfs,1.0
atnyyiv,1.0
atokntp,1.0
atomyzx,1.0
atoqysn,1.0
atowzaf,1.0
atoxdwp,1.0
atpfine,0.0
atpfmif,1.0
atpmale,1.0
atppiut,1.0
atprmvt,1.0
atpwpuf,1.0
atpybpf,1.0
atpybxf,1.0
atpzggy,1.0
atpzrju,0.0
atqdcja,1.0
atqdgma,1.0
atqlrkb,1.0
atqpspb,1.0
atqylrx,1.0
atrjjow,1.0
atrluev,0.0
atrualp,1.0
atrxogu,1.0
atsabgh,0.0
atsltrk,1.0
atsxzwx,0.0
attxrfe,1.0
atumnnd,1.0
atuqmdr,1.0
atuvnnl,0.0
atuxocy,1.0
atvheaj,1.0
atvrocp,0.0
atwbncn,1.0
atwdklr,1.0
atwyqfk,1.0
atxhnnk,1.0
atxjyne,1.0
atxmdyt,0.0
atxmkdc,1.0
atxnbfe,0.0
atxspzb,0.0
atybepl,1.0
atybstc,1.0
atyfhay,0.0
atygvxw,1.0
atylsam,1.0
atyokgh,1.0
atyrkwc,0.0
atytgim,1.0
atzaapb,1.0
atzlcea,1.0
atzwwnw,0.0
atzysiw,1.0
auackir,1.0
auaeshp,0.0
auamfhb,0.0
auaoanj,1.0
auaolbq,1.0
auatvbe,0.0
auauufa,1.0
aubpiit,1.0
aubuxyt,1.0
aucfgug,0.0
auckcdm,1.0
aucrmgn,1.0
auctcgr,1.0
auctrli,1.0
auctwkt,1.0
aucvasx,1.0
aucwndz,1.0
auderjh,0.0
audjscx,1.0
aueledk,0.0
auelqyk,1.0
auemkax,0.0
auetgjj,1.0
aueufmu,1.0
auevlcg,0.0
auevxoe,1.0
aufaaqa,1.0
aufhugo,0.0
aufjsij,0.0
augbxom,1.0
augcupc,1.0
augeqbp,0.0
aughdgo,1.0
augighn,0.0
augiotr,1.0
augiwlv,1.0
augpmqj,1.0
augyvek,1.0
augzpzl,1.0
auhfter,1.0
auhsndn,1.0
auiovce,1.0
auitctc,1.0
aujgton,1.0
aujpzsl,0.0
aujqaon,0.0
aujtkpz,0.0
aujxfhs,1.0
aukbaur,1.0
aukmpuv,0.0
aukoyyw,0.0
aukzbzm,1.0
aulaxma,1.0
aulbqmn,1.0
auldjuy,1.0
aulhsff,1.0
aullzdb,1.0
aulroef,1.0
aumlbaq,1.0
aumsove,1.0
aunvkpj,0.0
aunvubz,1.0
auoodvk,0.0
auowbvn,1.0
aupozet,1.0
aupphta,1.0
aupywsp,1.0
auqluqr,0.0
auqutmg,1.0
auqvfzx,1.0
aurasaj,0.0
aurblhk,1.0
aurfbji,1.0
aurfupg,1.0
ausdtvd,1.0
autcyli,0.0
autgyyl,0.0
auulwdo,0.0
auuodzj,1.0
auuosnl,1.0
auuyajr,1.0
auuzair,1.0
auvczef,0.0
auvlzez,1.0
auvorgi,1.0
auvqfjv,0.0
auwchpz,1.0
auwjubg,1.0
auwvloy,1.0
auxeipx,1.0
auxepvg,1.0
auxfquv,1.0
auxozxu,0.0
auxuojq,1.0
auyegna,1.0
auyiodw,0.0
auysjmm,0.0
auyvhpi,1.0
auzholu,1.0
auznagq,0.0
auzuwjj,1.0
auzwcwt,0.0
avafilt,1.0
avakgtm,0.0
avapafr,0.0
avaqqrn,0.0
avaqyks,1.0
avauyll,0.0
avbjhfp,0.0
avbjhgv,0.0
avbrfps,1.0
avbssfv,1.0
avcgznx,1.0
avczdgs,1.0
aveeleq,1.0
aveisga,1.0
avelgwc,1.0
avevwli,0.0
avfbgil,1.0
avfgyml,0.0
avfnyhj,0.0
avfyafm,0.0
avgbpfw,0.0
avgprpu,1.0
avgsdsb,0.0
avgvgil,1.0
avgwnjt,0.0
avhdcmz,0.0
avhlvas,0.0
avhryli,0.0
avhyssr,1.0
aviembm,0.0
aviiqwl,1.0
avikctc,0.0
avikqcp,1.0
avipaew,1.0
avivlkf,0.0
avkller,1.0
avkyowq,0.0
avlwpkj,1.0
avlyvvg,0.0
avmbgmc,1.0
avmbwin,1.0
avmnmkl,1.0
avmrwgs,1.0
avmsakb,1.0
avmsrka,1.0
avmvjnu,1.0
avnmagz,0.0
avnstrb,1.0
avoeoof,0.0
avonxxl,1.0
avopfji,1.0
avoqumg,0.0
avowbeo,1.0
avoyjcp,1.0
avpeiep,1.0
avpgsga,0.0
avpmmls,1.0
avpvetm,1.0
avqavlu,1.0
avqdnns,1.0
avqhulf,0.0
avqxlze,0.0
avsabfe,0.0
avsermb,1.0
avsilrr,0.0
avsluvt,0.0
avswnod,1.0
avtknqu,1.0
avtqozn,1.0
avudgpv,1.0
avulbdk,0.0
avvjryr,1.0
avvptpo,1.0
avvtgzn,1.0
avvxtqi,1.0
avwnwqu,1.0
avxeofq,1.0
avxhofi,1.0
avxiqum,1.0
avxlaag,1.0
avxrovn,1.0
avxsrcj,1.0
avycpbo,0.0
avyeank,1.0
avznwhb,1.0
avzsdvl,1.0
awaklcn,1.0
awalvkk,0.0
awaoboq,1.0
awarwuv,0.0
awbhecv,1.0
awbhvuy,1.0
awbwzih,1.0
awcfody,1.0
awdbpse,1.0
awdekro,1.0
awdgqln,1.0
awdsusm,0.0
awelnud,1.0
awelpnc,0.0
awepruy,0.0
aweqyps,0.0
aweyzny,0.0
awfirzd,0.0
awftzck,1.0
awgnmwr,1.0
awgosul,1.0
awgymoc,1.0
awhsgdm,1.0
awhxclw,0.0
awhxnqz,0.0
awiaula,0.0
awibdmu,1.0
awicofi,1.0
awiecrv,1.0
awiyyyu,1.0
awjzmhz,0.0
awkieil,1.0
awljwwf,1.0
awmfqgh,0.0
awmzxni,1.0
awncosd,1.0
awngnkm,1.0
awnlinn,1.0
awnpaef,1.0
awoidjm,0.0
awoivbj,1.0
awoiyft,0.0
awokwio,1.0
awomlkq,1.0
awopyiu,0.0
awoyrkt,1.0
awptoky,0.0
awpueha,1.0
awpurgs,0.0
awqoqxo,0.0
awqtgwr,1.0
awqxmiw,0.0
awrbanj,0.0
awrbbux,0.0
awrbsba,0.0
awrffry,1.0
awrgqlr,1.0
awrhgle,1.0
awrtort,1.0
awrzfbt,1.0
awsaxyd,1.0
awsqlqj,1.0
awtcbnb,1.0
awtdvcv,1.0
awtilom,1.0
awtjwlo,1.0
awtmkhw,0.0
awtnrnn,1.0
awtppbw,0.0
awtrzup,1.0
awudszv,0.0
awurarx,0.0
awutzmt,1.0
awuuqew,1.0
awuxoyn,1.0
awuzbha,1.0
awuzrva,1.0
awvcxiv,0.0
awvjcsv,1.0
awvsfng,1.0
awwrkgh,1.0
awwwttq,0.0
awxeqni,1.0
awxhjxa,1.0
awxwaow,0.0
awydyju,1.0
awypfuy,1.0
awyqwpr,1.0
awyrimq,0.0
awyuirw,1.0
awzfvsz,1.0
awzmjiv,0.0
awzoioi,0.0
awzzanv,1.0
awzzmny,1.0
axaidba,1.0
axavcsn,1.0
axawmvv,1.0
axbnzmn,0.0
axbpcgl,1.0
axbythl,0.0
axcbvvj,1.0
axcpses,0.0
axcyivs,1.0
axdbhse,1.0
axdbmjo,0.0
axdfsbg,1.0
axdkqwe,1.0
axdqedg,1.0
axdrbmz,1.0
axebinb,1.0
axegbpa,1.0
axekget,1.0
axetawd,1.0
axfcmxx,1.0
axfzsws,1.0
axgaikn,0.0
axgncjw,0.0
axgxzfo,1.0
axgzsfj,1.0
axhczxb,1.0
axhklsc,1.0
axhpntb,1.0
axhtjyc,0.0
axhxnhz,0.0
axhzpnj,1.0
axhzqnn,1.0
axikojw,1.0
axitdft,1.0
axithcb,1.0
axixvcx,0.0
axjhakq,1.0
axjiijy,0.0
axjmwjp,0.0
axjrdda,1.0
axkkosk,1.0
axkmega,1.0
axkzhlw,0.0
axllowb,1.0
axmcnax,0.0
axmkkhn,1.0
axnliin,1.0
axntdti,1.0
axntycv,1.0
axnxwga,1.0
axohtwb,1.0
axoknlr,1.0
axpcocy,1.0
axpsmup,1.0
axpxehp,1.0
axqcqva,1.0
axqvyhd,0.0
axrdfsm,1.0
axrjwvi,1.0
axsdhve,1.0
axsmmfh,1.0
axspwrf,1.0
axsrmlo,1.0
axtcwik,0.0
axubdqf,1.0
axuthlm,1.0
axuvacq,1.0
axvegah,0.0
axvfvhj,0.0
axvukln,0.0
axwrema,1.0
axwtfft,1.0
axwvlka,0.0
axwxgwq,1.0
axwyvrc,0.0
axxdeea,1.0
axxikwg,1.0
axxizir,1.0
axxmnht,1.0
axxmnwx,1.0
axxvrqw,1.0
axxyyff,1.0
axxzdbx,1.0
axybssu,1.0
axyhubz,1.0
axynqhp,0.0
axyrpic,1.0
axysejy,0.0
axyxsak,1.0
axzyyxt,1.0
ayacdul,1.0
ayaglwu,0.0
ayasqcq,1.0
aybimog,0.0
aybmvzn,0.0
aybpazc,1.0
ayccoku,1.0
ayccrxq,1.0
aycgwsc,0.0
ayclmgv,0.0
aycmyzj,1.0
aydtbku,1.0
ayduzzj,0.0
ayecgrr,1.0
ayehulz,1.0
ayfarrd,1.0
ayfuemp,0.0
ayfxttj,1.0
aygbysv,1.0
aygdcbl,1.0
aygjwpn,0.0
aygyplv,1.0
ayhbgbw,1.0
ayhblgf,1.0
ayhizln,1.0
ayhrhig,1.0
ayiljfz,0.0
ayisuli,0.0
ayjbqxz,1.0
ayjbvng,0.0
ayjdbpu,0.0
ayjlmny,0.0
ayjonop,0.0
aykaadz,0.0
ayklzia,0.0
ayktjab,0.0
aykwlgi,1.0
ayldpvx,1.0
ayledvk,1.0
aylmprn,0.0
aylnhqx,0.0
ayltdkp,0.0
aymaofm,0.0
aymgtix,1.0
aymifce,1.0
aymotoh,1.0
aymzzcl,1.0
ayniqjv,1.0
aynjeom,1.0
aynkooz,0.0
ayocspz,1.0
ayohpoj,1.0
ayollfu,1.0
ayonyfe,1.0
ayordvx,1.0
ayotcks,0.0
ayozjpt,1.0
aypwpju,1.0
ayqcram,0.0
ayqdfyw,0.0
ayrbqrb,0.0
ayrjznx,1.0
ayrndwm,0.0
ayrnyhs,1.0
ayrztgv,1.0
aysqhhl,1.0
aysvasf,1.0
ayswclp,1.0
aysxzel,1.0
ayszwxd,1.0
ayudzck,1.0
ayujijh,1.0
ayuvjjg,0.0
ayuwpui,1.0
ayvinec,1.0
ayvjvxw,1.0
ayvowxp,0.0
ayvtymo,0.0
ayvwnwi,1.0
aywbndc,1.0
aywdxdj,1.0
aywjqys,1.0
aywzsoo,1.0
ayxdcqp,0.0
ayxfiwm,0.0
ayxlxdc,0.0
ayxvdrk,1.0
ayxxxba,1.0
ayyannb,1.0
ayyesre,0.0
ayygnwx,1.0
ayyjvbw,1.0
ayymozi,0.0
ayzdehb,1.0
ayzedyh,1.0
ayzkmgv,0.0
ayzmkiu,0.0
ayzuymk,0.0
ayzxsqe,0.0
azabbnf,1.0
azamhwu,1.0
azaorev,1.0
azaubjb,1.0
azausrr,1.0
azbdhxg,1.0
azbulmi,1.0
azbuvpu,1.0
azcfswy,1.0
azcfugv,1.0
azcvjqp,1.0
azcxctm,1.0
azdckdx,1.0
azdisba,1.0
azduboe,1.0
azdufdy,1.0
azdwhod,1.0
azefqoq,0.0
azegith,1.0
azemaig,0.0
azfhvps,0.0
azfixej,1.0
azghzez,1.0
azgjgpw,1.0
azglqgm,0.0
azgowjr,1.0
azgukzt,0.0
azgyscv,1.0
azhhohw,1.0
azhlclp,1.0
azhoxvy,1.0
azhznjd,1.0
azijtat,0.0
azinyuo,1.0
azipnwd,1.0
azirfsn,0.0
aziynzu,1.0
azjfrgq,0.0
azjgjpo,0.0
azjnjsc,1.0
azjnmal,1.0
azjytpe,1.0
azjyvhf,1.0
azkbsyy,1.0
azkckxg,1.0
azknili,0.0
azkqnoh,1.0
azkuthw,0.0
azkzzmu,1.0
azlcawf,1.0
azldkzx,1.0
azllqwx,1.0
azlxmbt,1.0
azmgwqp,0.0
azmjcrm,1.0
azmntct,1.0
azmontm,1.0
azoluzb,0.0
azosnts,1.0
azotpta,1.0
azpayxp,1.0
azpckgb,1.0
azpgqoi,1.0
azpxhog,1.0
azqnjvp,1.0
azqovoe,1.0
azqqaam,1.0
azqtcez,1.0
azqyrub,0.0
azqzovy,0.0
azrapez,1.0
azrkrlj,1.0
azrltny,1.0
azruhaz,1.0
azrwozn,0.0
azrzfct,0.0
azsalug,0.0
azsetrc,1.0
azspvhw,0.0
azsqavh,1.0
azsurwl,1.0
aztojbc,1.0
azttsvh,1.0
azttvil,1.0
aztwpyk,1.0
azuckgd,0.0
azukiox,1.0
azvbzob,1.0
azvczbp,0.0
azverjl,1.0
azvkbkp,1.0
azvwjqe,1.0
azwoode,1.0
azxcfle,0.0
azxhghz,0.0
azxssvo,1.0
azxwbua,1.0
azxwylt,0.0
azxxsfl,0.0
azytqng,1.0
azzapej,0.0
azzcaee,0.0
azzhjcw,1.0
azzpxod,0.0
azzupuq,0.0
baajqyl,0.0
babkwhx,1.0
babxeit,1.0
bacerkw,0.0
baciinv,0.0
bacplpx,1.0
bacwtnm,0.0
bacxhxl,0.0
badgnez,1.0
badiiue,1.0
badslam,1.0
badulpz,1.0
badzcqr,1.0
baeinii,1.0
baemplv,1.0
baeoyib,0.0
baeufjp,1.0
baeujaq,1.0
bafhlsu,0.0
bafpaek,1.0
bafqfgt,1.0
bagfkva,0.0
bagigxc,1.0
bagogac,1.0
bahfyaw,1.0
bahwufc,0.0
baidvzz,1.0
baifbjh,1.0
baignee,1.0
baihszh,1.0
baioprb,1.0
baipumq,0.0
bairnoj,1.0
bajhjtf,1.0
bajmucv,1.0
bajuuwl,1.0
bakfeac,1.0
bakhgey,1.0
bakjped,1.0
bakurko,1.0
balaixa,0.0
balmivj,1.0
bamdyvw,1.0
bamgnqf,0.0
bamobkp,0.0
bancttg,1.0
banpcza,0.0
banxfyv,1.0
baofjdl,1.0
baolmrv,1.0
baopyyy,1.0
baoqokd,1.0
bapauvj,1.0
baplvuc,1.0
bapnbqv,1.0
bappeyf,1.0
baqjerj,0.0
baqjrer,1.0
baqlwew,1.0
bardvfl,0.0
batebco,1.0
batvmpg,1.0
batxlpz,1.0
bauefyc,1.0
baugynl,1.0
bauktko,1.0
baupdfy,0.0
bauvtgd,1.0
bavdvng,1.0
bavezrn,0.0
bavlkzk,0.0
bavoqjp,1.0
bavvojc,0.0
bavxwco,1.0
bavyent,0.0
bawtoxt,1.0
baxdapc,1.0
baxjysg,1.0
baxxgau,1.0
baxxhaq,1.0
baxyqbv,1.0
bayfyrh,1.0
bayndyt,1.0
bayolaq,1.0
bayrcgl,0.0
baysoke,1.0
baytaoz,1.0
bazpyid,1.0
bazzfow,1.0
bbakmss,1.0
bbanjuc,1.0
bbavkec,1.0
bbaycsl,1.0
bbazlco,1.0
bbbccvh,1.0
bbbhyaf,1.0
bbbsiao,0.0
bbbuqha,1.0
bbbwjtl,1.0
bbcqqxh,1.0
bbctiyt,1.0
bbcxhbu,0.0
bbdfscn,0.0
bbdiwjx,1.0
bbdlnef,1.0
bbebuuv,1.0
bbedojt,1.0
bbegljo,1.0
bbekims,1.0
bbeovzj,1.0
bbfhzny,1.0
bbfqavl,1.0
bbglhri,0.0
bbgumpu,1.0
bbgxxqp,0.0
bbhagse,1.0
bbhgijm,1.0
bbhgpvw,1.0
bbhlgzf,0.0
bbhntkp,0.0
bbirzcy,1.0
bbjcxlq,0.0
bbjzjon,1.0
bbkccux,0.0
bbkflrp,1.0
bbklzcr,1.0
bbkqlvq,0.0
bbkyqgi,1.0
bblcvca,1.0
bblfmwq,1.0
bbljona,1.0
bbloxae,1.0
bblzsbe,0.0
bbmeldz,1.0
bbmjvfz,0.0
bbnftrv,1.0
bbnigly,1.0
bbnrebo,0.0
bbodznr,1.0
bbosdsx,0.0
bbphzcz,0.0
bbpikhi,1.0
bbpnooi,1.0
bbpusqf,1.0
bbpwogn,1.0
bbpyomu,1.0
bbqntuy,1.0
bbqwztt,1.0
bbqyyjk,0.0
bbqzvnd,1.0
bbrieim,0.0
bbrputg,1.0
bbrqgbt,0.0
bbsefzr,0.0
bbtahha,1.0
bbtcdur,1.0
bbtlmxb,1.0
bbtoghe,1.0
bbtyslz,0.0
bburzdk,1.0
bbuupmy,1.0
bbuysbl,0.0
bbvergv,1.0
bbvhrog,0.0
bbvouae,1.0
bbvrgcd,0.0
bbvvsyr,1.0
bbwbxun,0.0
bbwfmkl,0.0
bbxdjze,1.0
bbxmnpf,0.0
bbxsdwn,0.0
bbxsqdg,0.0
bbxzgss,1.0
bbyeqjm,1.0
bbyexgt,1.0
bbywouc,1.0
bbzjgkr,0.0
bbzvond,0.0
bbzxkwr,0.0
bcaimsc,1.0
bcamueq,1.0
bcaytwx,1.0
bcbbcmi,1.0
bcbchbl,1.0
bcbivcw,1.0
bcbumro,0.0
bcbuwkm,1.0
bccaijc,1.0
bccpihs,1.0
bcdcfjc,0.0
bcdefqo,0.0
bcdjrdy,1.0
bcdovxg,0.0
bceiuyl,0.0
bcejjxu,1.0
bcextmh,0.0
bcfisfc,0.0
bcfjyva,1.0
bcfrrgx,1.0
bcgancr,1.0
bcgbpeu,1.0
bchavmq,1.0
bchkkbm,1.0
bchmpza,1.0
bchssxm,1.0
bchwnrf,1.0
bchzwta,1.0
bcieimt,1.0
bciitkz,1.0
bciktkv,1.0
bcikvkz,1.0
bciolcu,0.0
bcislul,1.0
bcjcmsy,1.0
bcjfhpt,1.0
bcjhkox,0.0
bcjqpix,1.0
bcjvftt,1.0
bckjzca,1.0
bcktdgi,1.0
bckvggv,1.0
bckvkpf,0.0
bclwhdq,0.0
bclwkov,0.0
bcmdcuk,1.0
bcmeqpc,1.0
bcmjaub,1.0
bcmkkku,1.0
bcmtdpf,0.0
bcnemde,1.0
bcntbjp,1.0
bcogcwn,0.0
bcojwpw,0.0
bcokbos,0.0
bcotyzt,0.0
bcpagqf,1.0
bcpedpb,0.0
bcprurl,1.0
bcpzehk,0.0
bcqcbbb,0.0
bcqsmno,1.0
bcrbfal,1.0
bcrdxci,0.0
bcrfuxt,0.0
bcrtbbr,1.0
bcryxdj,0.0
bcslrsg,1.0
bcsuxka,1.0
bcszlrh,0.0
bctcbsi,0.0
bctgyfe,1.0
bctknle,1.0
bctwzhp,1.0
bcucauo,1.0
bcunzkb,0.0
bcuphsz,1.0
bcupsza,0.0
bcuspgg,0.0
bcuvwzd,1.0
bcuxpkf,1.0
bcvjjqi,1.0
bcvklqi,1.0
bcvlqwe,1.0
bcvwogp,1.0
bcwiltf,0.0
bcwizvi,1.0
bcwxjmn,0.0
bcxadax,1.0
bcxebqq,1.0
bcxjkcl,0.0
bcxnxxp,1.0
bcybpqy,0.0
bcybsva,1.0
bcyjbru,0.0
bcypxkx,1.0
bcyvyim,1.0
bcyzkgs,1.0
bczipjf,0.0
bczllcu,1.0
bczmlgw,1.0
bczrkwp,1.0
bdahtlm,1.0
bdajxzd,1.0
bdalequ,0.0
bdammmy,1.0
bdanaqw,1.0
bdaqhvq,1.0
bdattou,1.0
bdbcktt,0.0
bdbkmdj,0.0
bdcxfkd,0.0
bdcyovh,1.0
bdcyqnt,0.0
bddqokm,1.0
bddscog,1.0
bdeokvy,0.0
bdfqupl,0.0
bdgfouv,1.0
bdgndik,1.0
bdgrdzc,1.0
bdhiach,1.0
bdhkonb,1.0
bdhmcpd,0.0
bdifrqv,0.0
bdiikpr,1.0
bdilkks,1.0
bdistpu,1.0
bdiuhnk,0.0
bdiunjz,1.0
bdivydk,0.0
bdixyoj,0.0
bdjgrlj,1.0
bdjgwzj,0.0
bdjklma,1.0
bdkofqz,1.0
bdkrday,0.0
bdkyhbl,1.0
bdldhwo,1.0
bdlhcng,1.0
bdlibmm,1.0
bdlmsbw,1.0
bdlnexi,1.0
bdlxvdl,1.0
bdlyzju,1.0
bdmbsns,1.0
bdmdocy,0.0
bdmgoqa,0.0
bdmknbf,1.0
bdmltfh,0.0
bdmtqws,0.0
bdmuurz,1.0
bdmxrtv,0.0
bdnevax,1.0
bdnhrhu,1.0
bdnibcf,1.0
bdnzlap,1.0
bdogqzf,1.0
bdokcbs,0.0
bdomjnf,1.0
bdomxlh,0.0
bdoovro,1.0
bdpgwtv,0.0
bdphdjz,0.0
bdqlzru,1.0
bdqtmod,1.0
bdretzg,0.0
bdrgxny,1.0
bdrhblb,0.0
bdsihhz,0.0
bdskdgn,1.0
bdsvizc,1.0
bdsvpsc,0.0
bdswtsw,0.0
bdszfni,1.0
bdtmect,1.0
bdttilj,1.0
bduarmd,1.0
bdubnoz,0.0
bdudhpt,1.0
bdugfqg,0.0
bdughri,1.0
bduhvtx,1.0
bduolhq,0.0
bdvexdz,1.0
bdvglzb,1.0
bdvhbam,1.0
bdvhvxh,1.0
bdvktad,1.0
bdvpzqa,0.0
bdvrtdw,1.0
bdvtnna,1.0
bdwfllu,1.0
bdwzlys,1.0
bdwzxpn,1.0
bdxdvlg,1.0
bdxppaj,1.0
bdyeeik,1.0
bdyohho,1.0
bdzddid,1.0
bdzgfjq,1.0
bdzlzma,0.0
beagyxi,0.0
beazroi,0.0
bebhcvw,1.0
beboysp,0.0
bebtktb,0.0
becokyq,1.0
bedgsno,1.0
bedhyhm,1.0
bedktco,0.0
bedmmbw,1.0
beecfaq,0.0
beeqiqa,1.0
befksuq,1.0
befoiyo,1.0
befxigb,0.0
begfhmx,1.0
begkxiw,1.0
behctas,1.0
behnqbl,0.0
behnqgq,1.0
behosha,1.0
beibmsp,1.0
beiecsx,1.0
beirpwn,1.0
bejajou,1.0
bejjrdk,0.0
bejtflf,1.0
bejyaav,1.0
bektqts,1.0
bekwphy,0.0
belbzge,0.0
belexjs,1.0
belgurs,1.0
belkihb,0.0
bemsqxl,1.0
bemuzum,1.0
beofsta,0.0
beohhmj,0.0
beokgpn,0.0
beokidq,0.0
beouyia,0.0
beoyhmf,0.0
beozlup,1.0
bepbpee,1.0
bepoceb,1.0
bepvdrd,1.0
beqiczs,1.0
beqkiok,0.0
beqlzjr,1.0
beqyhbv,1.0
beqzkxf,1.0
berdsyd,0.0
berrrmg,1.0
berxevj,1.0
besditc,0.0
besmrfz,1.0
besvdit,1.0
betcsdf,1.0
betukzh,1.0
betvfoj,1.0
betvske,1.0
beubjgz,1.0
beukecr,1.0
beuqydf,0.0
beusegs,0.0
bevemxe,0.0
bevpalz,1.0
bewawyo,1.0
bewiayw,1.0
bewnpob,1.0
bexdqoq,1.0
bexlzpr,0.0
bexnsog,0.0
bexvvaq,1.0
bexvygu,0.0
bexwmqu,0.0
bexxzxh,1.0
beycqvv,1.0
beyfelf,1.0
beypiad,1.0
beywkqk,1.0
bezmrhn,0.0
beztzib,0.0
bfafors,1.0
bfaqzdv,1.0
bfathxo,1.0
bfauxbs,1.0
bfbmmkn,0.0
bfbmpip,1.0
bfbvvby,0.0
bfbvxgl,1.0
bfbzgsb,1.0
bfbzgsj,1.0
bfcvlhb,1.0
bfczoib,1.0
bfdimlu,1.0
bfdjwur,1.0
bfdkcbt,1.0
bfdlert,1.0
bfdlfbr,1.0
bfdmibt,1.0
bfdnsac,0.0
bfdpuae,0.0
bfdsqil,0.0
bfdvlsm,1.0
bfdxhdd,1.0
bfeenlq,1.0
bfenumu,1.0
bfepdfc,0.0
bfeqzlw,0.0
bffbvhe,0.0
bffbzmw,0.0
bffhizh,1.0
bffoavg,1.0
bffplck,0.0
bffweao,1.0
bfgavvi,1.0
bfgaxlh,1.0
bfgbleo,1.0
bfgdhms,0.0
bfguigf,1.0
bfguxbf,0.0
bfhfson,1.0
bfhggen,1.0
bfhoqjm,1.0
bfhxrrj,0.0
bfieeno,1.0
bfikswp,1.0
bfimcqv,1.0
bfjhqek,0.0
bfjtggw,0.0
bfjzipq,1.0
bfkaqyr,0.0
bfkyniw,0.0
bflcuav,1.0
bflgutd,1.0
bflkjqg,1.0
bfmbhog,1.0
bfmcxmi,0.0
bfmpcjg,1.0
bfngiyk,1.0
bfobsem,0.0
bfoclmc,0.0
bfoejjz,1.0
bfofcab,1.0
bfoihnw,0.0
bfojuzx,1.0
bfouigx,0.0
bfpeinj,0.0
bfpohhi,1.0
bfppfvo,1.0
bfpumhq,1.0
bfpzkxl,1.0
bfqhyxb,1.0
bfqtujb,1.0
bfqzmat,0.0
bfraafb,1.0
bfrejff,1.0
bfrfrxy,0.0
bfrilwo,0.0
bfropxc,1.0
bfrwfjb,1.0
bfsqcvc,1.0
bfsvdos,1.0
bfthzbu,1.0
bftiqev,1.0
bftvxnh,1.0
bfuldki,1.0
bfunqxd,1.0
bfvajam,1.0
bfvisfu,0.0
bfvltgm,1.0
bfvrwhd,1.0
bfvxbau,1.0
bfwpuoo,1.0
bfxhtqo,1.0
bfxujup,1.0
bfxwsys,1.0
bfyjtkn,0.0
bfyketg,0.0
bfymkgr,1.0
bfyokab,1.0
bfypeuh,0.0
bfzpdfp,1.0
bgabcuw,1.0
bgafcac,1.0
bgaovgt,0.0
bgauvrn,1.0
bgayykg,1.0
bgbvatk,1.0
bgcgclh,1.0
bgcquko,1.0
bgcvebp,1.0
bgcvibc,0.0
bgdoxmw,0.0
bgecjum,1.0
bgeecvs,1.0
bgevqgg,0.0
bgezuxo,1.0
bgfewun,0.0
bgfgulu,0.0
bgfmndk,1.0
bgfvyev,1.0
bggamqm,1.0
bghlkxh,0.0
bghpyka,1.0
bghysbg,0.0
bgifgvp,1.0
bgikeyc,1.0
bgimizc,0.0
bgivaay,0.0
bgjhmpr,1.0
bgjsxrc,0.0
bgkecmb,1.0
bgknccd,1.0
bgkxzoa,1.0
bglbdrs,0.0
bglblyc,1.0
bglcsxh,0.0
bgldmty,1.0
bgleapj,1.0
bglnpje,1.0
bgmgzbd,1.0
bgmhrtb,1.0
bgmmwyu,0.0
bgmzfpg,0.0
bgnmdvp,1.0
bgnmiai,1.0
bgnmyms,0.0
bgnqmvr,0.0
bgoanvj,0.0
bgouwrx,1.0
bgplwnd,1.0
bgppvdr,1.0
bgpqsjn,1.0
bgpxikq,0.0
bgpypob,0.0
bgqayjd,0.0
bgqbggz,1.0
bgqctuc,0.0
bgqdukm,1.0
bgqgtty,0.0
bgqmtps,1.0
bgqycbt,1.0
bgrhweh,1.0
bgrvppc,1.0
bgrzwuz,1.0
bgsimhu,1.0
bgskqcp,1.0
bgsnxxp,1.0
bgsuwck,0.0
bgsvdmt,1.0
bgsvxcn,0.0
bgtedfv,1.0
bgtfehf,0.0
bgtkosg,0.0
bgtmrox,0.0
bgtucwn,1.0
bgtwkfv,0.0
bgtzjpl,0.0
bguaoog,0.0
bgubekg,0.0
bguetkl,1.0
bgusiup,1.0
bguuyae,0.0
bgvqvgg,1.0
bgvwkoh,1.0
bgvwwkk,1.0
bgwbjli,1.0
bgwblqm,1.0
bgwhvsb,1.0
bgwuazi,0.0
bgxitzv,1.0
bgxxjwi,1.0
bgyaoii,1.0
bgybniz,1.0
bgyibhq,1.0
bgylsql,0.0
bgymuvu,1.0
bgyvnup,0.0
bgyxgby,1.0
bgzbpdt,1.0
bgzdaab,1.0
bhatenl,1.0
bhauydy,1.0
bhavwbh,1.0
bhbpqmo,0.0
bhcayyy,1.0
bhcdsfi,0.0
bhcwyzt,1.0
bhdezvu,0.0
bhdoamj,1.0
bhdvldk,1.0
bherhze,0.0
bhetxeg,1.0
bhfcmuh,1.0
bhfhazj,1.0
bhfikhx,1.0
bhfirhm,1.0
bhfjopy,1.0
bhgouzu,0.0
bhgvjor,1.0
bhhgmjq,1.0
bhhjhhu,1.0
bhhlvgs,1.0
bhhsrov,1.0
bhimurh,1.0
bhiwvbs,1.0
bhjlrpx,1.0
bhjuchm,1.0
bhjzath,1.0
bhkfusr,0.0
bhkrjvr,1.0
bhloofi,1.0
bhlosue,0.0
bhlxfgz,1.0
bhmbafp,0.0
bhmhwtw,1.0
bhmjoef,1.0
bhmlovn,1.0
bhmoowk,0.0
bhnbfny,1.0
bhnjlxl,0.0
bhnneab,1.0
bhnpnon,0.0
bhnskar,1.0
bhojxyr,1.0
bhokkfl,1.0
bhotoxe,0.0
bhozwga,1.0
bhpbcxn,0.0
bhpjpop,0.0
bhpmwys,0.0
bhpvdvx,1.0
bhpveoq,1.0
bhpwipl,1.0
bhqeppp,1.0
bhqhpxt,1.0
bhrjjsa,1.0
bhrsdkx,1.0
bhrsmom,0.0
bhsgdab,0.0
bhsireu,1.0
bhsnvmy,1.0
bhsxeqp,1.0
bhtqwtj,0.0
bhtthbi,0.0
bhukhrv,1.0
bhuspkn,1.0
bhuvzkz,1.0
bhvgtkx,0.0
bhwdtnw,0.0
bhwfett,1.0
bhwsfsg,0.0
bhwskyw,0.0
bhwxizu,1.0
bhxghte,0.0
bhxvmgv,1.0
bhycpwb,1.0
bhysoza,1.0
bhyusfu,1.0
bhzcfdc,1.0
bhzmjds,1.0
bhzmjen,1.0
bhzstjb,1.0
bhzujof,1.0
biagixp,0.0
bialdvr,0.0
bibizme,0.0
bibjbqm,0.0
bibvrbg,1.0
bicbuno,1.0
bichmld,1.0
bicpcbq,0.0
bicssfx,1.0
bidadej,0.0
bidcduw,1.0
bidxitn,1.0
biedwbo,1.0
bieoehx,1.0
bifqhgz,0.0
biggzmz,1.0
bigxjcj,1.0
bigyjhv,1.0
bihahta,0.0
bihdwhz,0.0
bihhpsx,1.0
bihxxqu,1.0
biieiwj,0.0
biifdvh,1.0
biiipro,1.0
biikucv,0.0
biitkix,1.0
bijcayc,1.0
bijgloe,1.0
bijgnqw,0.0
bijjlcp,1.0
bijwiut,1.0
bikcrvt,0.0
bikejwc,1.0
bikiatf,1.0
bikrqlb,0.0
bilcdtm,1.0
bilfnuk,1.0
bilidau,1.0
bilpqrq,0.0
bilrqmy,1.0
bilrvze,1.0
bilrxpc,1.0
bilxmhj,1.0
bilzmcj,1.0
bimrmvc,0.0
bimvwfd,1.0
binczmv,0.0
binehmh,0.0
binzfer,1.0
bionzef,1.0
bioqwdr,1.0
biovvww,1.0
bipfovo,1.0
bipoipc,1.0
bipoiyo,1.0
bipqjpk,0.0
bipunlx,0.0
bipwavs,1.0
bipxgvd,1.0
biqfgcu,1.0
biqjtgt,1.0
biqlprv,1.0
biqqkma,0.0
biqrrzu,1.0
biqxrsg,1.0
birufbg,1.0
bisbwaf,1.0
bisdfsl,0.0
biskgex,0.0
bisossd,1.0
bisqcnm,1.0
bissvxf,1.0
bisvvum,1.0
bitajlr,0.0
bitpegw,1.0
bitukim,1.0
biudlck,0.0
biujtvh,1.0
biuxbxc,1.0
biuxxbu,1.0
biuyteq,1.0
bivdssj,1.0
bivwqun,1.0
biwcpiu,1.0
biwhxjm,1.0
biwrurj,0.0
biwuljt,1.0
bixgqqc,1.0
bixlddz,1.0
bixtqqi,1.0
bixuczs,0.0
biybtcp,1.0
biydbxu,1.0
biympkb,1.0
biypdhj,1.0
biysuby,1.0
bizdeco,1.0
bizdnbz,1.0
bizmlod,1.0
bizpezi,1.0
bizrouj,0.0
bizrzim,1.0
bjacmxt,0.0
bjaxfpv,1.0
bjbcrzk,1.0
bjbffmm,0.0
bjbhxkb,0.0
bjbnqro,0.0
bjbpqgr,0.0
bjbrwan,0.0
bjbuuye,0.0
bjbyltf,1.0
bjcfdvj,1.0
bjcnnfr,0.0
bjcpnlx,0.0
bjctpdx,1.0
bjdacyn,0.0
bjdnehe,1.0
bjduypt,0.0
bjeccpj,1.0
bjekkyb,1.0
bjeqzcm,1.0
bjewesd,1.0
bjexozd,0.0
bjfnilk,0.0
bjfrffs,1.0
bjgfgej,1.0
bjgjufs,0.0
bjgpmvo,1.0
bjgzakm,1.0
bjgzmtr,1.0
bjhralg,1.0
bjhsvad,1.0
bjierst,0.0
bjigdlk,1.0
bjikgag,0.0
bjikkka,1.0
bjiualb,1.0
bjjaxzu,1.0
bjjjunw,0.0
bjjkvsm,1.0
bjjluuu,0.0
bjkaifj,1.0
bjkatko,1.0
bjkvjoe,1.0
bjkyrzt,1.0
bjldbqc,1.0
bjlkrls,1.0
bjlwimc,1.0
bjlyrcz,0.0
bjmbozo,1.0
bjmeetc,0.0
bjmlgxw,1.0
bjmrzwa,0.0
bjnazlb,0.0
bjnddgn,1.0
bjnhehx,1.0
bjnnryv,1.0
bjnvdom,1.0
bjoakju,1.0
bjodifr,1.0
bjomisf,1.0
bjomrrd,0.0
bjootov,1.0
bjoqlgx,1.0
bjpgaau,0.0
bjpoqak,0.0
bjpqrpy,1.0
bjqedko,0.0
bjqfvre,1.0
bjrdajr,1.0
bjrehcu,1.0
bjrhqai,0.0
bjrvbcg,1.0
bjsfbsk,1.0
bjsxrcu,1.0
bjtbdmy,0.0
bjtcqoo,1.0
bjtfukn,1.0
bjtqjzd,1.0
bjtuzld,1.0
bjuacms,1.0
bjuijag,1.0
bjuozqk,1.0
bjuprar,1.0
bjuxnax,0.0
bjvdhck,1.0
bjvimkn,1.0
bjvlgaa,0.0
bjvztyp,0.0
bjweehw,0.0
bjwncya,0.0
bjwokdj,1.0
bjwrhyj,0.0
bjwufhu,0.0
bjxasuv,0.0
bjxjcwx,1.0
bjxndsn,0.0
bjyfpig,1.0
bjyjsbc,1.0
bjylsqi,1.0
bjyxsij,0.0
bjzjfmj,1.0
bjzuayy,0.0
bjzwnkk,1.0
bkajgkb,0.0
bkaolnd,0.0
bkaygve,1.0
bkayscv,1.0
bkbhiiv,1.0
bkbplwy,0.0
bkbwbkp,1.0
bkcbtlj,1.0
bkcvlbl,0.0
bkdfwge,1.0
bkdjpop,1.0
bkdmjzw,1.0
bkdokgx,1.0
bkdpxjz,1.0
bkdrwjm,1.0
bkdyphy,1.0
bkeacsy,1.0
bkecnlj,1.0
bkeeqts,1.0
bkejddn,1.0
bkeseji,0.0
bkeyhni,1.0
bkfhwld,1.0
bkfjjuz,0.0
bkfqlld,1.0
bkfrpkp,0.0
bkfvpru,0.0
bkfwghi,1.0
bkgggeh,1.0
bkggrle,0.0
bkghnsf,0.0
bkgkwkc,1.0
bkgmwff,0.0
bkgnwwb,1.0
bkhqpqa,0.0
bkhybtr,1.0
bkiehxg,1.0
bkihpuq,1.0
bkjnfzi,1.0
bkjthnw,0.0
bkjucrv,1.0
bkjwppc,1.0
bkkbfxz,1.0
bkkcmkl,1.0
bkkogps,0.0
bkkokyf,0.0
bkkygzn,0.0
bklbmra,0.0
bklccwp,1.0
bklhjta,1.0
bkllgrf,1.0
bklswjc,1.0
bkmeckv,1.0
bkmglds,1.0
bkmmqui,1.0
bkmrgee,1.0
bkngpml,1.0
bknwdnb,0.0
bkopwgi,0.0
bkoxjob,1.0
bkpgixq,1.0
bkpjhqv,1.0
bkplbnr,0.0
bkpynyc,1.0
bkqayez,1.0
bkqqleq,1.0
bkrdnhe,1.0
bksapdy,1.0
bksgnel,1.0
bkstpaw,0.0
bktfgnf,1.0
bktjsqj,1.0
bktmpwn,1.0
bktodcd,1.0
bktsgvh,1.0
bkukyfn,1.0
bkullqz,1.0
bkuogur,1.0
bkusymh,1.0
bkuvknk,1.0
bkvftpp,1.0
bkvnyyf,1.0
bkvorxg,0.0
bkvrbak,1.0
bkvtprx,1.0
bkvviag,1.0
bkwamrz,0.0
bkwtzyj,1.0
bkwziwl,0.0
bkxlvrl,0.0
bkxqxvf,0.0
bkxsqrw,1.0
bkybrfh,1.0
bkyiyxy,1.0
bkyoscx,1.0
bkyvded,1.0
bkywssn,1.0
bkzdpfc,0.0
bkzkfur,1.0
bkzmmdh,1.0
bkzpnle,1.0
bkzslly,0.0
bkzuqmt,0.0
blaeili,0.0
blagrgl,1.0
blahjur,0.0
blaktkx,1.0
blaqbwo,1.0
blaretc,1.0
blbbnal,1.0
blbcloo,1.0
blbdyeb,1.0
blbebfl,0.0
blbgelr,0.0
blbhgdg,0.0
blbqisu,1.0
blcaigi,0.0
blcuxis,1.0
blcvuzt,1.0
blczgtl,0.0
bldfqqe,0.0
bldshqr,1.0
bldwhya,0.0
blebaot,1.0
bleqnyd,0.0
blesbgv,1.0
bletdjz,0.0
blfhflf,0.0
blfhioy,1.0
blfncxw,1.0
blfpyut,0.0
blgakao,1.0
blghgsl,1.0
blgkznh,0.0
blgpmnr,1.0
blhbidd,1.0
blhdvcf,1.0
blhhncs,1.0
blhiykv,0.0
blhmjcn,0.0
blhtlyu,1.0
blidhum,0.0
blierxb,0.0
bliglkk,1.0
blilydh,1.0
blitkop,1.0
bliucgt,1.0
bljljjy,1.0
bljlmfg,1.0
bljlorn,1.0
bljraxe,0.0
bljzdxl,1.0
blkjzad,1.0
blkmeog,1.0
blktwhu,1.0
blktwkk,0.0
blkwvnr,1.0
bllifri,1.0
blmijlf,0.0
blmmylj,1.0
blmubvr,1.0
blnluun,0.0
blnofxe,1.0
blomuyf,0.0
blowlun,1.0
blozqos,1.0
blpgjse,1.0
blpxyxr,0.0
blqcezf,1.0
blqlbyf,1.0
blqpoht,0.0
blqqxxo,1.0
blqwupk,0.0
blrfqov,1.0
blrhxde,1.0
blsghin,1.0
blsiaxe,0.0
blszhvh,1.0
bltcwlq,0.0
bltjbgf,1.0
bltodgs,0.0
bltwwnb,1.0
bltxbzc,1.0
bluitnu,1.0
blukdgd,1.0
blvbwng,1.0
blvdwwg,1.0
blvgijb,1.0
blvlkrh,1.0
blwcpsq,0.0
blwoetg,1.0
blwziot,1.0
blxcgfi,0.0
blyfejs,1.0
blyvyim,1.0
blyyglu,0.0
blzleeh,1.0
blzlpim,1.0
blzmxbx,1.0
blznnyg,1.0
bmabahc,0.0
bmamvvi,0.0
bmashsi,0.0
bmbdmpv,1.0
bmcmtiv,1.0
bmcqnew,0.0
bmcwpkv,1.0
bmdxaep,1.0
bmeipib,0.0
bmeksgq,1.0
bmelpgd,0.0
bmftasw,1.0
bmfyqox,0.0
bmgffou,0.0
bmggqim,1.0
bmglsmc,0.0
bmgnwmq,1.0
bmgrkjm,0.0
bmgslet,0.0
bmgwirn,1.0
bmhincs,1.0
bmhjcqq,1.0
bmhlofe,1.0
bmimlgu,1.0
bmioiwu,1.0
bmiprmb,1.0
bmiqwyz,1.0
bmismrv,1.0
bmissgo,1.0
bmitvfj,1.0
bmiuqpd,0.0
bmiuxqi,1.0
bmixrln,1.0
bmjaumi,1.0
bmjehsy,1.0
bmjkaco,1.0
bmjletr,0.0
bmjzfgq,1.0
bmkhvlu,1.0
bmkicbi,1.0
bmklcbs,1.0
bmkpoxk,1.0
bmkvvuq,1.0
bmlghpy,1.0
bmlgnqc,1.0
bmllyol,1.0
bmlmfik,0.0
bmlnwsu,1.0
bmmbflh,0.0
bmmbkns,1.0
bmmpgms,1.0
bmmzyis,1.0
bmnewwm,1.0
bmngyxn,1.0
bmnlffh,1.0
bmobqqh,1.0
bmojkwl,1.0
bmojmae,0.0
bmoyjok,1.0
bmpcqjw,0.0
bmpsdyf,1.0
bmpvtdw,0.0
bmpymhb,1.0
bmqemza,0.0
bmqkwzf,1.0
bmqolyq,1.0
bmqrzil,1.0
bmqtnno,0.0
bmqzmbu,0.0
bmqzpyf,1.0
bmrflod,0.0
bmrfpya,1.0
bmrxxyp,0.0
bmrzarb,0.0
bmschqd,0.0
bmsumtu,1.0
bmswaib,0.0
bmtfdlw,0.0
bmtiywh,0.0
bmufskm,0.0
bmuodnf,0.0
bmuyxqs,1.0
bmuzbqo,1.0
bmvesaq,1.0
bmvuwzs,1.0
bmvxilz,1.0
bmvyxaj,1.0
bmwkndq,1.0
bmwtgss,1.0
bmxeaii,0.0
bmxgibe,1.0
bmxsdls,1.0
bmycmrm,1.0
bmyihuz,1.0
bmyipfo,0.0
bmynbmu,0.0
bmyoggc,1.0
bmypjpg,0.0
bmyxsis,1.0
bmzdgef,1.0
bmzpwie,0.0
bmztdbx,1.0
bmzunlu,1.0
bnamzho,1.0
bnapfhp,1.0
bnatcnf,0.0
bncilco,1.0
bndhjic,1.0
bndhlck,0.0
bndimyn,1.0
bndvfyv,1.0
bndvosa,1.0
bnebvyn,1.0
bnelrdc,0.0
bnenxzn,1.0
bneudzf,1.0
bnezhrt,0.0
bnfcigh,1.0
bnfhkpp,0.0
bnfrprn,1.0
bnfsudf,0.0
bnfzqlp,1.0
bngfvpn,1.0
bngmlzh,1.0
bngtqnz,1.0
bnhcsnx,1.0
bnibkpb,1.0
bnifwin,1.0
bnihgqw,1.0
bniinyb,1.0
bniufyz,0.0
bniwbni,0.0
bnjdbho,1.0
bnjjoeq,0.0
bnjtask,1.0
bnlibse,1.0
bnlmtxs,1.0
bnlxjcc,1.0
bnmctce,1.0
bnmepmj,1.0
bnmkkby,0.0
bnmltqr,0.0
bnnitby,1.0
bnnkhxo,1.0
bnnmgwh,1.0
bnnmmop,1.0
bnntvlx,1.0
bnnvlou,1.0
bnoopph,0.0
bnopaqs,1.0
bnoqppm,0.0
bnpnrqz,1.0
bnpqkyd,0.0
bnputzv,0.0
bnpxdge,1.0
bnqeauq,1.0
bnqhxyz,1.0
bnqvkqy,1.0
bnrbnel,1.0
bnrdoxq,1.0
bnrdxeu,1.0
bnrrdzw,1.0
bnruvmq,1.0
bnsjztp,1.0
bntgdmj,1.0
bntgjxa,1.0
bnthhmt,1.0
bntisnw,1.0
bntmbwg,1.0
bntqlbg,1.0
bnttihw,0.0
bntuyht,1.0
bntuyub,1.0
bnuihor,1.0
bnuzadp,1.0
bnvkqfr,1.0
bnvwrpk,1.0
bnvydko,1.0
bnweyih,0.0
bnwjgpa,1.0
bnwmast,1.0
bnxkfww,0.0
bnxxacr,1.0
bnylofu,1.0
bnyoswm,0.0
bnzsdjq,0.0
bnzzoka,0.0
boacgwp,1.0
boacysa,1.0
boampzs,0.0
boaqcen,1.0
boaqpwd,1.0
boauxut,1.0
boblldc,1.0
bobqxpy,0.0
bobucxh,0.0
bocdlby,1.0
bocjiux,1.0
boclklo,1.0
boddkjq,0.0
bodomyn,1.0
boeetnm,0.0
boenpvm,1.0
boezmvi,1.0
bogckrh,0.0
bogwkri,1.0
bohgxyu,1.0
bohjwjv,1.0
bohvtxu,0.0
boipcfr,1.0
boiroer,1.0
boiupzc,1.0
boiwiyz,0.0
bojmkec,1.0
bojuiuv,0.0
bokctba,1.0
bokfvgw,1.0
bokmbcy,1.0
boktmdb,0.0
bolgzxu,1.0
boluhar,1.0
bolwqgg,1.0
bomaqns,0.0
bomcjwo,1.0
bomeert,1.0
bomgbvn,0.0
bomiahz,1.0
bomtsat,1.0
bomuwdg,1.0
boncwbp,1.0
bondwzn,1.0
bonguew,1.0
boniefe,0.0
bonupys,0.0
booavvn,1.0
bookhrj,1.0
boonkrb,1.0
boosskn,0.0
bootaez,1.0
boovjxh,1.0
booxyop,1.0
bopkbps,0.0
bopuamn,0.0
bopzgcw,1.0
boqcuqr,1.0
boqhrgc,1.0
boqwqsq,1.0
boreizy,1.0
borhbwp,1.0
borkkra,0.0
bormkrc,0.0
boruzmh,1.0
boryaad,0.0
borzuek,0.0
bosajep,1.0
bostwbi,1.0
botcxpq,1.0
botgchh,1.0
botneki,1.0
botvpul,1.0
bouktuc,1.0
bouuaoj,1.0
bouuugi,0.0
bovkjgl,0.0
bovorpd,1.0
bovrdwk,0.0
bovvpua,1.0
bowaecu,0.0
bowdokk,1.0
bowzkro,0.0
boxedyc,1.0
boxgflq,1.0
boxlswc,1.0
boxrehk,1.0
boyambb,1.0
boyoopq,0.0
boypgmt,0.0
boyzpwc,1.0
boziphx,0.0
bozqano,1.0
bozwrbg,0.0
bozymsv,1.0
bozzuum,0.0
bpaagkl,0.0
bpanyxi,1.0
bparyvj,1.0
bpbbzob,0.0
bpbioiv,1.0
bpbkptr,0.0
bpbqdue,0.0
bpbrdqi,1.0
bpcffdy,1.0
bpcheeq,1.0
bpcltbh,1.0
bpconie,0.0
bpcsgrc,1.0
bpdgacy,1.0
bpdhjlm,0.0
bpdkefy,1.0
bpdnedx,1.0
bpdwlks,0.0
bpejkgz,1.0
bpfayav,1.0
bpfhrbi,1.0
bpfuqwc,0.0
bpgbehy,0.0
bpglkwn,1.0
bpgooih,1.0
bpgqinv,0.0
bphhhbn,1.0
bphrkai,1.0
bphurdr,1.0
bpidfbz,0.0
bpihrjf,1.0
bpijcry,1.0
bpjsgfx,1.0
bpjzlpc,0.0
bplbsqy,1.0
bplelyl,1.0
bpljttn,1.0
bplxjoz,1.0
bpmyehl,1.0
bpnbwio,0.0
bpngsmm,1.0
bpnpcgt,0.0
bpnqhri,0.0
bpoimzv,1.0
bpoipxw,0.0
bpokwvr,1.0
bponvcg,1.0
bpoocyr,1.0
bpphabq,0.0
bppmlke,0.0
bppwwnz,1.0
bpqbtlc,1.0
bpqdqzv,1.0
bpqwpif,1.0
bprxstc,1.0
bpsjlmo,1.0
bpsnfhr,1.0
bpsthlu,0.0
bpswjps,0.0
bptlljv,0.0
bptoqaf,0.0
bpuamre,1.0
bpudoka,0.0
bpufcge,1.0
bpuhzum,1.0
bpumxwd,0.0
bpuqfcj,0.0
bpvogiw,1.0
bpvzbmu,0.0
bpweabh,1.0
bpwqdvd,1.0
bpwujku,0.0
bpwwojx,1.0
bpxlysm,1.0
bpxpwvd,1.0
bpxzpfk,1.0
bpyfxey,1.0
bpykdnr,1.0
bpymrmf,1.0
bpzahnt,1.0
bpzsaem,0.0
bpzypza,0.0
bqaduui,1.0
bqafood,0.0
bqahhca,1.0
bqbkbbf,1.0
bqbscuf,0.0
bqbzhvu,1.0
bqchzts,1.0
bqckhwq,0.0
bqctbub,0.0
bqddwwk,0.0
bqdiine,1.0
bqdqhzt,1.0
bqeeqdi,1.0
bqegpsc,1.0
bqemksa,1.0
bqephmw,1.0
bqeypwp,1.0
bqfpatg,1.0
bqfvknn,1.0
bqgdcki,1.0
bqgilul,1.0
bqgjrfo,0.0
bqguteh,0.0
bqhqttq,0.0
bqhwjft,0.0
bqhxztu,0.0
bqimzsv,1.0
bqirelw,1.0
bqiteud,1.0
bqjjxmh,1.0
bqjwmew,0.0
bqjwpfy,1.0
bqkatxj,0.0
bqkcnsu,1.0
bqkfnbu,1.0
bqkoyze,0.0
bqkpacd,1.0
bqkpgci,0.0
bqkqpjj,1.0
bqkuuad,1.0
bqlaobm,1.0
bqlfaxi,1.0
bqlfnir,0.0
bqlgagg,1.0
bqllhsw,1.0
bqlmfck,1.0
bqlzepd,0.0
bqmamtb,1.0
bqmcukx,1.0
bqmejup,1.0
bqmpttm,0.0
bqnakvg,0.0
bqnoeff,1.0
bqnqzeh,0.0
bqolbqi,1.0
bqoogwp,1.0
bqpchll,1.0
bqpkrgz,1.0
bqplcnn,1.0
bqpmwam,1.0
bqpnugn,0.0
bqqccyx,1.0
bqqhftd,1.0
bqrjihs,0.0
bqrqsjz,1.0
bqrvuqs,1.0
bqscfwm,1.0
bqsxolz,1.0
bqtunpe,1.0
bqueytu,0.0
bquilkg,1.0
bqulbef,1.0
bqumatu,1.0
bquwidt,1.0
bquytiq,1.0
bqvansx,0.0
bqvfhvo,0.0
bqvialw,1.0
bqviyyf,1.0
bqvjshq,0.0
bqvoyia,1.0
bqvstjz,1.0
bqwpiqx,1.0
bqxeemb,0.0
bqxnsri,1.0
bqxqccm,1.0
bqyasdo,0.0
bqyekoa,1.0
bqyfhuc,0.0
bqyiplt,1.0
bqyjxla,1.0
bqyzyjq,1.0
bqzczzu,1.0
bqzojrd,1.0
bqzrqaa,1.0
bqztaqz,0.0
brasaiu,1.0
brbpkmq,1.0
brbxmqd,1.0
brbxskt,0.0
brcimtf,1.0
brcnsku,1.0
brczaoy,1.0
brdecpi,1.0
brdhjgr,1.0
brdjwhh,1.0
brdxvcy,1.0
brexwiv,0.0
brezdoj,1.0
brfcdbh,1.0
brflxun,0.0
brfyfzw,1.0
brgawip,1.0
brgiavm,1.0
brguyno,1.0
brhgtjf,1.0
brhjioe,1.0
brhjupp,1.0
brhrmkc,1.0
brhxlcg,1.0
brieawu,0.0
brisilz,1.0
brjjosv,1.0
brjqrgi,1.0
brjxgqw,1.0
brjxvjd,1.0
brkaodf,1.0
brkembd,1.0
brklady,1.0
brkpwcm,1.0
brkrehc,1.0
brktgot,0.0
brkwhfs,0.0
brkwikg,1.0
brlmpgt,0.0
brlnwuu,1.0
brlyegx,0.0
brmfkrg,1.0
brmjmiw,1.0
brmlkcm,0.0
brmurbc,1.0
brmyxdn,1.0
brnrceq,0.0
brnwjpi,0.0
brogsqe,1.0
brohiif,1.0
brohncx,0.0
brojpfh,0.0
brolomd,1.0
brpcrur,1.0
brpoabg,0.0
brpwzni,1.0
brpxdrn,1.0
brpxpji,0.0
brqgtmr,1.0
brqoajc,0.0
brqpvll,1.0
brquuvy,1.0
brrpuzd,1.0
brrtjug,1.0
brsguwr,0.0
brskplp,1.0
brsnxee,1.0
brsvenh,1.0
brsyuoy,1.0
brtqnmn,0.0
brtrodx,1.0
bruawgl,1.0
brudxcc,1.0
bruyhmr,0.0
brveaxt,1.0
brvkqrj,1.0
brvutbr,1.0
brvwkct,1.0
brvzmcz,0.0
brwehco,1.0
brwmlku,1.0
brwrdcz,1.0
brwwcxb,1.0
brxketx,1.0
brxlfvo,1.0
brxojkd,1.0
brxwymh,1.0
brygndz,0.0
bryueez,1.0
brzdtam,1.0
brzfgxo,1.0
brzvyax,1.0
bsaemli,0.0
bsaffso,1.0
bsamsxx,1.0
bsaxmaz,1.0
bsazucl,1.0
bsbfpby,1.0
bscnbdn,0.0
bscohdm,0.0
bsdcxxc,0.0
bsdcxxw,1.0
bsdpshm,1.0
bsdqoqm,1.0
bsdvbnh,1.0
bsdvjwz,1.0
bsdwnuk,1.0
bsecpeh,1.0
bseewpi,0.0
bsehjny,1.0
bsejiuk,1.0
bselsaw,1.0
bsepimn,1.0
bsereko,1.0
bsewxvm,1.0
bsfcxop,0.0
bsfjydb,1.0
bsfrzlc,1.0
bsfzqdb,1.0
bsgazkh,1.0
bsgtihl,1.0
bsgwqlx,1.0
bshqdye,0.0
bshvely,0.0
bsiajuf,1.0
bsifzzh,0.0
bsikbpq,1.0
bsinslk,1.0
bsiouae,1.0
bsiufzs,1.0
bsjjrnw,1.0
bsjnlpp,1.0
bsjznwp,1.0
bskjikt,0.0
bskoljr,1.0
bskpxpd,0.0
bskrxlb,1.0
bsldfsb,0.0
bsldiae,0.0
bslfwwq,0.0
bsligaj,0.0
bsliqll,1.0
bsllhmx,0.0
bslybfx,0.0
bsmljlt,0.0
bsmxszr,1.0
bsnacff,1.0
bsnhqsd,1.0
bsniomx,1.0
bsoddfu,1.0
bsotgiq,1.0
bspbxtu,0.0
bspwsvh,1.0
bspzuut,0.0
bsrcubb,1.0
bsrgtye,1.0
bsrikqd,0.0
bsrmata,1.0
bsrudej,0.0
bssbwro,1.0
bssgxgd,0.0
bssmhlf,1.0
bssrqwg,1.0
bsszwxl,1.0
bstothq,1.0
bsttsei,1.0
bstwhoo,1.0
bsuakat,1.0
bsukbqo,0.0
bsumcpw,1.0
bsuwwdh,1.0
bsuzpfv,0.0
bsvfcgu,0.0
bsvgcaq,1.0
bsvgrhz,0.0
bsvmsxc,0.0
bsvrcfj,1.0
bswcazn,1.0
bsxlqha,1.0
bsxmzqx,1.0
bsxuuuk,1.0
bsxvuit,1.0
bsyltia,1.0
bszjvra,1.0
bszpcbb,1.0
btaafkz,1.0
btaobad,1.0
btasnsb,0.0
btayhoh,1.0
btazdgf,1.0
btbclbl,1.0
btbhkqa,1.0
btbrghz,1.0
btbsser,1.0
btcommr,1.0
btcosfv,1.0
btcrgan,1.0
btcrzyy,1.0
btdjicl,1.0
btdvqrq,0.0
bteevmi,1.0
bteizag,0.0
btevayv,0.0
btfhchx,1.0
btfhpmb,1.0
btfiubz,1.0
btfjfqy,1.0
btfkfwb,1.0
btfnafd,1.0
btfxkdm,1.0
btghjnf,1.0
btgnzlo,1.0
btgzibl,1.0
bthjtgx,1.0
bthkyfn,0.0
bthmary,0.0
bthuotc,1.0
btifknt,1.0
btimsgf,1.0
btiqfpv,0.0
btjbvun,1.0
btjgjge,1.0
btjhtoe,0.0
btjkbew,0.0
btjtkxo,1.0
btjuulz,0.0
btjvbzo,1.0
btjxwgz,1.0
btjxzhp,1.0
btkbhbg,1.0
btkbvkp,1.0
btkfayw,1.0
btkljcv,1.0
btkmliw,0.0
btkufjc,1.0
btkzcll,0.0
btldavw,0.0
btlizfj,0.0
btlkkev,1.0
btlnycp,0.0
btmxixm,1.0
btnamsc,1.0
btnatyf,0.0
btnfjfm,1.0
btngwgo,1.0
btnlubi,0.0
btoaifc,1.0
btokssc,0.0
btoovsd,1.0
btoqjgj,0.0
btorgff,1.0
btpeaib,1.0
btppkqd,1.0
btqebob,1.0
btqstfz,1.0
btrgvbr,0.0
btrmlgx,1.0
btrpafl,0.0
btscgxd,1.0
btsgrvw,0.0
btskvwm,1.0
btstrvy,1.0
btthayq,0.0
btttxuw,1.0
bttwuzd,0.0
btubpbp,0.0
btucyoe,1.0
btuewal,1.0
btuidxo,0.0
btuoabq,1.0
btvcxmu,1.0
btvttne,1.0
btvyygl,0.0
btweqrn,0.0
btwmsse,0.0
btwqbzn,0.0
btwqpjc,1.0
btwtfoj,0.0
btxcypb,1.0
btxkkxb,1.0
btxlcwo,1.0
btxlyjc,0.0
btxrolf,1.0
btxzeam,1.0
btyaioi,1.0
btyjzyl,1.0
btylntc,1.0
btyydvb,0.0
btzdiak,1.0
btzhoue,1.0
btzmlno,1.0
btzsqkk,1.0
btzuvrh,1.0
buabbex,1.0
buabxju,1.0
buatana,1.0
buawoda,1.0
bubqniq,0.0
bucpbzi,1.0
budztwg,1.0
buefpyg,1.0
buezdsz,1.0
bufemav,0.0
bufivfr,1.0
bugaubr,1.0
bugmrhe,1.0
bugszyy,0.0
bugyzyk,1.0
buhhqbm,1.0
buhngtx,1.0
buhwank,0.0
buhzjaq,1.0
buidpbe,0.0
builvci,1.0
buipxng,1.0
bujhjed,0.0
bujrheh,0.0
bujsjqt,1.0
bujsuga,0.0
bujvimq,1.0
bukaeig,1.0
bukjovc,1.0
bulgnho,1.0
bulihzu,1.0
buljyed,1.0
bulletq,1.0
bulllly,0.0
bulrwkp,1.0
bumoblu,0.0
bumsuro,0.0
bumujll,1.0
bumzxrw,1.0
buncztz,0.0
bunruoh,0.0
buntjql,1.0
buntnhf,0.0
buntvfo,1.0
bunxovc,1.0
bunxvtm,0.0
bunydxp,1.0
bunztye,1.0
buogxmh,1.0
buoukhi,1.0
bupbfka,0.0
buplhhm,0.0
bupzkqb,1.0
bupzogx,0.0
buqqldo,1.0
buqquwu,1.0
buralit,0.0
burgqml,1.0
burlcei,0.0
burwqls,1.0
burzefc,0.0
buscvju,0.0
busgtxh,1.0
busouaw,0.0
busuxyp,1.0
busxhqc,0.0
buteugm,0.0
butiscs,1.0
butjuoz,1.0
butwjir,0.0
butyzfk,1.0
buuplfm,1.0
buvhvmt,1.0
buvtwnn,0.0
buwaqqx,1.0
buwmzus,1.0
buwoyha,0.0
buwqfpq,1.0
buxavgf,1.0
buyfriz,1.0
buyuudk,0.0
buzbdex,1.0
buzgvij,1.0
bvabxqd,1.0
bvaenuy,1.0
bvaocst,1.0
bvapngi,1.0
bvaqmga,1.0
bvazamh,0.0
bvbatsp,1.0
bvbxoxc,1.0
bvcfqxt,1.0
bvcgjmn,0.0
bvcijsi,1.0
bvcmueq,0.0
bvcxtzn,1.0
bveehss,1.0
bvefuap,1.0
bveifjp,1.0
bvemimb,1.0
bveppmn,1.0
bveqksl,0.0
bvevcvq,0.0
bvfajmq,0.0
bvfgrmi,1.0
bvfwkhz,0.0
bvggfme,0.0
bvgpogj,1.0
bvhgspm,1.0
bvhjess,1.0
bvhsydb,1.0
bvhuwfu,0.0
bvhvocj,1.0
bvhymld,1.0
bvidpcf,1.0
bvimsxp,1.0
bvioewe,1.0
bvisysn,1.0
bviunoc,0.0
bvjepef,1.0
bvjikbq,1.0
bvjphkw,1.0
bvjpkod,0.0
bvkdntq,0.0
bvlehbp,0.0
bvlnjxy,1.0
bvlshmd,1.0
bvlsyft,1.0
bvmgtfm,0.0
bvmnpmm,1.0
bvnclqe,0.0
bvndiop,0.0
bvnmzen,0.0
bvnnhgd,1.0
bvnulcg,1.0
bvnxhac,0.0
bvokhww,1.0
bvoqchl,1.0
bvouwan,0.0
bvpaqef,1.0
bvpexgy,1.0
bvpfuue,1.0
bvqqiwy,1.0
bvrhivr,1.0
bvrjary,1.0
bvrloys,1.0
bvrlqsw,1.0
bvrrgqv,1.0
bvrxqtf,1.0
bvsdnte,1.0
bvsfwzf,1.0
bvsgtxv,1.0
bvsrpgm,1.0
bvsvrhm,1.0
bvtewfy,0.0
bvuhzqo,1.0
bvukuqf,0.0
bvulmje,0.0
bvunywr,1.0
bvupwpj,1.0
bvupxyj,1.0
bvuzjun,1.0
bvvbdtx,1.0
bvvbquk,1.0
bvvsjwf,1.0
bvwegds,0.0
bvwekgx,1.0
bvwlvfn,1.0
bvwnbdi,0.0
bvxcjus,1.0
bvxexre,1.0
bvxipmq,1.0
bvxivgy,0.0
bvxqztx,0.0
bvxwzao,0.0
bvxyvsy,1.0
bvyamrw,1.0
bvycahj,0.0
bvyguks,1.0
bvyqqbx,1.0
bvytrqo,0.0
bvyuaiq,1.0
bvyxdmf,0.0
bvzbasf,1.0
bvzlkgk,1.0
bvzrrss,1.0
bwaicjy,1.0
bwalknf,1.0
bwalnpi,1.0
bwaxssx,1.0
bwbakvo,1.0
bwbecsa,0.0
bwbfaoj,1.0
bwbglwj,1.0
bwbiqos,1.0
bwbmyng,1.0
bwbtejw,1.0
bwbtxsq,1.0
bwbwpve,1.0
bwbyege,1.0
bwcljyc,0.0
bwcunza,0.0
bwcxcsy,1.0
bwczhwh,1.0
bwdbzzv,1.0
bwddvpo,1.0
bwdjnoc,0.0
bwdtkqi,0.0
bwdvchh,0.0
bwdzvko,1.0
bwecxqu,1.0
bweqpid,1.0
bwetdig,0.0
bwetjgp,1.0
bwfnozj,1.0
bwfosii,1.0
bwfxdto,1.0
bwgbeca,1.0
bwglcpk,1.0
bwgxika,1.0
bwgxzgg,1.0
bwhdzlo,0.0
bwhfngz,1.0
bwhimce,1.0
bwhkcgi,1.0
bwhviog,1.0
bwjghvz,1.0
bwjppuf,1.0
bwkepti,0.0
bwkhlgr,0.0
bwkkywq,1.0
bwksvyf,1.0
bwlorqr,0.0
bwloyag,1.0
bwluhfk,1.0
bwlvcvf,1.0
bwmcito,1.0
bwnazea,1.0
bwndcvb,1.0
bwnktdj,1.0
bwnlhdg,1.0
bwnpzjd,1.0
bwnujal,0.0
bwofihl,1.0
bwomsjl,1.0
bwoupve,1.0
bwplmft,1.0
bwpomaz,0.0
bwpoouj,1.0
bwqghwf,1.0
bwqlgxx,1.0
bwqpdak,0.0
bwqtfnn,1.0
bwrcsul,0.0
bwrgfuk,0.0
bwrocqi,1.0
bwrqejh,0.0
bwrqyae,0.0
bwrrtnb,0.0
bwsjbck,1.0
bwsmmhk,0.0
bwtajyj,1.0
bwtifga,0.0
bwtilri,1.0
bwtkrqo,1.0
bwtqkbp,1.0
bwumsrp,1.0
bwvaady,0.0
bwvqqnw,1.0
bwvveym,1.0
bwvztny,1.0
bwwdhkq,1.0
bwwfcwy,1.0
bwwgoli,1.0
bwwtazu,1.0
bwwtotf,1.0
bwwynmf,0.0
bwxdapu,0.0
bwxhvgc,1.0
bwximeg,0.0
bwxlezs,1.0
bwxltao,0.0
bwxseov,0.0
bwydrwo,0.0
bwyodxu,0.0
bwzghkq,0.0
bwzgvvo,1.0
bwzhwdk,1.0
bwzsobd,0.0
bwzswvu,1.0
bxabjop,1.0
bxastet,1.0
bxaxbvb,1.0
bxbetut,0.0
bxbmagy,1.0
bxbphbb,1.0
bxcfxiq,1.0
bxckfoi,1.0
bxckiwb,1.0
bxclely,1.0
bxcngsx,1.0
bxcxjyj,0.0
bxdlrrp,1.0
bxdocds,0.0
bxdxngs,1.0
bxebgmm,1.0
bxeqrnu,1.0
bxetdqj,1.0
bxevxre,0.0
bxeybiw,0.0
bxfchuv,1.0
bxfeytj,1.0
bxflrwo,1.0
bxftuiy,0.0
bxfvjuo,1.0
bxfzqcr,1.0
bxgbdah,0.0
bxgfitp,0.0
bxgkmha,1.0
bxgmvvj,1.0
bxgpall,1.0
bxhvgxh,1.0
bxismsz,1.0
bxixrhp,0.0
bxiyhik,1.0
bxjeqth,1.0
bxjhgma,1.0
bxjraik,0.0
bxjvjvn,0.0
bxkauez,1.0
bxkfgsd,0.0
bxkpbza,1.0
bxkudab,0.0
bxlbkre,1.0
bxletoc,1.0
bxlhpjm,0.0
bxllvvx,0.0
bxmguat,1.0
bxmkfpg,0.0
bxmnvoy,1.0
bxmorrj,1.0
bxmsakb,1.0
bxmwwhz,1.0
bxmxwgk,1.0
bxndjur,1.0
bxnlchy,1.0
bxntoxx,0.0
bxobbrp,0.0
bxonypz,1.0
bxoqjor,0.0
bxpkpyh,1.0
bxpnnmx,1.0
bxpojbc,0.0
bxpxsww,0.0
bxpziao,1.0
bxrennw,1.0
bxreqdj,0.0
bxrugwl,0.0
bxruqdh,0.0
bxrvhee,1.0
bxrwfgs,1.0
bxstfpx,1.0
bxtfsoc,1.0
bxtzpvo,1.0
bxuhfkq,1.0
bxujrpe,1.0
bxuqbib,1.0
bxuxswl,0.0
bxvnuze,1.0
bxvqbmv,1.0
bxvrqsq,1.0
bxvuqjr,1.0
bxwdjnb,1.0
bxwiufl,1.0
bxwxtpc,1.0
bxxdgmn,1.0
bxxlqlz,0.0
bxxvkyd,0.0
bxxzrxx,0.0
bxyauty,1.0
bxyhhij,1.0
bxymknw,1.0
bxyobur,0.0
bxypaqw,0.0
bxzcxxz,1.0
bxzqyba,1.0
bxztkok,1.0
bxzuafj,0.0
bxzweim,0.0
byagmce,1.0
byakdvz,1.0
byaszkl,1.0
byauayc,1.0
bybbymd,1.0
bybhskb,1.0
byblwhj,1.0
bybqoer,1.0
bybsxio,0.0
bybvfxk,0.0
bybxsry,0.0
bycdysg,0.0
bycjiip,1.0
bycwyup,1.0
byczizu,1.0
byddskt,0.0
bydlwxm,0.0
bydosow,1.0
bydtqic,1.0
bydubdz,0.0
byduxco,1.0
byedxwp,1.0
byesfwe,1.0
byesnxf,0.0
byfcxkt,1.0
byflail,1.0
bygjzdc,1.0
bygwawr,1.0
bygyvtp,1.0
bygzbbb,1.0
byhhxer,1.0
byiaaym,1.0
byiazpg,1.0
byiiwny,0.0
byinzmz,1.0
byizrsm,0.0
byizxyo,1.0
byizyna,1.0
byjehre,1.0
byjnubh,1.0
bykdqsy,1.0
bylcslv,1.0
bylhsgw,1.0
bylkbus,1.0
byltqmp,1.0
byltrjr,0.0
bylykyo,1.0
bymafyz,0.0
bymdpml,1.0
bymgcrs,1.0
bymkwjh,1.0
bynrizp,1.0
byntezz,1.0
bynvxcx,1.0
bynznvv,0.0
bynzyxw,0.0
byoaibt,0.0
byobxng,0.0
byobzgc,1.0
byohxky,0.0
byonfza,0.0
byosgll,1.0
byowchp,1.0
byoxvdb,0.0
bypivbm,1.0
byqhqwi,1.0
byqlrde,1.0
byqlstd,1.0
byqxbwi,1.0
byrdifi,1.0
byrngry,1.0
byrtpax,1.0
byrvdax,1.0
bysbdak,1.0
byshqki,0.0
bysjnnj,1.0
byskfwu,0.0
bysmfgl,1.0
byszqyl,1.0
bytivej,1.0
bytymzp,0.0
byuemxs,1.0
byuqadm,1.0
byvfucs,0.0
byvxgug,1.0
bywrfii,0.0
byxlnap,1.0
byxrdeh,1.0
byxvjfm,1.0
byzcydz,0.0
byzxntx,1.0
bzatbcf,0.0
bzawkwc,1.0
bzaxeag,0.0
bzayzuy,0.0
bzblkff,1.0
bzbqdwd,0.0
bzbtsbj,1.0
bzbyosv,1.0
bzbysic,1.0
bzckrvt,1.0
bzclqyj,1.0
bzdcnaa,0.0
bzdnssh,0.0
bzdoesg,0.0
bzdryvs,0.0
bzduzut,1.0
bzdwrlz,0.0
bzdxdzy,1.0
bzeqsus,0.0
bzfcuaf,1.0
bzfnlso,0.0
bzfpkvh,1.0
bzfruro,1.0
bzfzmch,0.0
bzgbnjx,1.0
bzgsnkx,1.0
bzgulki,1.0
bzgvwwm,0.0
bzgxroz,1.0
bzhmwmw,1.0
bziimam,1.0
bzilixf,0.0
bzimnjd,1.0
bzinemw,0.0
bzjchmq,1.0
bzjlmdo,0.0
bzjlxqg,1.0
bzjmraj,1.0
bzjxrbx,1.0
bzklpaz,1.0
bzkqkef,0.0
bzkwikn,1.0
bzkzyri,1.0
bzlgznb,0.0
bzlqznx,0.0
bzlsheg,1.0
bzlvzjn,0.0
bzmjwpq,1.0
bzmmjir,1.0
bzmowoc,1.0
bzmvfie,1.0
bzmyoie,1.0
bzndysx,1.0
bznjcsa,1.0
bzntiod,1.0
bznyqme,1.0
bzobvev,1.0
bzoczdp,0.0
bzojxby,0.0
bzomerm,1.0
bzpeklr,0.0
bzqdflx,1.0
bzqefvf,0.0
bzqitkj,1.0
bzqoumx,1.0
bzrnhhu,0.0
bzrrncc,1.0
bzrruil,0.0
bzruutb,1.0
bzrvlhb,1.0
bzrzugb,1.0
bzsatep,1.0
bzsesub,1.0
bzsgsip,0.0
bzskwlr,1.0
bzsvyaz,1.0
bztacks,0.0
bztgorl,1.0
bztgtwv,1.0
bztktwr,0.0
bztmpqm,0.0
bztpkww,0.0
bzudmzq,1.0
bzukfjj,1.0
bzupqki,1.0
bzvazlo,1.0
bzvbaqw,1.0
bzvjjun,0.0
bzvjyni,1.0
bzvpobq,0.0
bzvquqc,1.0
bzvsuuo,1.0
bzwcqxh,0.0
bzwdjfv,0.0
bzwgnjc,1.0
bzwkijq,1.0
bzwrrki,0.0
bzwwtzn,1.0
bzwxvnv,0.0
bzxbpcq,1.0
bzxclhf,0.0
bzxebgt,0.0
bzxialu,1.0
bzxondi,0.0
bzxuixi,1.0
bzyfscx,0.0
bzypwtg,1.0
bzysmez,0.0
bzzdomi,1.0
bzzjbnp,1.0
bzzxdso,0.0
caabwtb,1.0
caaejbq,1.0
caaylzw,1.0
cabmwdq,0.0
cabmzhz,1.0
cabribe,1.0
cabvgfo,1.0
cabwpil,1.0
cacclbj,0.0
cacfcgo,1.0
cacosjs,1.0
cacsplo,1.0
cacvsit,1.0
cacwwbs,0.0
cadanan,1.0
cadlfik,1.0
cadozij,1.0
cadrnkj,1.0
cadzmst,0.0
caedfzo,1.0
caeqqon,1.0
caewejx,1.0
caezafm,1.0
cafckur,1.0
cafhdzd,1.0
cafhkxe,1.0
caflpca,0.0
cafrbma,0.0
cafxneo,0.0
cageuim,1.0
cagnwtp,0.0
caguwvi,1.0
cahkwrn,0.0
cahsvdw,1.0
caiinta,1.0
caimhce,0.0
caiphbp,0.0
caitbnt,1.0
caizgsr,1.0
cajafzp,1.0
cajiqbb,1.0
cajppyp,1.0
cakehev,1.0
cakhyth,0.0
cakntsw,0.0
cakovyi,1.0
calujsu,1.0
calupev,1.0
campewy,0.0
camxbdv,1.0
camxcen,0.0
camxltl,0.0
canhyxh,0.0
canjtcj,1.0
canubam,1.0
caobjja,1.0
caocujr,1.0
caolhnt,1.0
caoviwe,1.0
caphled,0.0
capilao,0.0
capkpxm,1.0
capojsl,1.0
caqcnaq,0.0
caqdoga,0.0
caqgkyr,1.0
caqmvdr,1.0
caqwans,1.0
carckld,1.0
carobni,1.0
carpzwo,0.0
cascqmx,0.0
casflzn,0.0
casogoe,1.0
cassyzq,0.0
casygoy,0.0
catbnac,0.0
catrlrm,1.0
caujrkq,1.0
caujxns,1.0
caukidu,0.0
caussrp,0.0
cauvhdp,1.0
cauvymu,1.0
cavbplj,0.0
cavjwmj,1.0
cavqttw,1.0
cavwryt,0.0
cavxfuz,0.0
cavylrj,1.0
cavzmlt,0.0
cawcttd,1.0
cawgdyd,0.0
cawitrc,0.0
cawlkdc,1.0
cawlvoh,1.0
cawpctg,1.0
cawpycg,1.0
cawqbzs,1.0
cawrtpm,0.0
caxmsth,1.0
caxrocn,1.0
caycneo,0.0
cayewoi,1.0
cayhamv,1.0
cayjguz,1.0
caylbih,1.0
caywgut,1.0
cayzmco,1.0
cazogse,1.0
cazsjpd,0.0
cazziuk,1.0
cbaawqj,1.0
cbabkck,1.0
cbabpha,1.0
cbacpgn,1.0
cbaktim,1.0
cbalepc,1.0
cbarxdn,0.0
cbauoxk,1.0
cbawyqp,1.0
cbayomn,1.0
cbbirdb,1.0
cbbkkzy,1.0
cbblrsp,0.0
cbbmcxs,1.0
cbbnnfz,1.0
cbbqcii,1.0
cbbzife,1.0
cbchizg,1.0
cbciubf,0.0
cbcnxdx,0.0
cbcomjb,0.0
cbdabej,1.0
cbdbkfz,1.0
cbdeamd,1.0
cbdjwxw,1.0
cbdnnjn,0.0
cbdpuwz,1.0
cbeolxk,0.0
cberpxo,1.0
cbexhob,1.0
cbexioo,0.0
cbffmrv,1.0
cbfovxw,1.0
cbfwmub,1.0
cbghxjn,0.0
cbgxxqn,0.0
cbhhdpt,0.0
cbhkctt,0.0
cbhkybu,1.0
cbhqwqg,1.0
cbhurnj,0.0
cbhuxrk,1.0
cbhvkmc,1.0
cbhxihy,1.0
cbhyiyz,1.0
cbidpgj,1.0
cbiwbdd,1.0
cbixefj,0.0
cbiypgh,1.0
cbjabdm,1.0
cbjkdcm,1.0
cbjomai,0.0
cbjqfow,1.0
cbjqmrb,1.0
cbjvqfx,1.0
cbkcnzl,0.0
cbkohar,1.0
cbkruvz,1.0
cblcmkg,1.0
cblnfba,1.0
cblpgsb,1.0
cbltrsj,0.0
cblzmfk,1.0
cbmabif,1.0
cbmqykm,1.0
cbmvabr,1.0
cbnnxdm,0.0
cbnuyob,1.0
cboawyt,1.0
cbodtum,1.0
cboefmp,1.0
cboggie,1.0
cboktte,1.0
cbopvpv,1.0
cboqpwy,0.0
cboxqxj,0.0
cbpmwrx,1.0
cbqgfko,1.0
cbqppcc,0.0
cbqzfkg,1.0
cbrdjvc,1.0
cbreivg,1.0
cbrpuxf,0.0
cbrybnz,1.0
cbrzjzf,1.0
cbsjtbx,1.0
cbsjwqc,1.0
cbtngfs,0.0
cbulxlq,0.0
cbvecmw,1.0
cbvwxfz,1.0
cbwbpzw,1.0
cbwmhrd,0.0
cbwvxvs,1.0
cbxfdma,0.0
cbxleku,0.0
cbysiov,1.0
cbyxtml,1.0
cbyyipq,1.0
cbzmbeu,0.0
cbzwfxy,0.0
cbzwltq,1.0
ccaptyk,1.0
ccatguc,0.0
ccatzkl,0.0
ccaubkn,0.0
ccazxzz,1.0
ccbbhnk,1.0
ccblglc,1.0
ccbndwz,1.0
ccbqnoh,0.0
ccbsfzd,0.0
ccbwksc,1.0
ccbxfcp,1.0
ccbycwg,1.0
cccbcjg,1.0
cccbsou,0.0
cccylef,1.0
ccddvgi,1.0
ccdebtl,0.0
ccdswzr,1.0
ccdzylw,1.0
ccefsbm,1.0
ccelocc,1.0
ccfufvw,1.0
ccfuqdk,1.0
ccgabvp,1.0
ccgsgvk,0.0
cchfcdu,0.0
cchmdan,1.0
ccickux,1.0
ccifqzm,1.0
ccikxyo,1.0
ccjjxpd,1.0
ccjqfec,0.0
ccjwjun,1.0
ccjyluh,1.0
cckdfkk,1.0
cckdhyd,1.0
cckslna,1.0
cckvloc,1.0
cckvqyf,1.0
cckvygj,1.0
cclaobs,0.0
ccltqnv,0.0
cclumio,1.0
cclwktn,1.0
cclyeax,1.0
ccmbfkq,1.0
ccmcnyy,1.0
ccmqakl,1.0
ccmwfjv,0.0
ccmxvaf,0.0
ccnfdku,0.0
ccnkkay,1.0
ccnsdtx,1.0
ccnstgg,0.0
ccofclj,1.0
ccohppi,1.0
ccoixqy,1.0
ccokaqh,1.0
cconryq,1.0
ccotiqq,1.0
ccoyleh,1.0
ccpikal,0.0
ccpvnff,1.0
ccpwcgt,1.0
ccqctgc,1.0
ccqgwfl,0.0
ccqhver,0.0
ccqoitl,1.0
ccqolsg,0.0
ccrkxff,1.0
ccrobtk,0.0
ccseerz,1.0
ccsgpww,1.0
cctabrf,1.0
cctlnck,0.0
cctuehe,0.0
cctusuk,1.0
ccuezol,1.0
ccujmyd,1.0
ccumcfl,1.0
ccupkpe,0.0
ccurfuw,1.0
ccuxceq,1.0
ccuxjke,1.0
ccvdviv,1.0
ccveiel,0.0
ccvomdx,1.0
ccvwyvl,1.0
ccwjork,1.0
ccwnmgv,0.0
ccwsnsv,1.0
ccwwhvx,0.0
ccwysnv,0.0
ccxvciy,1.0
ccyfyvf,1.0
ccyhczz,1.0
ccytgfd,0.0
ccyxmou,0.0
cczaebi,1.0
cczdgth,1.0
cczogbu,0.0
cczpbai,1.0
ccztwdh,1.0
cdafjyd,0.0
cdanfzp,1.0
cdawfzf,0.0
cdbkjsd,1.0
cdbtcoo,0.0
cdbwoah,1.0
cdcooip,1.0
cdcrcen,1.0
cddpqcw,1.0
cdeojka,0.0
cdfbihx,1.0
cdfchpz,1.0
cdfouml,1.0
cdfryri,1.0
cdfxots,0.0
cdfzkcb,1.0
cdgiwqn,1.0
cdgncjj,0.0
cdgrgns,1.0
cdgtdzi,1.0
cdhgqhv,1.0
cdhpnec,1.0
cdhsqaf,0.0
cdhtpsf,1.0
cdhuawa,1.0
cdhuvpa,1.0
cdidgav,1.0
cdifbbh,0.0
cdihwxy,1.0
cdirssg,1.0
cdjhhvx,1.0
cdjjtef,1.0
cdjsshk,0.0
cdjvejb,0.0
cdjzsmj,1.0
cdkggtr,0.0
cdkhqnl,1.0
cdkhsio,1.0
cdkpzqu,0.0
cdkulvc,1.0
cdkwzqa,0.0
cdldtlz,0.0
cdliegw,1.0
cdlwhdy,1.0
cdmeqxj,1.0
cdmmepi,1.0
cdnndqc,1.0
cdnrrvq,1.0
cdntcub,1.0
cdoftzc,1.0
cdoizwa,0.0
cdoqyas,0.0
cdotybo,1.0
cdpcznx,0.0
cdpfpce,0.0
cdpgmbn,1.0
cdpmdxe,1.0
cdqhgel,0.0
cdqmuyh,1.0
cdqxbmm,0.0
cdqxglg,0.0
cdrjsji,1.0
cdrtgtn,1.0
cdrzivt,1.0
cdsioiv,1.0
cdsmdge,1.0
cdtbetv,0.0
cdtcncf,1.0
cdtvmnx,1.0
cdudxrc,1.0
cduonvq,1.0
cduqvxz,1.0
cduvenp,1.0
cduxbjn,0.0
cdvejmk,1.0
cdvgijj,1.0
cdvguvr,1.0
cdwlzzf,1.0
cdwsfir,0.0
cdxeqgi,1.0
cdxhulu,1.0
cdxqmde,0.0
cdxrvbw,1.0
cdxyjcu,1.0
cdxztjf,0.0
cdyjtui,1.0
cdyqrxh,1.0
cdyylbq,0.0
cdzjoky,1.0
cdzrknx,0.0
cdztfxd,1.0
cdzuvku,0.0
cdzzlpe,0.0
ceafjzy,1.0
ceagqmy,1.0
ceardao,0.0
ceaslri,1.0
cebqivs,1.0
cecdgvd,0.0
cecgigu,0.0
cecocil,0.0
cedacbu,0.0
cedgxqv,1.0
cedlhdq,0.0
cednwek,1.0
cedpcsh,1.0
cedyrjv,1.0
ceeenbk,1.0
ceeihbe,1.0
ceejrhp,0.0
ceelxop,1.0
ceeywfz,0.0
cefbqgy,1.0
ceferbr,1.0
cefmika,1.0
cefnseu,1.0
cefpvtn,0.0
cefvlna,0.0
cegbdvw,1.0
cegdala,1.0
ceghtff,1.0
cegnbag,1.0
cehgrng,1.0
cehrpty,1.0
cehuiyb,0.0
ceigqug,1.0
ceikyeg,1.0
ceiujyt,1.0
ceivrzs,0.0
cejapgk,1.0
cejekjb,0.0
cejfuti,1.0
cejitqk,1.0
cejmzzs,1.0
ceknnpf,1.0
cekymaz,1.0
celacsq,0.0
celdtsg,0.0
celmxsz,1.0
celqxpn,1.0
celyuya,1.0
cemaonj,1.0
cemdyaz,1.0
cemhubn,1.0
cemikfy,0.0
cemppug,1.0
cemrhnq,1.0
cemrraf,1.0
cenixcm,0.0
cenumtm,1.0
ceoiayj,1.0
ceoogkl,1.0
ceoohho,0.0
ceoqywt,1.0
ceorloj,1.0
ceowjeu,1.0
cepcsxd,1.0
cephnhh,1.0
cepnctx,1.0
cepvzzo,0.0
ceqmxof,1.0
ceqykee,1.0
cerbqgr,0.0
cerjrzc,1.0
cesnblr,1.0
cesyait,1.0
cetczwh,1.0
cetodch,1.0
cetrmhp,1.0
ceucebo,0.0
ceughen,0.0
ceuidtv,1.0
ceujakk,1.0
ceujwej,1.0
ceulnwg,0.0
cevkczn,0.0
cevltts,1.0
cevnhrp,1.0
cevsukn,1.0
cevtfml,1.0
cevvbpa,1.0
cewpplf,1.0
cexcvha,1.0
cexjeou,1.0
cexkpsq,0.0
cexrswx,0.0
ceyiflv,1.0
ceyoarr,1.0
ceysscg,1.0
cezahgt,0.0
cezjxqu,0.0
cezqawt,1.0
cezuaos,0.0
cezuwoy,1.0
cfbcony,0.0
cfbfzcq,1.0
cfbgnvi,1.0
cfbotcm,1.0
cfbqyut,1.0
cfcdjxe,0.0
cfcitax,1.0
cfcjaoc,1.0
cfcqflb,0.0
cfcsulj,1.0
cfcyqlj,1.0
cfdqvbu,0.0
cfdukjo,0.0
cfduola,1.0
cfegqpx,0.0
cfekjom,0.0
cffnfnx,1.0
cffqbcw,1.0
cfgpdez,1.0
cfgpsin,0.0
cfhrdow,0.0
cfhugta,0.0
cficann,1.0
cfiohwt,0.0
cfjgwim,1.0
cfjhhad,1.0
cfjimds,1.0
cfjmelh,1.0
cfjovik,1.0
cfjpref,0.0
cfkuhdm,0.0
cflcsdu,1.0
cflefdp,0.0
cflgiwz,0.0
cflmmga,0.0
cfltojs,1.0
cflyfqf,0.0
cfmccea,0.0
cfmexjc,1.0
cfmjjre,1.0
cfmoyqb,1.0
cfmrfch,1.0
cfmtvit,1.0
cfmvotx,0.0
cfmvxcz,1.0
cfnghjv,1.0
cfngxyr,1.0
cfnhyco,1.0
cfnucby,1.0
cfnyjyb,1.0
cfobull,1.0
cfoigoo,1.0
cfoofej,1.0
cfootzn,1.0
cforjyn,1.0
cfowwfo,1.0
cfozwyh,1.0
cfpceaw,1.0
cfpckhn,1.0
cfppwxe,1.0
cfqdztj,1.0
cfqlhff,1.0
cfqttjj,1.0
cfquaic,0.0
cfqwhjc,1.0
cfqxozk,1.0
cfraeof,0.0
cfrfbmx,1.0
cfrualk,1.0
cfrxwzu,1.0
cfrzddz,0.0
cfsetrp,1.0
cfuiudh,1.0
cfujevh,0.0
cfukmzj,1.0
cfuuaat,1.0
cfuufuc,1.0
cfuzvqs,1.0
cfvaqvz,1.0
cfvfscp,1.0
cfvorpl,0.0
cfvoxjy,1.0
cfvrxeh,1.0
cfvvcsu,0.0
cfvywww,1.0
cfxegbq,1.0
cfxqymm,1.0
cfycajh,1.0
cfygdlr,0.0
cfyvpql,1.0
cfzesdo,1.0
cfziqmx,1.0
cfzlzau,1.0
cfztxtk,1.0
cfzycrv,1.0
cgaffcf,1.0
cgalius,1.0
cgantqe,0.0
cgaovpl,1.0
cgaozvw,1.0
cgaqfmd,1.0
cgarerg,1.0
cgaubip,0.0
cgaucvr,1.0
cgbcjxe,1.0
cgbkfrr,1.0
cgbkpua,1.0
cgboxfx,1.0
cgbsvju,1.0
cgcrayi,1.0
cgcvtph,1.0
cgcxoqn,0.0
cgddrwi,1.0
cgdjwcr,1.0
cgdpvot,1.0
cgebriw,1.0
cgecyql,1.0
cgelwsu,1.0
cgflvey,1.0
cgfnatx,1.0
cgftpak,0.0
cgfykwz,1.0
cggexor,0.0
cghoffw,0.0
cgimekn,1.0
cgitqna,0.0
cgiztau,0.0
cgjtxzu,0.0
cgjvaoz,1.0
cgkdmkn,1.0
cgkqozd,1.0
cgktphk,1.0
cgktrzn,0.0
cglgsbc,1.0
cgllnkp,1.0
cglmxpf,1.0
cglnwfq,1.0
cgloydl,1.0
cgmemij,1.0
cgmhhll,1.0
cgmhrvq,1.0
cgmlcuz,0.0
cgmnynd,1.0
cgmraeh,0.0
cgmtwsm,1.0
cgnfags,1.0
cgnjhbb,0.0
cgnnhpd,0.0
cgnqcek,1.0
cgntqsw,1.0
cgnwfxi,0.0
cgodxmv,1.0
cgozkaj,0.0
cgpklpg,1.0
cgprxzv,1.0
cgpsuaw,1.0
cgpujju,1.0
cgpvkyt,0.0
cgqlnui,0.0
cgqmmnu,1.0
cgqwkrc,1.0
cgqwwvn,1.0
cgrgctp,1.0
cgrkbkp,0.0
cgrpxui,1.0
cgryjml,1.0
cgrykgw,1.0
cgsjveb,1.0
cgsjvvw,0.0
cgsoxvh,0.0
cgstjav,1.0
cgtppty,1.0
cgtxnjg,0.0
cgtywxd,1.0
cgtzrwo,1.0
cguinzw,1.0
cgumgmm,0.0
cguvpse,1.0
cguwtbp,1.0
cgvivxu,1.0
cgvmopi,0.0
cgvnhjg,0.0
cgvrhpd,0.0
cgwgsol,1.0
cgwmcbw,1.0
cgwqtyq,1.0
cgwsfll,0.0
cgwujuo,1.0
cgwvgjr,1.0
cgwxnfl,0.0
cgwzxvv,0.0
cgxgpyo,1.0
cgxhyoz,1.0
cgxkanr,0.0
cgxozkv,0.0
cgxplub,0.0
cgyfdcb,1.0
cgyknqp,1.0
cgyongh,1.0
cgytpzd,1.0
cgzahvm,0.0
cgzayzm,0.0
cgzhuwo,0.0
cgzjjwv,1.0
chaniit,0.0
chauayt,0.0
chawmsp,1.0
chazbyt,1.0
chbslji,1.0
chbwnsd,1.0
chbxwdh,1.0
chcfrao,0.0
chcgpce,0.0
chcrznl,0.0
chcvzsm,1.0
chcwgts,1.0
chdgnnj,1.0
chdhftz,1.0
chdhrpr,1.0
chdilre,1.0
chdrviz,1.0
chdxllv,1.0
cheiwyn,1.0
chfloem,1.0
chfphal,0.0
chfpxyg,1.0
chfxdsw,0.0
chgakcm,0.0
chgbkte,1.0
chgbnhb,1.0
chgotyt,1.0
chgxttm,0.0
chgyelm,1.0
chhdgon,0.0
chihify,1.0
chiixlj,0.0
chijchs,1.0
chiqfew,1.0
chisace,1.0
chiserx,0.0
chisqiu,1.0
chixiqf,1.0
chizfdl,1.0
chjbqbk,1.0
chjllzb,0.0
chjrgeq,1.0
chkfeth,0.0
chkfmuo,1.0
chkjyot,1.0
chklfhi,1.0
chkuwyw,1.0
chkvwnt,1.0
chllwkl,0.0
chllycj,1.0
chltdgv,1.0
chmawsj,0.0
chmqnng,1.0
chmsqft,1.0
chmtojq,1.0
chmusxr,0.0
chmzqgq,1.0
chnbdvb,0.0
chnimpk,1.0
chntxou,1.0
chnxsbb,1.0
chnxugw,1.0
chohijv,1.0
chooeyd,0.0
chosnxb,0.0
chpctnm,1.0
chqywtn,1.0
chrqdib,0.0
chrrfdx,1.0
chsexpw,0.0
chsfuwx,0.0
chsqjem,0.0
chtdbdq,0.0
chtwlcp,1.0
chuibxp,1.0
chulrok,0.0
churfpl,1.0
chuteni,1.0
chvagka,1.0
chvajwg,1.0
chvivih,0.0
chvkvlj,0.0
chvmqrq,0.0
chvpmhl,1.0
chvyupt,1.0
chwkidw,1.0
chwnnvc,1.0
chwprpo,1.0
chwrhka,1.0
chwuqkk,0.0
chxdsok,1.0
chxexsb,1.0
chxidgs,1.0
chxvetv,0.0
chymshr,0.0
chytylp,1.0
chzclll,0.0
chzhatf,1.0
chzlgmd,1.0
chzltch,1.0
ciafitv,1.0
ciajvhx,1.0
cibbmne,0.0
cibiutj,1.0
cibqerx,1.0
cibyeff,1.0
cibzicb,0.0
cicjuex,1.0
ciclrke,1.0
cidaylo,1.0
cidlsqr,1.0
cidogfi,1.0
cidpdrw,1.0
cieayiy,1.0
ciepjuz,1.0
ciepmll,0.0
cifggky,1.0
cifmmfk,0.0
cigloiy,1.0
cigmydj,0.0
cihbyhg,1.0
cihgwjm,1.0
cihwxeg,1.0
ciinfxj,0.0
ciiqhud,0.0
ciiyjfa,0.0
cijfwht,0.0
cijiitk,1.0
cijpaua,1.0
cikajss,1.0
cikfhht,0.0
ciklphp,1.0
cikvsoy,1.0
cildxkb,1.0
cileled,1.0
cilytxo,1.0
cimajeo,0.0
cimlboq,0.0
cimzlwm,1.0
ciniqgk,1.0
ciniqzr,1.0
cinnqbh,1.0
cinnvlp,1.0
cinrxjc,1.0
ciobvsh,1.0
cioeqij,1.0
ciouotv,1.0
ciplcnt,1.0
ciqarhd,0.0
ciqkmbm,1.0
ciqscsq,1.0
cirimvt,1.0
cirmhvo,0.0
cirngyq,0.0
cirpznd,1.0
cirsmms,1.0
cirxwel,0.0
cisbbec,0.0
cisvlrd,0.0
ciswyaa,1.0
cisyaaz,0.0
citfhbz,1.0
citfrim,1.0
citnowi,0.0
citqvoy,0.0
ciulhia,1.0
ciunucm,1.0
ciuodew,1.0
ciuxafl,1.0
civpsgr,0.0
civsuii,0.0
ciwdkze,0.0
ciwmhkz,1.0
ciwxzhm,1.0
cixawvl,0.0
cixdhys,1.0
cixgrqt,1.0
cixgvik,1.0
cixmmwd,1.0
cixoabl,1.0
cixogua,1.0
cixyapk,1.0
cixyeds,1.0
cixyodl,1.0
ciybgmz,1.0
ciygbxo,0.0
ciyiwwa,1.0
ciyxxel,0.0
cizpeqv,1.0
cizrxyc,1.0
cizzmxn,0.0
cjacbdg,0.0
cjaefxh,1.0
cjaivrg,1.0
cjamslk,1.0
cjanrwl,1.0
cjaqyez,0.0
cjblzpx,1.0
cjbnjpo,0.0
cjbstfi,1.0
cjbwuzw,1.0
cjbzani,1.0
cjcmppy,1.0
cjcnmxf,0.0
cjcwrxy,1.0
cjdqpxl,0.0
cjdqwmt,0.0
cjdrnhs,1.0
cjdwouc,0.0
cjdzisr,0.0
cjemzcc,1.0
cjeodva,1.0
cjesmdq,1.0
cjetsbf,0.0
cjfagkh,0.0
cjfcmxh,1.0
cjfgnno,1.0
cjfkgfk,0.0
cjfqbzm,1.0
cjgsnjd,0.0
cjgxziz,0.0
cjgypgq,1.0
cjhbzou,1.0
cjhffqs,1.0
cjhmcwk,1.0
cjikuqs,1.0
cjiltnb,1.0
cjjapjw,0.0
cjjgzfk,1.0
cjjxjvh,0.0
cjkaqhi,1.0
cjkefwm,1.0
cjkfaii,1.0
cjkfxmj,1.0
cjkjgnx,1.0
cjkwbkn,1.0
cjlirmf,1.0
cjllnmh,1.0
cjloqqg,1.0
cjlowgj,0.0
cjlrebs,1.0
cjmdyyw,1.0
cjmkyux,1.0
cjmnoer,1.0
cjmosom,1.0
cjmsejd,0.0
cjnfkqi,0.0
cjnlvvh,0.0
cjnomtj,0.0
cjnrdxb,1.0
cjntyku,1.0
cjnxbfr,1.0
cjnylyf,1.0
cjobwys,1.0
cjogrvf,1.0
cjoshrk,0.0
cjouoik,1.0
cjpmaae,1.0
cjpqrbm,0.0
cjptgbs,0.0
cjpuxmo,1.0
cjqbszo,1.0
cjqclog,1.0
cjqilkh,1.0
cjqrznt,1.0
cjqwqcg,1.0
cjqzrqh,1.0
cjraort,0.0
cjskfys,1.0
cjsoqjj,1.0
cjtffsc,1.0
cjtgwcs,0.0
cjuwwut,1.0
cjvaxas,1.0
cjvgejw,0.0
cjvmofo,1.0
cjvpnsi,1.0
cjwbifh,0.0
cjwefvg,0.0
cjwjbhd,1.0
cjxdmkc,1.0
cjxedor,1.0
cjxvmtb,1.0
cjxzhfw,1.0
cjyhpwx,1.0
cjymzdh,1.0
cjyrgps,0.0
cjyvgvj,0.0
ckasffj,1.0
ckbexoi,1.0
ckbupqw,0.0
ckdugfp,1.0
ckdyeny,1.0
ckednaa,0.0
ckembyl,1.0
ckesenj,1.0
ckesryl,1.0
ckewgca,1.0
ckfmuml,1.0
ckfwclk,1.0
ckgadvz,1.0
ckgfpum,1.0
ckghjlm,0.0
ckgnupd,1.0
ckhaqxw,0.0
ckhdhxd,1.0
ckhndfw,0.0
ckhrdyx,1.0
ckifebl,1.0
ckigulm,0.0
ckiqwtw,1.0
ckjneyq,1.0
ckjpnju,1.0
ckjqgun,1.0
ckjswvg,0.0
ckjxuht,0.0
ckkbngr,1.0
ckkhujp,0.0
ckkjudl,0.0
ckkkoiw,0.0
ckkrfkk,1.0
ckkrhec,1.0
ckkvcrx,0.0
ckkwcmh,1.0
ckkzboh,0.0
cklpafr,0.0
ckmaxij,1.0
ckmhtjr,0.0
cknauva,0.0
cknkzmf,1.0
cknsoyl,0.0
cknutmd,0.0
cknwsuv,1.0
ckokmna,1.0
ckomrsp,1.0
ckopzok,1.0
ckordch,1.0
ckoronn,1.0
ckoufzn,1.0
ckozrzd,1.0
ckpaput,0.0
ckpcicc,1.0
ckpdhgn,0.0
ckpouuf,0.0
ckpusur,1.0
ckpxheh,1.0
ckqeatc,0.0
ckqjhue,0.0
ckqklhw,0.0
ckqlwuj,0.0
ckqogpr,1.0
ckragak,1.0
ckrhxof,0.0
ckrmifh,0.0
ckrtxqp,0.0
cksdmnt,1.0
ckserny,0.0
ckssgmg,1.0
cksynyl,0.0
cktaqkj,1.0
cktdtdb,1.0
ckturxs,1.0
cktxkyz,1.0
cktzkxx,1.0
ckusqzi,1.0
ckvqyty,0.0
ckwcghy,1.0
ckwlelb,1.0
ckwloeb,1.0
ckwnypi,1.0
ckwxpjn,1.0
ckwzfif,0.0
ckxamvt,1.0
ckxdasb,0.0
ckxftge,1.0
ckxksyg,1.0
ckxogtt,0.0
ckxqhwl,0.0
ckygrxd,1.0
ckyhirp,0.0
ckyhqoe,0.0
ckyrgry,1.0
ckzmkjp,0.0
ckzoedl,1.0
ckzpuid,0.0
ckzxhgo,1.0
clahdwy,1.0
claixot,1.0
claxyrs,1.0
clbaggw,0.0
clbbhlj,0.0
clbddsk,1.0
clbeslz,1.0
clbkats,0.0
clbmfcm,0.0
clbpwjo,1.0
clbrvxq,1.0
clcjtmz,0.0
clclmtt,1.0
clcnrya,1.0
clcwtto,1.0
cldbxhp,0.0
clebouh,1.0
cleebna,1.0
clefwkj,0.0
cleinie,1.0
clesvog,1.0
clfaugw,0.0
clfauty,0.0
clfmezx,0.0
clfmjps,1.0
clfptly,1.0
clfqoju,1.0
clfsthh,0.0
clftvku,1.0
clgdozq,0.0
clgiqbi,0.0
clgjiip,1.0
clglqwh,1.0
clguema,1.0
clgurjy,1.0
clgxkar,1.0
clhajob,1.0
clhoqnw,0.0
clhpnru,1.0
clhsybx,1.0
clidipn,1.0
clihwhn,1.0
clivcni,0.0
clizuov,1.0
cljsqgx,1.0
cljxhwl,0.0
clkhtgo,1.0
clklrae,1.0
clkroge,1.0
clldhww,1.0
cllubsc,1.0
cllxcta,1.0
cllzcgh,1.0
clmdxgq,1.0
clmkdfn,1.0
clmogdb,1.0
clmtgwm,0.0
clnchbf,1.0
clncrvr,1.0
clnrfsi,1.0
cloclee,1.0
clodalg,0.0
clongqi,0.0
clouueg,0.0
clpcqxw,1.0
clpfzjz,1.0
clpjaec,1.0
clpjllg,1.0
clpmggi,1.0
clprrty,1.0
clprysw,1.0
clqlqal,1.0
clqoumr,0.0
clqrvnj,1.0
clqrwpi,0.0
clqvvfo,1.0
clqxdke,1.0
clrajmy,0.0
clrcagk,1.0
clrdtgx,1.0
clrnlgd,0.0
clrygfk,1.0
clsccal,0.0
clshuof,1.0
clsornr,0.0
clsqyao,1.0
clsvgld,1.0
cltnivl,0.0
cltvfni,0.0
cluexfg,1.0
clufuzt,1.0
clujvwl,1.0
clukvgh,0.0
cluuykw,0.0
cluzxze,1.0
clvafhs,1.0
clvnkne,0.0
clwawlg,0.0
clwmgdl,0.0
clwrdmz,1.0
clwtxqs,1.0
clxhvoc,1.0
clyndeo,1.0
clypjfj,1.0
clyrkqf,1.0
clywkgc,1.0
clzccbm,1.0
clzcyuu,1.0
clzeyyi,1.0
clzqjfs,1.0
cmaeyzp,1.0
cmalksy,0.0
cmaodrm,1.0
cmaruwg,1.0
cmayxav,0.0
cmbaebu,0.0
cmbrkia,1.0
cmbrxmx,0.0
cmcovnb,1.0
cmddqcf,1.0
cmdnlbh,0.0
cmdogql,1.0
cmdxfyz,1.0
cmecfwj,1.0
cmelabo,1.0
cmfmshf,1.0
cmftfnn,1.0
cmgibna,1.0
cmgihhf,0.0
cmhcrnr,0.0
cmheotr,1.0
cmhzfgu,0.0
cmikkgf,1.0
cmilphb,0.0
cmimxoc,1.0
cmiwqlx,1.0
cmiylwi,0.0
cmjduac,1.0
cmjklny,0.0
cmkcsxy,1.0
cmkzkgm,1.0
cmljeia,0.0
cmlkmbu,1.0
cmlmhdk,0.0
cmltjkn,0.0
cmltzwg,1.0
cmluxtg,1.0
cmlxejc,1.0
cmmktar,0.0
cmmmjcn,1.0
cmntswo,1.0
cmnuzxg,0.0
cmoafez,1.0
cmobfua,0.0
cmoggnf,0.0
cmolwrw,1.0
cmorldc,1.0
cmpezlr,1.0
cmpgzye,0.0
cmpubfz,0.0
cmpxcqi,1.0
cmrxorj,0.0
cmsjzhe,1.0
cmsnose,1.0
cmsrkmo,1.0
cmsrzqs,0.0
cmsxleu,1.0
cmszfsh,1.0
cmtjmxe,1.0
cmuiozo,1.0
cmuiwds,1.0
cmuohzp,1.0
cmurazk,0.0
cmvhptw,1.0
cmvprli,1.0
cmwwosp,0.0
cmwykpd,1.0
cmxhmyx,0.0
cmxkaoz,1.0
cmxypuq,0.0
cmybpas,1.0
cmyeuwv,1.0
cmymqiu,1.0
cmyuqbr,1.0
cmywmsc,1.0
cmywyzw,1.0
cmzhxbs,0.0
cmzptte,1.0
cmzrhli,1.0
cmzxfxf,1.0
cnaftwi,1.0
cnaxkub,0.0
cnbimot,0.0
cnboien,0.0
cncrhfu,0.0
cndaalg,1.0
cndbhpg,1.0
cndsgko,1.0
cneiheu,1.0
cnemfyq,0.0
cnepovc,0.0
cneuksb,1.0
cnevbfp,1.0
cnfgswb,1.0
cnfklor,1.0
cnfnefp,1.0
cnfqdkk,1.0
cnfwxlz,1.0
cngcqlf,1.0
cngfxbf,1.0
cngjzsp,1.0
cngmdta,1.0
cngnzgo,1.0
cngoeth,1.0
cngrblb,1.0
cngtzys,1.0
cngwtkv,1.0
cngyfvr,1.0
cnhhhyc,0.0
cnhhuhv,0.0
cnhjjus,1.0
cnhrjis,1.0
cnhvimo,1.0
cnidiym,1.0
cnijqqn,0.0
cninfap,1.0
cnjdeib,1.0
cnjjxcg,0.0
cnjmcou,1.0
cnjzmne,1.0
cnkdaui,1.0
cnklwmm,0.0
cnkvduy,1.0
cnldoje,1.0
cnlfhdw,1.0
cnlgqou,0.0
cnlqdry,1.0
cnlverg,0.0
cnmhdrw,0.0
cnmugcr,0.0
cnndxot,1.0
cnnkkwe,1.0
cnnklbz,1.0
cnocaof,1.0
cnocjby,1.0
cnoejvy,0.0
cnogyyu,1.0
cnojixm,0.0
cnpbckz,1.0
cnphsmq,0.0
cnpivoa,0.0
cnpqsxl,0.0
cnpwrqt,0.0
cnqomuq,0.0
cnqsdsh,1.0
cnqtpig,1.0
cnqwsts,1.0
cnrhltl,1.0
cnrhoke,1.0
cnrjpqk,0.0
cnrwsen,0.0
cnrxoow,0.0
cnsacnd,1.0
cnsclyo,1.0
cnsguva,1.0
cnsqjyv,1.0
cntngwt,1.0
cntrfpu,1.0
cntynrp,1.0
cnunfgh,0.0
cnvalbk,1.0
cnvbjgx,1.0
cnvfdnq,1.0
cnvpvlq,1.0
cnvssfr,1.0
cnvvhmb,1.0
cnwhynd,1.0
cnwovaf,1.0
cnwxgbl,1.0
cnxbuar,1.0
cnxdvvx,1.0
cnxraok,0.0
cnydbfi,1.0
cnyewsa,1.0
cnyfzda,1.0
cnyjleo,1.0
cnytqcx,1.0
cnyvfyf,0.0
cnyxdyu,1.0
cnzqxgc,1.0
cnzuhto,1.0
cnzwcye,1.0
cnzxovy,1.0
coaalzf,1.0
coaeucr,0.0
coagnkh,1.0
coarznd,1.0
cobbszo,0.0
cocdcey,0.0
codajoe,1.0
codbkpu,0.0
coddzto,1.0
codiodg,1.0
codpsql,1.0
codrcme,0.0
codtblq,0.0
coduoyn,1.0
codyiol,0.0
coedsnk,0.0
coejjfp,1.0
coeklfm,0.0
coensas,0.0
coeovof,1.0
coergpp,0.0
coerxfc,1.0
cofddir,1.0
cofeizw,1.0
cofiwww,1.0
cofsdxx,1.0
coftgen,1.0
cofurav,1.0
cogabzx,1.0
cogecfb,1.0
cogfluw,1.0
cognrsa,1.0
cogqgsv,1.0
cogsugj,1.0
cohgkkj,1.0
cohomho,1.0
cohqrxp,1.0
coibaca,0.0
coimfyj,1.0
coiooom,0.0
coiwyqc,0.0
cojfssh,1.0
cokawur,1.0
cokerpv,1.0
cokfrfq,1.0
cokytly,1.0
colbkyu,0.0
colexxy,0.0
colsbii,1.0
coltkuv,1.0
colwcjg,1.0
colzein,1.0
colzxji,1.0
combhey,1.0
comjlmv,1.0
comyadh,0.0
conaoxg,1.0
conpmjh,1.0
consris,1.0
conwfjs,0.0
coodame,1.0
coparhm,1.0
copbxci,1.0
copdfmm,1.0
copkrmj,0.0
copncba,0.0
coqgmdr,0.0
coqivrh,1.0
coqlnuv,0.0
coqtfqs,1.0
cornnby,1.0
corqsiz,1.0
cortbki,1.0
cosmvdl,1.0
cotecuz,0.0
cotrbnf,1.0
cotzham,1.0
coueasu,1.0
couzxhw,0.0
covktaw,0.0
covvgyh,1.0
cowewjr,1.0
cowgabd,1.0
cowjprj,1.0
cownmtl,1.0
cowxpzn,0.0
cowzqjl,1.0
coxkobo,1.0
coxpwgs,1.0
coybgjz,0.0
coynikq,1.0
coyshqi,0.0
coyxuyt,1.0
cozigua,1.0
cozlmnp,0.0
cozsqsd,0.0
cpaazej,1.0
cpaivdf,1.0
cpapnzq,0.0
cpaqaxe,1.0
cpbbvsv,1.0
cpbohbx,1.0
cpborfl,1.0
cpbviwh,0.0
cpbxcbs,1.0
cpcibkm,1.0
cpciviw,0.0
cpcpnld,0.0
cpcpsjq,1.0
cpdfgfo,1.0
cpdhbhf,1.0
cpdwlpu,1.0
cpdxxfl,1.0
cpdzsxy,0.0
cpehzok,1.0
cpeoxhk,1.0
cpfetjk,1.0
cpfpcpw,1.0
cpfzoqj,1.0
cpgfxcl,1.0
cpglsml,0.0
cpgufgm,1.0
cpgvbse,0.0
cphbkuv,1.0
cpheeue,1.0
cphhvlp,1.0
cphlzhy,0.0
cphtfyq,1.0
cphxktb,1.0
cphzpsy,1.0
cpjlwcr,1.0
cpkosje,1.0
cpkthug,1.0
cpkudjv,1.0
cpkylzu,1.0
cpljrhh,1.0
cplqvre,1.0
cplryto,0.0
cpmheuw,1.0
cpnohtu,1.0
cpnpfny,0.0
cpocdkq,1.0
cpocucd,0.0
cpocutp,1.0
cpowbqa,0.0
cpoxqsg,0.0
cpozzos,1.0
cppgast,1.0
cppirat,1.0
cpplapo,1.0
cppozub,1.0
cpprkap,0.0
cpqfpsl,1.0
cpqlqlw,1.0
cpqnwwt,0.0
cpqtuqo,1.0
cprbbbs,1.0
cprsefg,1.0
cpryply,1.0
cpteaos,0.0
cpthngz,0.0
cptluhw,0.0
cptnvvu,0.0
cptqwsq,1.0
cptrbug,1.0
cptxkdm,1.0
cptzrlx,1.0
cptzypx,0.0
cpueoxt,0.0
cpumytr,0.0
cpvilzk,1.0
cpvnmxs,1.0
cpwhvfn,0.0
cpwhygd,1.0
cpwigsr,1.0
cpwyiwo,1.0
cpxetpf,0.0
cpxlmnb,1.0
cpxmxba,0.0
cpxrbxr,1.0
cpybnyd,1.0
cpysncm,0.0
cpzzfug,1.0
cqafbdy,0.0
cqaiwmp,0.0
cqbrurl,0.0
cqcixhp,1.0
cqcjixd,0.0
cqcmrza,1.0
cqcwgjo,1.0
cqddwzf,1.0
cqdltuy,0.0
cqdmmal,0.0
cqdmxqs,0.0
cqdowmr,1.0
cqechgp,1.0
cqekyls,0.0
cqemoqk,1.0
cqequim,1.0
cqexhas,0.0
cqeystu,1.0
cqfauin,1.0
cqfjmva,1.0
cqfynes,1.0
cqgbbjb,1.0
cqgksks,1.0
cqgkunq,1.0
cqgmvao,1.0
cqgorqn,1.0
cqgqtld,1.0
cqhcwgs,0.0
cqhtuwo,0.0
cqjmzms,1.0
cqjqwen,1.0
cqklbav,1.0
cqkolld,1.0
cqkqvzm,1.0
cqkrrjt,1.0
cqkyhzh,1.0
cqkzgmf,0.0
cqlqofw,0.0
cqlzebs,1.0
cqmelrs,1.0
cqmfoxn,1.0
cqmhubn,1.0
cqmznnc,0.0
cqofspz,0.0
cqojlae,1.0
cqokhec,1.0
cqottbo,1.0
cqpiezv,1.0
cqptyqd,1.0
cqpujqh,1.0
cqqiisc,1.0
cqrbish,1.0
cqrgcma,1.0
cqrhqgv,1.0
cqrmayw,1.0
cqrnltb,1.0
cqrqrsm,0.0
cqrzpaj,0.0
cqsbozg,0.0
cqsiswz,1.0
cqslgby,1.0
cqsppqp,1.0
cqsylnc,1.0
cqtaafe,0.0
cqtcaoe,1.0
cqtfqot,1.0
cqucgkc,1.0
cquiqkb,1.0
cqukhmx,1.0
cqumbcy,1.0
cqumydx,0.0
cqvgzzi,0.0
cqvxuxe,1.0
cqwmpiw,0.0
cqwvnos,0.0
cqxqopp,1.0
cqxqukc,1.0
cqxtuzo,1.0
cqybneb,0.0
cqylboq,1.0
cqyovvk,0.0
cqytmzg,0.0
cqywkvh,1.0
cqyxzml,1.0
cqzhqzs,1.0
cqzjrok,0.0
cqzrcle,0.0
cqzzimf,1.0
crajcts,1.0
craxqtb,1.0
crazbca,0.0
crbdcpv,0.0
crbfkbs,1.0
crbiblh,1.0
crbicwt,1.0
crbjnvn,1.0
crbojff,1.0
crbtphg,0.0
crbuekz,0.0
crbuqcf,1.0
crdeojz,1.0
crdezfz,1.0
crdfour,1.0
crdlzcj,1.0
crekeok,0.0
cresjmo,1.0
crfazmq,1.0
crgjbvb,0.0
criabth,0.0
crialbe,1.0
cribxcs,1.0
crifavf,0.0
cripvfx,1.0
criqhdt,1.0
crjakbv,0.0
crjbgvr,0.0
crjdqvh,1.0
crjjtxv,0.0
crjkvgw,1.0
crjwttr,1.0
crjwtyx,1.0
crkfkjz,0.0
crkmhgo,0.0
crkorjx,1.0
crldclo,1.0
crliqyy,0.0
crlirsu,0.0
crmknjo,1.0
crmwiwp,0.0
crmynum,1.0
crnevjk,1.0
crnnobw,1.0
crnpspo,1.0
cropwkg,1.0
crowjwv,0.0
crpbbda,1.0
crpjhpr,0.0
crpjxad,1.0
crpljtx,1.0
crpokno,1.0
crqaxpy,1.0
crqhedq,0.0
crqtqqf,1.0
crqzbab,1.0
crrbtuu,0.0
crroiwi,0.0
crrvwso,1.0
crryrkl,1.0
crsfgdr,1.0
crsktan,0.0
crsshrp,1.0
crtircb,1.0
crtlsbl,1.0
crtmshm,1.0
crtzzhl,1.0
crumdpx,1.0
cruqrdf,0.0
cruvzwg,1.0
cruxqtf,1.0
cruyphy,0.0
crvcpss,0.0
crvdqky,1.0
crvqiur,1.0
crwksug,1.0
crwltrn,1.0
crwnpbn,0.0
crwowav,1.0
crwqbng,1.0
crwuoua,0.0
crxgsfc,1.0
crxnnza,0.0
crxrjls,1.0
crxrrpm,1.0
crxtgeg,1.0
crxukra,1.0
crxvtda,0.0
crxvxjk,1.0
crxzjdx,0.0
crybxax,1.0
crydeny,1.0
cryntsx,1.0
cryypbq,1.0
crzfaxp,1.0
crziiso,1.0
crzjlin,0.0
crzkeac,0.0
crzultm,1.0
crzvcbu,1.0
csacnwk,0.0
csafkqf,1.0
csbwqmz,1.0
csccrvx,0.0
cscdedd,1.0
csclmzj,1.0
cscshry,1.0
cscvcdr,1.0
cscwlpp,1.0
csdjqhn,1.0
csdqxzv,1.0
csdwzrg,1.0
csejega,0.0
csemckc,0.0
cseqqfc,1.0
csetdpy,0.0
csezcbr,1.0
csfduim,1.0
csfflry,1.0
csfmzcq,0.0
csgbaaf,1.0
csgbmce,1.0
csgdkhg,1.0
csgeman,1.0
csggpdc,1.0
csgoqpe,0.0
csgxrpg,1.0
csgylvv,1.0
cshgztv,1.0
cshtwvj,1.0
csibzjh,0.0
csifqac,1.0
csihbft,1.0
csiycap,1.0
csjjwtk,1.0
csjwwhn,1.0
cskjsiz,1.0
cskrgqe,1.0
cskwbdp,0.0
cslalib,1.0
cslhvpk,0.0
cslqzjd,1.0
csltviq,1.0
csmfttw,0.0
csmhhjp,0.0
csmjeox,1.0
csmrhwt,0.0
csnbqnm,0.0
csnicur,1.0
csnonwq,0.0
csnpadv,0.0
csnqvsr,0.0
csnsqug,1.0
csntire,1.0
csnvpzl,1.0
csnxuwb,1.0
csokdba,0.0
csoplox,1.0
csplvka,1.0
cspscvh,1.0
csptrgh,0.0
cspvrcy,1.0
csqbvsd,1.0
csqygwm,1.0
csradij,1.0
csrmigc,1.0
csrxfdp,0.0
cssdacf,0.0
cssfxmq,1.0
cssswpr,1.0
cssxtau,1.0
cstlfhv,1.0
cstyrfi,1.0
csujpmj,0.0
csuqljm,1.0
csvbrwt,1.0
csvbuzw,1.0
csvmfdf,0.0
csvmlkh,1.0
csvssda,1.0
csvzirj,0.0
cswboje,0.0
csweccx,1.0
cswfalo,1.0
cswfvat,0.0
cswgsek,0.0
cswhrdm,1.0
cswmoug,1.0
cswymxi,1.0
csxohji,0.0
csxwsde,1.0
csybvvg,0.0
csymsla,0.0
csyrmcf,1.0
csywqnn,1.0
csywyhi,0.0
csyzevh,1.0
cszgyit,0.0
cszvawc,0.0
ctaacvz,1.0
ctabtbh,0.0
ctalvxl,0.0
ctarshv,1.0
ctbdfof,1.0
ctboirz,1.0
ctbpwsj,1.0
ctbyfod,0.0
ctcaqpc,1.0
ctccjoh,1.0
ctcwvsw,1.0
ctcyhhb,1.0
ctdajpd,1.0
ctddana,1.0
ctdktxq,0.0
ctdqlxf,1.0
ctdrmfk,1.0
ctebqml,1.0
ctevgpx,1.0
ctewust,1.0
ctfmegu,0.0
ctfoevx,1.0
ctfypsr,0.0
ctggnts,1.0
ctglxjl,1.0
ctguzfw,1.0
ctgwgrz,1.0
cthbjaa,1.0
ctheoyx,1.0
cthizoj,0.0
cthrume,1.0
cthwhro,1.0
cthyylp,1.0
ctipeef,0.0
ctissil,0.0
ctitadt,1.0
ctiukht,1.0
ctjmlod,1.0
ctjofel,1.0
ctjtqmt,1.0
ctjuwxh,0.0
ctjygws,1.0
ctkejde,1.0
ctkoabz,0.0
ctkzctw,1.0
ctlbehi,1.0
ctlcccs,1.0
ctlexqn,1.0
ctlnurm,1.0
ctltlts,1.0
ctmaudv,0.0
ctmjnsc,1.0
ctnecgp,0.0
ctohznu,0.0
ctoihqc,1.0
ctommst,1.0
ctomtbs,0.0
ctomwmb,0.0
ctpczoz,1.0
ctpepxk,1.0
ctpoenf,0.0
ctpqicm,1.0
ctqambm,1.0
ctqbkmq,1.0
ctqcyyt,1.0
ctqgnub,1.0
ctqkpzq,1.0
ctqqexw,1.0
ctqxqku,1.0
ctrcwfk,0.0
ctreoyj,1.0
ctricsm,0.0
ctrquza,1.0
ctsrxsg,0.0
ctsrzly,1.0
ctsxjjh,0.0
ctsxkgj,1.0
cttjdke,1.0
ctttkol,0.0
ctubcei,1.0
ctuonlh,1.0
ctuqjit,0.0
ctuvrph,1.0
ctvgtpz,1.0
ctvjuno,1.0
ctwhfgj,1.0
ctwneqv,0.0
ctwxyww,0.0
ctxoshp,0.0
ctxyqny,1.0
ctyhgfd,1.0
ctykdlv,1.0
ctyvseq,1.0
ctyxlyd,1.0
ctyzfyz,0.0
ctzafta,1.0
ctzbbus,0.0
ctzruhe,1.0
cuaoqnt,0.0
cuapmkx,1.0
cuaxmms,1.0
cubfxni,0.0
cubpuxp,0.0
cubrisu,1.0
cubwkst,0.0
cucucbs,1.0
cudiyga,0.0
cudndhd,0.0
cudnjvw,1.0
cuduvnt,0.0
cuehsxx,1.0
cueiunb,1.0
cufbiuy,0.0
cufittn,1.0
cuflrhi,1.0
cufyafw,1.0
cugamew,1.0
cuhlqam,1.0
cuhxibh,1.0
cuhyhza,1.0
cuidoge,1.0
cuiekia,0.0
cuihtsz,0.0
cuikzfg,1.0
cuixctw,1.0
cujarqq,0.0
cujdmfg,1.0
cujrbib,1.0
cujuvnc,1.0
cukigho,0.0
cukohpb,0.0
cuksssx,1.0
cukssxl,0.0
culenzj,1.0
culqiyc,0.0
cumidyy,1.0
cumqkgg,1.0
cunfcki,1.0
cunsnol,0.0
cunswim,1.0
cuntnjq,1.0
cunxbpr,1.0
cuoaklf,0.0
cuolpef,0.0
cuoqgrw,1.0
cuotvou,1.0
cuplkee,0.0
cupmesw,1.0
cupqdhn,1.0
cupthlj,1.0
cuqkhnx,1.0
cuqrbzp,1.0
cuqrufk,1.0
cuqwune,1.0
cuqzwva,0.0
curbbqa,0.0
curnovr,0.0
curojvw,0.0
curunqd,1.0
cusgthp,1.0
cusyfkf,1.0
cutcugx,1.0
cutkjte,1.0
cutxfxq,1.0
cuuagji,1.0
cuuchgv,1.0
cuuvmwe,1.0
cuuwoch,1.0
cuvfufm,0.0
cuvosrx,1.0
cuvptcm,0.0
cuvulpj,1.0
cuwcosx,1.0
cuwhjjj,0.0
cuwonss,0.0
cuwquhe,0.0
cuxtrwp,0.0
cuxybbx,1.0
cuydhto,0.0
cuyeufo,1.0
cuyztzo,1.0
cuzalwt,1.0
cuzktqw,1.0
cuzwqsk,1.0
cvajrui,1.0
cvarihf,1.0
cvavcpf,1.0
cvbgbxd,1.0
cvbrlzn,1.0
cvcfemz,1.0
cvcifrk,0.0
cvdmesl,0.0
cvdmgvp,0.0
cvdrtss,1.0
cvdwbfq,1.0
cvedcxl,0.0
cvetvbd,1.0
cvewdpr,1.0
cvfgjxk,1.0
cvfpvql,1.0
cvfuhoy,1.0
cvgcrjl,1.0
cvguhup,1.0
cvgzqtn,1.0
cvhqxsf,1.0
cvhvuxj,1.0
cvhxzlz,1.0
cvihbfr,1.0
cvixzfs,1.0
cviypim,1.0
cvjghnu,0.0
cvjjigk,1.0
cvjyszw,1.0
cvjzzwt,1.0
cvkgwub,1.0
cvkgyej,1.0
cvkldle,1.0
cvkptrv,1.0
cvlbnmu,1.0
cvlckob,1.0
cvlhgvv,1.0
cvlvvog,1.0
cvlxuvh,1.0
cvlzdxs,0.0
cvmayfp,1.0
cvmbslg,1.0
cvmhudc,1.0
cvmqhjm,1.0
cvmsbut,1.0
cvmslnq,1.0
cvmwbuv,0.0
cvmyjvg,1.0
cvnaict,1.0
cvnkpmr,1.0
cvojiow,1.0
cvomsmw,0.0
cvotacs,1.0
cvovaor,1.0
cvovsdt,1.0
cvpeuvu,1.0
cvpmcyd,1.0
cvposgq,1.0
cvqacji,1.0
cvqbbbw,1.0
cvqdrmq,1.0
cvqlupb,1.0
cvqohie,0.0
cvqonxr,1.0
cvqqpyv,1.0
cvqygns,0.0
cvqzhnv,1.0
cvrcckt,1.0
cvrfrhx,1.0
cvrioys,0.0
cvrkijr,1.0
cvsxcup,1.0
cvtkndi,1.0
cvtrwqh,0.0
cvttpzi,1.0
cvtuied,1.0
cvtuyio,1.0
cvubkvz,0.0
cvuffir,1.0
cvuouff,1.0
cvupevx,1.0
cvuuvet,1.0
cvuwwfm,0.0
cvvgcey,1.0
cvvjaer,0.0
cvvsthp,1.0
cvvxnvl,0.0
cvwdkrj,0.0
cvwhshv,0.0
cvwmklm,1.0
cvwmyuf,1.0
cvwtjha,1.0
cvwulik,1.0
cvxuwgn,1.0
cvydgrg,1.0
cvyfzob,1.0
cvyqgwk,1.0
cvyqtws,1.0
cvyvhho,0.0
cvyzcbb,1.0
cvzaqbw,0.0
cvzcozg,1.0
cvzotvz,1.0
cwafebx,1.0
cwalcpg,1.0
cwawagf,1.0
cwbahsf,1.0
cwbeijg,1.0
cwcanrf,1.0
cwclyci,0.0
cwcskcz,1.0
cwdgpgf,1.0
cwdiaih,0.0
cwdysuz,1.0
cwekdlh,1.0
cweppri,1.0
cwexctu,1.0
cweyfum,0.0
cwfmede,0.0
cwfnkak,1.0
cwfsfhw,1.0
cwfutos,1.0
cwfuueb,0.0
cwfuwor,1.0
cwgbpxd,0.0
cwgemkw,1.0
cwgfxnt,1.0
cwggabx,1.0
cwgwyti,1.0
cwhcsge,1.0
cwhdyhs,1.0
cwhfher,1.0
cwhyajb,0.0
cwisxdx,1.0
cwjexbq,0.0
cwjulzb,1.0
cwjxxki,1.0
cwkfsqq,1.0
cwkzsbv,1.0
cwlcnhe,0.0
cwlkaah,1.0
cwllozo,1.0
cwlmjyg,1.0
cwlqvia,1.0
cwltjam,1.0
cwmkcyy,0.0
cwmpjan,1.0
cwmutoo,1.0
cwmvmim,0.0
cwnfjth,1.0
cwngowl,1.0
cwnikjp,0.0
cwnlvhs,1.0
cwnndls,1.0
cwnnigd,1.0
cwnovre,1.0
cwnskqr,0.0
cwnspnh,0.0
cwojtcw,0.0
cwomcnh,1.0
cwovime,0.0
cwpbdmf,0.0
cwpttwu,1.0
cwpurxa,1.0
cwpxurv,1.0
cwqcyts,1.0
cwqfsyy,0.0
cwqqetd,1.0
cwqvzls,1.0
cwraaam,1.0
cwroqun,1.0
cwrscij,1.0
cwrzmjo,1.0
cwsajpw,0.0
cwsnfdd,1.0
cwsptza,1.0
cwsttpc,0.0
cwsvoef,0.0
cwsxwix,1.0
cwtcxbw,1.0
cwtdbov,0.0
cwualev,1.0
cwuebli,1.0
cwugztt,1.0
cwuorar,1.0
cwutztz,1.0
cwuvtpz,1.0
cwvcqhd,1.0
cwvhwpu,1.0
cwvijge,1.0
cwvjahn,0.0
cwvlnof,1.0
cwvnqya,1.0
cwvvnya,0.0
cwwecuq,1.0
cwwenoy,0.0
cwwfkqu,0.0
cwwkwku,1.0
cwwotat,1.0
cwxhluu,0.0
cwxmikx,1.0
cwygcaj,0.0
cwylqzc,1.0
cwyoslm,1.0
cwysyyr,0.0
cxabxkc,1.0
cxacycr,1.0
cxagbur,1.0
cxaibwe,1.0
cxamolb,1.0
cxaviiz,1.0
cxbjjfs,1.0
cxbjwdd,0.0
cxbkyfq,0.0
cxbqdkf,1.0
cxbrlkd,1.0
cxbrrvz,0.0
cxcadfi,1.0
cxcsbdy,1.0
cxcsjtq,1.0
cxcxouh,1.0
cxcyogy,1.0
cxdgcpe,1.0
cxdkrxc,1.0
cxdxebb,1.0
cxeakxw,1.0
cxffudh,1.0
cxfghzu,1.0
cxfhqll,0.0
cxfsqcw,0.0
cxfvyxc,1.0
cxghpbk,1.0
cxgkfyr,1.0
cxgowla,1.0
cxgpyjq,0.0
cxgrsmw,1.0
cxgsjls,1.0
cxhcedb,0.0
cxhhsdo,0.0
cxieuqf,1.0
cxifzpa,1.0
cximxwi,1.0
cxiuqgd,0.0
cxiurod,1.0
cxjavte,1.0
cxjsnxs,1.0
cxjzsxd,1.0
cxkeial,0.0
cxkeney,0.0
cxkiygl,0.0
cxknctk,1.0
cxkqazg,0.0
cxkyoru,1.0
cxlpllp,1.0
cxlsuuj,0.0
cxmpzvp,0.0
cxnorzq,1.0
cxnpdvq,0.0
cxnwnzh,1.0
cxobloo,1.0
cxpalik,1.0
cxppxgj,0.0
cxpzqcs,0.0
cxqvtii,1.0
cxrgdqz,1.0
cxrhomx,0.0
cxrisyl,1.0
cxseela,1.0
cxszmgn,0.0
cxuaalc,1.0
cxubpug,0.0
cxurvob,1.0
cxvtkgq,1.0
cxvxfar,0.0
cxvyxhe,1.0
cxwehwf,0.0
cxwjjll,0.0
cxwlpmw,0.0
cxwqicw,1.0
cxxajrp,1.0
cxxapkt,1.0
cxxjzbg,1.0
cxxmvqd,1.0
cxxptln,1.0
cxxqxsm,1.0
cxykzti,0.0
cxzgywf,1.0
cxzoqlg,1.0
cxzucbe,1.0
cxzzfps,1.0
cyagywi,1.0
cyatzsq,1.0
cybhhju,1.0
cybnhby,1.0
cybvket,1.0
cyccxud,1.0
cycgwne,0.0
cycnovr,1.0
cyczlnb,1.0
cyczwru,1.0
cydekbv,1.0
cydhurt,0.0
cydzcnz,0.0
cyeqocy,0.0
cyevkwn,0.0
cyfpcmb,1.0
cygkkjr,1.0
cygkvzd,1.0
cygvkak,1.0
cygycxp,0.0
cyhlwfz,1.0
cyhozfd,0.0
cyhpawz,1.0
cyhztit,0.0
cyinpea,0.0
cyiollq,1.0
cyixjhz,0.0
cyizsrh,0.0
cyjcluz,1.0
cyjfvkc,0.0
cyjlxqr,1.0
cyjmazu,1.0
cyjqfce,1.0
cyjvswa,1.0
cyjwpks,1.0
cyjyhnw,0.0
cykdpag,1.0
cyketpn,0.0
cykijxr,1.0
cykrvxl,1.0
cyktuup,1.0
cykwpuc,1.0
cylwqpw,0.0
cylwztf,1.0
cymdpao,1.0
cymerhb,1.0
cymjycy,1.0
cymnezl,1.0
cymodip,0.0
cymqles,1.0
cymryfk,1.0
cyncmmq,1.0
cyndpvo,0.0
cynhoro,1.0
cynnrgp,0.0
cynpvvq,1.0
cyohixe,1.0
cyokkvf,1.0
cyonryc,1.0
cyopgpn,0.0
cyowhuh,1.0
cypchuv,0.0
cypgchg,1.0
cyppffh,0.0
cypryoq,1.0
cyqacxh,1.0
cyqhoqs,1.0
cyqhqjd,1.0
cyqslux,0.0
cyrlxjr,1.0
cyrsglo,1.0
cysolrs,1.0
cyspyqk,1.0
cysumqh,1.0
cysxfnq,0.0
cytmkhr,1.0
cytmvew,1.0
cytslxa,1.0
cytvzgp,1.0
cyuaurt,1.0
cyuhapo,1.0
cyuijuj,1.0
cyujumj,1.0
cyvwwiu,1.0
cyxaicg,0.0
cyxdwni,1.0
cyxhagm,1.0
cyxkhwf,1.0
cyxklvf,0.0
cyxsizk,1.0
cyxuouf,1.0
cyzcwny,1.0
cyzeqdv,1.0
cyzvfsj,0.0
cyzzeko,1.0
czaabzs,0.0
czapkbr,0.0
czawajr,1.0
czbglsm,1.0
czbrstu,0.0
czcgzxi,1.0
czcqvud,1.0
czdftuo,0.0
czdgxrb,1.0
czdmxyg,1.0
czdpdfr,1.0
czeadyr,1.0
czeamka,1.0
czeqmbe,0.0
czevnrh,1.0
czezdlp,0.0
czfdgav,1.0
czfdyxm,1.0
czflaik,1.0
czfmdev,1.0
czfmfdt,0.0
czfmwvf,0.0
czftnlz,1.0
czftqro,1.0
czftwfq,0.0
czfvsgf,0.0
czgiomz,1.0
czglblb,1.0
czguhzk,1.0
czgypwz,1.0
czhapgn,0.0
czhmszl,0.0
czhnagm,1.0
czialit,1.0
czidiic,1.0
czigtlh,1.0
czijnxj,1.0
czjczza,1.0
czjmflc,1.0
czjpbld,1.0
czjpwxr,1.0
czjrqsy,1.0
czjvhqn,1.0
czjvxuw,1.0
czjxxxx,1.0
czkiwoe,1.0
czkjgpt,1.0
czkquqz,0.0
czkwgwc,1.0
czlckod,1.0
czldhaj,1.0
czlpesv,1.0
czlzzhb,0.0
czmfgae,1.0
czmftzs,1.0
czmkvsl,1.0
czmmpgh,1.0
czmwjyw,1.0
cznjzhs,1.0
cznyyho,1.0
czojqjk,0.0
czonlgp,1.0
czoplpf,1.0
czozbud,1.0
czpdczc,1.0
czpwthj,0.0
czqafup,1.0
czqbdbi,1.0
czqcgud,0.0
czqeert,1.0
czqidoy,1.0
czqqyjo,0.0
czqsbjg,0.0
czqvprz,1.0
czrwulb,1.0
czsanuf,1.0
czsclrb,1.0
czslkqj,1.0
czsnjcd,1.0
czsxaal,1.0
czsymxd,1.0
cztrynp,1.0
cztynzy,1.0
czuecjh,0.0
czukhdk,1.0
czupgbt,0.0
czusbjq,1.0
czuyoeb,1.0
czvzkik,0.0
czwbsng,0.0
czwtnnf,1.0
czwurel,1.0
czxajhh,1.0
czxegkc,0.0
czxehea,1.0
czxizpu,1.0
czxqool,1.0
czxrmrd,1.0
czxwxny,0.0
czyclfi,1.0
czygxlv,1.0
czznvoz,0.0
czzocjc,1.0
czzuefi,1.0
czzwojf,1.0
czzyeav,0.0
czzzmey,1.0
daaiozn,1.0
daambxz,1.0
daarrhn,1.0
dabaitw,0.0
dabfmmb,1.0
dabgayz,1.0
dabgqqe,1.0
daceora,1.0
dacqukp,0.0
dacrwjt,1.0
dacuvzb,1.0
dacxdnw,1.0
dadeamh,1.0
dadibig,0.0
dadnvds,1.0
dadsads,0.0
dadshee,1.0
dadssnp,0.0
daduhbb,1.0
daeixbh,1.0
daeuedj,0.0
daezvme,0.0
dafilcv,1.0
dafnjhl,1.0
dafnpkh,1.0
dafxcsi,0.0
daggxuc,1.0
dahljvb,1.0
dahlxdd,1.0
dahntwc,1.0
dahvqai,1.0
dairvgc,1.0
daitbog,1.0
dajwjif,1.0
dajysfu,1.0
dakanbm,1.0
dakcofg,1.0
dakgljw,1.0
daktynr,1.0
daljpuf,1.0
dalqzbc,1.0
dalwgtg,0.0
dalymyu,1.0
dameevt,0.0
damoqfw,1.0
damrcig,1.0
damtros,1.0
danmsnf,1.0
daoecnr,1.0
daofmcc,1.0
daoftnw,1.0
dapckxk,1.0
dapmwji,0.0
dapnwem,1.0
dapxkbp,1.0
daqnjil,1.0
daretzt,1.0
dasgsbo,1.0
dashfln,1.0
datmfte,1.0
datpqoh,0.0
daueaol,1.0
daujmff,0.0
dauskar,1.0
dautfjd,1.0
dautows,1.0
dauxfyr,1.0
davcvnm,0.0
davphce,1.0
dawhlpt,1.0
dawjhjk,1.0
daxecqi,0.0
daxhker,1.0
daxpesh,0.0
daxqmsz,0.0
daxquoj,1.0
daxyemi,1.0
daydtpe,1.0
dayhhzy,1.0
daytyff,0.0
daywrug,1.0
dayxnvz,0.0
dazbexz,0.0
dazdobs,1.0
dazkhyd,1.0
dazmxwb,1.0
dazwyrc,1.0
dazzqzg,0.0
dbabilk,1.0
dbakbvd,0.0
dbamwwa,1.0
dbarzaz,1.0
dbbkine,1.0
dbbrdbg,1.0
dbclwcd,1.0
dbcoizj,0.0
dbcuknn,1.0
dbcxlas,1.0
dbddskm,1.0
dbdgikk,1.0
dbdjwla,1.0
dbdnxyo,1.0
dbdxjho,0.0
dbeeojp,0.0
dbejofx,1.0
dbewcov,1.0
dbfcmvo,0.0
dbfkcsd,1.0
dbfsdeb,1.0
dbgdxcu,1.0
dbgetqv,1.0
dbgfrpl,1.0
dbggkfr,0.0
dbgjasw,0.0
dbgnxcv,1.0
dbgqbuw,1.0
dbgwikt,1.0
dbhggil,1.0
dbhqcih,1.0
dbhqtse,0.0
dbhwgkj,0.0
dbicbgv,1.0
dbidzyb,1.0
dbignsf,0.0
dbikbew,1.0
dbiokkb,1.0
dbiouoc,0.0
dbiqseu,1.0
dbiutrz,1.0
dbiwsiz,1.0
dbjdshe,1.0
dbjrrdb,1.0
dbjwitw,0.0
dbkbwnx,0.0
dbkfhfi,0.0
dbkhggq,1.0
dbknezw,0.0
dbkrqkj,1.0
dblodzb,0.0
dblsonk,1.0
dbmbdyl,0.0
dbmgrdd,0.0
dbmncaj,1.0
dbmvrpk,0.0
dbmvxym,1.0
dbmxzih,1.0
dbnghnk,1.0
dbnpjyd,0.0
dbnrepm,1.0
dbnrkob,1.0
dbogsgc,1.0
dbohuar,1.0
dbojfrd,1.0
dbokuhf,1.0
dbpcuts,1.0
dbpfyke,0.0
dbpmtkn,1.0
dbpmuwm,0.0
dbpnmsu,1.0
dbqgbex,0.0
dbqpztf,1.0
dbqyoyx,0.0
dbrcsaz,1.0
dbrynwn,0.0
dbsjmva,0.0
dbskvls,1.0
dbslpou,0.0
dbsnfir,1.0
dbsrexd,1.0
dbsuyhi,1.0
dbsyxer,1.0
dbtlbeq,1.0
dbtmbee,1.0
dbtmmtm,0.0
dbtnvwk,1.0
dbtssrd,1.0
dbtzfue,1.0
dbufzot,0.0
dbuvndj,1.0
dbvadzq,0.0
dbvbrvu,0.0
dbvfvmp,1.0
dbvhrya,1.0
dbvpxdb,1.0
dbvynxl,1.0
dbvzhff,0.0
dbwaylt,1.0
dbwiima,1.0
dbwwaca,0.0
dbwxepd,1.0
dbwypzi,1.0
dbxbxvy,1.0
dbxcelk,1.0
dbxctsr,1.0
dbxftfa,0.0
dbxfwih,0.0
dbxpbrl,1.0
dbxukwh,0.0
dbxwwlf,1.0
dbybdqj,1.0
dbyetuf,0.0
dbyexvx,1.0
dbygbwe,1.0
dbygocx,1.0
dbymkbq,0.0
dbyoeel,1.0
dbypqzk,1.0
dbyqxfw,1.0
dbysvea,1.0
dbzhroa,0.0
dbzigow,1.0
dbznoaw,1.0
dbzvlks,1.0
dcahtdz,1.0
dcberxi,1.0
dcbihsv,0.0
dcbjcyr,1.0
dcbtgrh,1.0
dcbzvgr,1.0
dccbkff,0.0
dccdrzk,1.0
dccngsw,1.0
dccqoex,0.0
dcdedih,1.0
dcdqwdn,1.0
dcecvko,0.0
dcemvqd,1.0
dcewtde,0.0
dcfjdau,1.0
dcflgdv,0.0
dcfnsjv,1.0
dcfoisd,0.0
dcfuiow,1.0
dcfxaec,0.0
dcgnoef,0.0
dchcwsv,1.0
dchngwo,0.0
dchsdio,1.0
dchwmyu,1.0
dcidjgp,1.0
dcikirb,1.0
dciknzw,0.0
dcirxrs,1.0
dciyvxy,1.0
dcizxuc,0.0
dcjmhcm,1.0
dcjqoky,0.0
dcjxrtm,0.0
dckgkvy,1.0
dckrmnh,1.0
dclkvoq,1.0
dclsaos,1.0
dclwish,1.0
dclytek,0.0
dcmgubw,0.0
dcndmaz,0.0
dcnhdkd,0.0
dcnhfah,0.0
dcnjddt,0.0
dcnmvph,1.0
dcnmvwt,1.0
dcnorme,1.0
dcnoshh,1.0
dcntxwm,0.0
dcnwctg,1.0
dcoaqem,1.0
dcodjej,1.0
dcpwoyt,1.0
dcqdtne,0.0
dcqvktx,1.0
dcrkmkt,1.0
dcrogep,0.0
dcrpted,0.0
dcrqmti,1.0
dcrzfth,1.0
dcrzovr,1.0
dcskvhv,1.0
dctaynh,1.0
dctdpsl,1.0
dctlpxs,1.0
dctoyxd,1.0
dcuibcg,1.0
dcuziye,0.0
dcvbhyh,1.0
dcvcsms,1.0
dcvktts,1.0
dcvpyey,0.0
dcvzcbn,1.0
dcwbper,0.0
dcwmvsz,1.0
dcwnvzr,1.0
dcworiw,1.0
dcwvpcz,1.0
dcxaifw,1.0
dcxdlmq,0.0
dcxeumx,0.0
dcxnygr,1.0
dcxtygr,0.0
dcyemkk,1.0
dcykeez,1.0
dcypxfn,0.0
dczdjic,1.0
dczkihu,1.0
dczkkcj,1.0
dczkroh,1.0
ddabcnw,1.0
ddagaup,1.0
ddaqvhl,1.0
ddaxkhl,1.0
ddbcwnl,1.0
ddbuozg,0.0
ddbyecg,1.0
ddcpqud,1.0
ddcwday,1.0
dddkuij,0.0
dddmbyt,0.0
dddxddw,0.0
ddemobv,1.0
ddeoska,1.0
ddfjcjr,1.0
ddfufrz,1.0
ddgkekj,1.0
ddgkese,1.0
ddgmcvb,1.0
ddhajur,1.0
ddhejxl,1.0
ddhpovr,0.0
ddhpznc,0.0
ddhutvd,1.0
ddisnkr,1.0
ddiwyft,0.0
ddizdix,0.0
ddjfcfm,0.0
ddjufiq,0.0
ddkfirq,1.0
ddkjetu,0.0
ddkmufv,1.0
ddkogob,1.0
ddkorln,1.0
ddkpmdj,1.0
ddktucg,1.0
ddljtne,1.0
ddlnidv,1.0
ddmjvey,1.0
ddmlrgk,1.0
ddnbkpj,1.0
ddncyly,0.0
ddnrogq,1.0
ddoastt,1.0
ddolsuy,1.0
ddopibu,0.0
ddpgolw,1.0
ddpmudt,0.0
ddpnuxx,1.0
ddpqrju,1.0
ddprrnz,0.0
ddpzeoo,0.0
ddqgbcl,1.0
ddqjreq,1.0
ddqkjjv,1.0
ddqvuli,1.0
ddqxilx,1.0
ddsdbiu,1.0
ddsndqb,1.0
ddsvxyz,1.0
ddszchp,1.0
ddtfngk,1.0
dducbae,1.0
dduhjti,1.0
ddutrwp,1.0
dduyvwy,1.0
ddvarcz,0.0
ddvjeiz,1.0
ddvkcmv,0.0
ddvuhai,0.0
ddvvaxd,0.0
ddwdouf,1.0
ddwlsqi,1.0
ddwmqpd,0.0
ddwsqky,1.0
ddwygjr,1.0
ddwzode,0.0
ddxbjct,1.0
ddxparo,1.0
ddygzem,1.0
ddyjdod,1.0
ddyotmn,0.0
ddysbol,1.0
ddyweva,1.0
ddzocku,1.0
ddzvepr,1.0
ddzxari,1.0
deaknia,0.0
deaphrb,1.0
deatizm,1.0
deaucoo,1.0
deawljq,1.0
debfpoy,1.0
debhpsu,1.0
debovfo,1.0
decqmkz,1.0
dedgobu,1.0
dedqwfq,1.0
deehttm,1.0
deehyss,0.0
defjbug,1.0
defkgcg,1.0
defpxoo,1.0
defsqon,1.0
defuyar,1.0
defztny,1.0
degxyki,1.0
dejibve,1.0
dejnrnw,0.0
dekhpoz,1.0
deklhsi,1.0
dekuusg,1.0
delqnlf,1.0
deluocp,0.0
denngnl,1.0
denutvk,1.0
denxotx,0.0
deodazd,1.0
deoloyw,1.0
deondlv,1.0
depdkck,1.0
depeeck,0.0
deplgye,1.0
deprzom,1.0
depubrp,1.0
depxlky,1.0
deqdhtz,1.0
deqirhr,1.0
deqkzkj,1.0
deqtnlf,1.0
deqynkr,1.0
derdpjk,0.0
dergpzs,1.0
derloyk,1.0
derqoiw,0.0
desocea,1.0
desxwbw,1.0
desysrl,1.0
detdhze,0.0
detgmze,1.0
detjbbn,1.0
detnnca,0.0
detnxkm,1.0
deulfpc,1.0
deuriro,1.0
deuxisx,1.0
devckmn,1.0
devjtww,1.0
devkbil,1.0
devlcbh,1.0
dewatkk,1.0
dewnqsj,0.0
dewqjpl,0.0
dewrrvu,1.0
dexenlg,1.0
dexshho,0.0
deydqcu,0.0
deyqprh,0.0
deyziia,1.0
dezadjq,0.0
dezdncu,1.0
dezhubo,1.0
dezhyat,1.0
dfahtrv,0.0
dfajcvv,0.0
dfalbhr,1.0
dfasisw,0.0
dfavvlx,1.0
dfbgoeb,1.0
dfclbbu,0.0
dfcrems,1.0
dfcwvsj,1.0
dfdaner,1.0
dfddctr,1.0
dfdjlpu,1.0
dfdkzlb,0.0
dfeccvy,0.0
dfeeygu,1.0
dfeipbj,1.0
dfeoozt,1.0
dfepsph,1.0
dffoejw,1.0
dfghxdk,0.0
dfgiffc,1.0
dfhjbxi,0.0
dfhkbwm,0.0
dfhrrdp,1.0
dfirqbg,1.0
dfjbyyl,1.0
dfjdegt,0.0
dfjkyrk,1.0
dfjwodz,0.0
dfkamko,0.0
dfkaokk,1.0
dfkpkbp,1.0
dfkspyf,0.0
dflacmh,1.0
dflfaht,1.0
dflifrs,1.0
dflipib,1.0
dflmiiz,1.0
dflmjhc,1.0
dflxwxq,1.0
dfmhukb,1.0
dfmuufc,0.0
dfnbyxb,0.0
dfncenm,0.0
dfndjqn,1.0
dfnnzif,1.0
dfntuyr,0.0
dfnysii,1.0
dfpbdkp,1.0
dfpltef,0.0
dfpogow,1.0
dfpojwk,1.0
dfqhjnn,1.0
dfqwfky,1.0
dfrdvwr,1.0
dfrpnfb,1.0
dfrqiso,1.0
dfscpwh,1.0
dfsebtu,1.0
dfsfvwa,1.0
dfspsnr,1.0
dfsqtqe,0.0
dfsrbpj,1.0
dfsyfyx,1.0
dftixcd,1.0
dftrlzy,0.0
dftxqqw,1.0
dfualrj,1.0
dfuauhp,1.0
dfugdir,1.0
dfugoso,0.0
dfukrof,1.0
dfumxzc,1.0
dfutsqg,1.0
dfuuqhx,0.0
dfuuzfw,1.0
dfuwaje,1.0
dfvjqof,1.0
dfvskqq,1.0
dfwaykx,1.0
dfweaqd,0.0
dfxiqxk,1.0
dfxnesc,1.0
dfxsoih,1.0
dfxuazr,1.0
dfxwaro,1.0
dfxzboe,1.0
dfybkor,1.0
dfykjad,1.0
dfykuxe,1.0
dfymtyl,0.0
dfyqxzq,0.0
dfzbxpe,1.0
dfzhlph,1.0
dfzhudn,0.0
dgalehm,1.0
dgalfsx,1.0
dgalkce,0.0
dgavgjs,0.0
dgbnuni,1.0
dgboyoh,1.0
dgcalqc,0.0
dgchzgz,0.0
dgcxuyn,1.0
dgdaxnk,1.0
dgdfqit,1.0
dgdheim,1.0
dgdlces,1.0
dgdnyxt,1.0
dgducfa,0.0
dgeknxs,1.0
dgerbnu,1.0
dgfcrdb,1.0
dgficzq,1.0
dgfxemz,1.0
dgfzuil,1.0
dgfzwrj,0.0
dggjcxv,1.0
dghhwum,1.0
dghpxcz,1.0
dghtufu,0.0
dgidskb,1.0
dgidxkp,0.0
dgihzwy,1.0
dgimdvb,0.0
dgipnrt,1.0
dgjhfrv,1.0
dgjkfau,1.0
dgjkfna,0.0
dgjswhj,1.0
dgjszlm,0.0
dgksxft,0.0
dglmnap,1.0
dglselk,1.0
dglwjay,1.0
dgmbknd,1.0
dgmbqub,1.0
dgmefuy,1.0
dgmhfge,0.0
dgmjjfp,1.0
dgmlkrs,1.0
dgmmwjq,1.0
dgmnzbv,0.0
dgmrceu,1.0
dgnebmf,1.0
dgngdoh,1.0
dgnlomy,1.0
dgnnovu,0.0
dgnqlox,0.0
dgntxlv,1.0
dgnugjd,1.0
dgnwqjm,1.0
dgnwufl,0.0
dgnzykk,1.0
dgobims,1.0
dgodfnj,1.0
dgogmxa,1.0
dgogqwq,1.0
dgomieq,1.0
dgoqhcj,1.0
dgoyren,0.0
dgpbcde,0.0
dgpfpiz,1.0
dgpwplj,1.0
dgqckgx,1.0
dgqhapk,0.0
dgqhuuc,0.0
dgqtfwy,1.0
dgqtvbl,0.0
dgqzgjs,1.0
dgqzkej,0.0
dgrhgen,1.0
dgrsgeu,1.0
dgrtzde,1.0
dgrzeyf,0.0
dgsghsp,1.0
dgshygg,1.0
dgsnglu,1.0
dgsqugs,1.0
dgtdput,1.0
dgtfxkf,1.0
dgthbtu,1.0
dgtiftc,0.0
dgtjguq,1.0
dgujavx,0.0
dgukged,1.0
dgusdey,1.0
dgvapwp,1.0
dgvbybw,1.0
dgvjrqg,1.0
dgvlfba,1.0
dgvzvek,0.0
dgwwmeu,1.0
dgwycmr,0.0
dgwzsid,1.0
dgxchht,0.0
dgxeigq,1.0
dgxpyhh,1.0
dgyigqg,0.0
dgyqooe,1.0
dgyxqtp,0.0
dgzcehr,0.0
dgzgxww,1.0
dgzkevd,0.0
dhaeaik,1.0
dhagmvu,1.0
dhaimfe,0.0
dhauiun,1.0
dhayouy,0.0
dhayynq,1.0
dhazxsq,0.0
dhbijul,0.0
dhbmera,1.0
dhbpbss,1.0
dhcfnnq,1.0
dhcjcwk,0.0
dhcpwhh,0.0
dhcsiui,1.0
dhdjfzu,1.0
dhdqupj,1.0
dhdvbre,1.0
dheabto,1.0
dheotzl,1.0
dhewzgc,1.0
dhgckko,1.0
dhgkqjl,0.0
dhgmmhv,0.0
dhgvgyp,0.0
dhgzxtf,1.0
dhhkpej,1.0
dhhrsbf,0.0
dhhypaf,1.0
dhigjtj,0.0
dhijjpq,0.0
dhikiuk,1.0
dhiqfdv,1.0
dhiziaw,1.0
dhjkwai,0.0
dhjoemf,0.0
dhkoeod,1.0
dhkzoes,0.0
dhleqyt,1.0
dhlhokq,1.0
dhlxmlk,1.0
dhmjzwl,1.0
dhmwliw,1.0
dhmzdoe,0.0
dhnfvxe,0.0
dhniblg,0.0
dhnqbfc,0.0
dhnrohj,1.0
dhnxhuf,1.0
dhnxokf,1.0
dhnzdnc,1.0
dhnzixt,1.0
dhoatqy,0.0
dhobnci,0.0
dhofwcv,1.0
dholzsv,0.0
dhpapzy,0.0
dhpilzg,0.0
dhpuhfc,1.0
dhqlbjs,1.0
dhqlneu,1.0
dhqqcon,1.0
dhqsgxf,1.0
dhqwenv,1.0
dhrgazm,0.0
dhrxivy,0.0
dhsamhg,0.0
dhsddxn,1.0
dhsiktd,1.0
dhswtpw,1.0
dhtuyvs,0.0
dhudlwo,1.0
dhudtnc,1.0
dhvtbah,1.0
dhvwall,1.0
dhwnpju,1.0
dhwtlnx,1.0
dhwyndb,1.0
dhxivyb,0.0
dhxvbvi,1.0
dhxytod,0.0
dhylsep,0.0
dhynqxz,1.0
dhzqxgy,0.0
dhzriba,1.0
dhzuqgu,1.0
dhzyabx,1.0
diajrhg,1.0
diarmit,1.0
diawctm,1.0
dibaowc,1.0
dibizsg,1.0
dibjxpf,1.0
dibonjx,1.0
dibufie,0.0
dibxouq,1.0
dicehca,1.0
dicmnod,1.0
dicqrnu,1.0
dicrydf,0.0
dicsmrs,1.0
didewdq,0.0
didsdbs,1.0
diecjfb,0.0
dieetej,1.0
dievovg,0.0
diexkrb,0.0
diezdwx,1.0
diffwwa,1.0
difgsav,1.0
difnpol,1.0
difvtuf,1.0
diggsuj,0.0
diglsjx,1.0
digngak,1.0
dihwlcc,1.0
dihwvht,1.0
diibogv,1.0
diiwmnx,1.0
diiwpfh,0.0
dijakvu,1.0
dijmdcu,1.0
dikrscm,0.0
dikyzro,1.0
dileeby,1.0
diljjvx,1.0
dilmqqr,1.0
diluooy,1.0
dilvsps,0.0
dimbudz,1.0
dimgqtg,1.0
dimxeib,0.0
dinhcjx,1.0
dioefqj,1.0
diogjrf,1.0
diohjjz,1.0
diovgpn,1.0
diovrwj,1.0
diowcvr,1.0
dioxezk,0.0
dipllqa,0.0
dipmics,0.0
dipqacl,1.0
dipsgfy,1.0
diqddam,1.0
diquqer,1.0
dirfwpp,0.0
dirires,1.0
dirlezt,1.0
dirrtht,0.0
dirwubg,1.0
dirzxru,1.0
disiypt,0.0
disjxdc,1.0
disosye,1.0
disrkxz,1.0
distxfy,0.0
ditgthn,1.0
ditkcxm,1.0
ditsrcy,1.0
ditztfj,0.0
diugwqb,0.0
divaxie,1.0
divfunt,1.0
divfzri,1.0
divmgah,1.0
diwiqnw,0.0
diwjisv,0.0
diwxrqh,1.0
dixafob,1.0
dixmesf,1.0
dixrblh,1.0
dixwriw,1.0
diycsnk,1.0
diylxmz,1.0
diymlyy,1.0
diypkbd,1.0
dizeoeq,1.0
djadarr,1.0
djaiilx,1.0
djavist,1.0
djbcidq,1.0
djbhnsn,0.0
djbhrux,0.0
djbihfz,1.0
djcczof,1.0
djcfowr,1.0
djcuglk,1.0
djdakjq,1.0
djdeijy,0.0
djdiedd,1.0
djdifrv,1.0
djdqvvh,1.0
djdrqkr,1.0
djdxsgl,1.0
djemwxy,1.0
djfgxsa,0.0
djfjnuw,1.0
djfktaj,0.0
djfkydr,0.0
djftcpt,0.0
djgjfpi,0.0
djgqpvu,1.0
djhbstn,1.0
djhkgjd,0.0
djhopvw,1.0
djhrzxf,1.0
djidyct,1.0
djimket,1.0
djiretu,0.0
djiyvro,1.0
djizbcz,1.0
djjekey,1.0
djjezdw,1.0
djjrhaj,1.0
djjstwl,1.0
djjugpg,1.0
djjxgei,1.0
djjylfo,1.0
djkmhrp,1.0
djkmqhb,1.0
djkqtko,1.0
djktzns,1.0
djkwvgg,1.0
djkwxgm,0.0
djkyqsh,0.0
djkyrjb,1.0
djkzlkn,1.0
djlkyqp,1.0
djlmegm,1.0
djltnih,1.0
djlvoqd,0.0
djmkpax,0.0
djmnotn,0.0
djmuozd,0.0
djmwxue,1.0
djnbagq,0.0
djnjidm,1.0
djnpokx,1.0
djnsubf,1.0
djntzve,1.0
djobcap,0.0
djoixgx,1.0
djooltr,0.0
djouwkt,0.0
djperxg,0.0
djpevrw,1.0
djpgocz,1.0
djpjysz,1.0
djpmkqv,1.0
djpqyyn,1.0
djqtrbm,1.0
djrbrwg,1.0
djrdxnd,1.0
djrgzhf,1.0
djrowyg,1.0
djrpzan,0.0
djrrtsy,1.0
djrtgzs,1.0
djrxpen,1.0
djsowbb,1.0
djstptc,0.0
djsvdyq,1.0
djtczjx,1.0
djtdess,1.0
djtdsgt,1.0
djtmlpd,0.0
djuclxt,1.0
djudzda,1.0
djuhgbf,1.0
djuhlvu,1.0
djuivmr,1.0
djuobki,1.0
djuqoeo,1.0
djvtmiv,0.0
djwbrle,1.0
djwfmsi,0.0
djwfqdf,1.0
djwjdfk,1.0
djwotag,1.0
djwowyy,0.0
djwxnpw,1.0
djxgadt,1.0
djxkknz,1.0
djxlafl,1.0
djxvyzi,0.0
djxxbys,1.0
djylahp,0.0
djyodrk,1.0
djzajco,0.0
djzivis,1.0
djzlles,1.0
djztneg,0.0
djztscy,1.0
djzwhkm,0.0
dkahbcd,1.0
dkajxfh,1.0
dkarwcy,1.0
dkbecdw,1.0
dkcaomd,1.0
dkdcqma,1.0
dkdjmvc,1.0
dkdukay,1.0
dkduzpj,0.0
dkdwyaf,1.0
dkdyaql,1.0
dkefydu,0.0
dkegqjn,1.0
dkekcpm,0.0
dkeuccq,1.0
dkevczx,1.0
dkfgqst,1.0
dkfhrep,0.0
dkfwtku,1.0
dkgcvxq,1.0
dkgfpmr,1.0
dkgvdwu,1.0
dkgvumb,1.0
dkhhsfd,1.0
dkhkzdj,1.0
dkhldhd,1.0
dkhqsaa,1.0
dkhwuxj,0.0
dkijyqu,1.0
dkinvod,1.0
dkizaas,0.0
dkizqbz,1.0
dkjsule,1.0
dkjysbl,0.0
dkkayhc,1.0
dkkftez,1.0
dkkgplp,1.0
dkkhhll,1.0
dkkihqh,0.0
dkkkisd,1.0
dkkpdse,1.0
dkkslog,1.0
dklbyyg,1.0
dklcdyc,0.0
dklkssm,1.0
dklvqtx,0.0
dklzlbh,0.0
dklzvjo,0.0
dkmwocd,1.0
dknqnmx,1.0
dknwiam,1.0
dknxswn,1.0
dkoexzd,0.0
dkopfzq,1.0
dkorblk,1.0
dkounew,1.0
dkoyadv,1.0
dkpakfe,1.0
dkpeban,0.0
dkpelkm,0.0
dkphvit,0.0
dkpmwso,0.0
dkpwzwt,0.0
dkqlxys,1.0
dkrhrfc,1.0
dkrtold,1.0
dkrwggf,1.0
dkrxarh,1.0
dkrxnsq,1.0
dksiyko,1.0
dksjpsj,1.0
dkskdkk,1.0
dkslmac,1.0
dkslxsx,1.0
dksoujt,0.0
dkspqou,1.0
dksrxbz,0.0
dkszqjc,0.0
dktcpxf,1.0
dktlazo,1.0
dktozma,1.0
dktqwfh,1.0
dktrpzz,0.0
dktuotw,1.0
dktxsha,1.0
dktzswv,1.0
dkublhd,0.0
dkuhjqw,0.0
dkumsfq,0.0
dkuseln,0.0
dkusgfx,1.0
dkuxjci,1.0
dkvkjen,0.0
dkvrtmd,1.0
dkweibf,0.0
dkwfnfv,1.0
dkwoewu,1.0
dkxpesa,0.0
dkxsice,1.0
dkycqme,0.0
dkycsdq,0.0
dkylqsk,1.0
dkyxwgq,0.0
dkzegav,1.0
dkzfwjs,0.0
dkzgugd,0.0
dkziciq,1.0
dkzrkbt,1.0
dkzzldu,0.0
dlagygo,1.0
dlakpjl,0.0
dlarikc,1.0
dlawqdj,0.0
dlbeckc,0.0
dlbneto,1.0
dlbounu,0.0
dlbqyam,1.0
dlbvtii,1.0
dlcknbi,1.0
dlcomht,0.0
dlcwnrc,1.0
dldscsi,1.0
dldvxii,1.0
dlehctj,1.0
dlenrat,1.0
dlexktl,1.0
dlexwcx,1.0
dlfadyi,0.0
dlffsqi,1.0
dlfjuhi,0.0
dlfnxqw,1.0
dlfvatm,1.0
dlfvfdz,1.0
dlgvswf,1.0
dlhclkl,1.0
dlhgety,0.0
dlhipud,1.0
dlhphat,1.0
dlhpqhp,1.0
dlhsqlb,0.0
dlinyep,1.0
dlirgmo,1.0
dljnirg,1.0
dljwnhv,1.0
dljzeok,1.0
dlkdnhg,0.0
dlkpmif,1.0
dlktubr,1.0
dllbzwt,1.0
dlldvhw,0.0
dlleaie,0.0
dllpluw,1.0
dllsfhz,1.0
dlltzmy,1.0
dllwpbd,1.0
dllwqib,1.0
dllwxqj,1.0
dlmjcnz,0.0
dlmskca,1.0
dlnjamh,0.0
dlnkmjy,0.0
dlnxxcw,1.0
dlofbea,1.0
dlohbqy,1.0
dloktnl,1.0
dloskvu,1.0
dlouobd,1.0
dlovnjb,0.0
dlozrmo,1.0
dlpgfue,1.0
dlpiiev,1.0
dlpnbed,1.0
dlprnih,1.0
dlqeyrj,0.0
dlqfeww,1.0
dlqpkij,1.0
dlqxpub,0.0
dlqzfod,0.0
dlqzyfm,0.0
dlrdpax,1.0
dlreeyl,1.0
dlrprkf,1.0
dlrqxyy,1.0
dlrtgni,1.0
dltkavm,1.0
dlucfyn,1.0
dlupirw,1.0
dluteaw,1.0
dlutxmu,0.0
dlutxoq,1.0
dluxxqu,1.0
dlvcgfs,1.0
dlvcyjx,1.0
dlvrtrt,0.0
dlvugmu,0.0
dlwmwfe,1.0
dlwutdw,0.0
dlwvavx,1.0
dlxayoy,1.0
dlxflpb,0.0
dlxfzzz,1.0
dlxlzkq,1.0
dlxoehy,1.0
dlxoldc,1.0
dlxpeux,0.0
dlxzvqf,1.0
dlyeszw,0.0
dlykiwa,0.0
dlyznie,0.0
dlzebwd,1.0
dlzixje,1.0
dlzmfbv,0.0
dlznfqf,1.0
dlzufbw,0.0
dmajsdg,0.0
dmanarl,0.0
dmaqfxr,0.0
dmbjxli,1.0
dmbmrop,1.0
dmcerbv,1.0
dmcnkny,1.0
dmcovmj,0.0
dmdaxbx,1.0
dmdcgxk,1.0
dmdjudr,0.0
dmdjvkg,1.0
dmdrfnz,1.0
dmdxwum,1.0
dmdzxed,1.0
dmealnw,0.0
dmecpzu,1.0
dmeeciu,0.0
dmegnmg,1.0
dmejhwm,1.0
dmejldm,1.0
dmerfxv,1.0
dmevhif,1.0
dmfcuhp,0.0
dmfcuup,1.0
dmfiqwv,1.0
dmfjfmg,1.0
dmfovhw,1.0
dmfzhnn,1.0
dmgkitl,1.0
dmgnday,1.0
dmgqdgb,1.0
dmhfzrr,1.0
dmhplet,0.0
dmiedem,1.0
dmiiqps,0.0
dmilxxo,1.0
dmiqloc,0.0
dmissyq,0.0
dmizpxb,1.0
dmjhgwc,0.0
dmjkssi,1.0
dmjqyoh,1.0
dmjsitc,1.0
dmjtfph,1.0
dmkbyfv,1.0
dmkhtsg,1.0
dmkscpz,0.0
dmkwrgi,0.0
dmlcgfk,0.0
dmldefl,1.0
dmltqeq,1.0
dmlunqy,0.0
dmmaknu,0.0
dmmiytc,0.0
dmmltgq,1.0
dmmrkim,0.0
dmmxaku,0.0
dmmxnmz,1.0
dmneipl,1.0
dmnhbfm,1.0
dmnmkwk,1.0
dmnwmub,1.0
dmnzvyg,1.0
dmoelir,1.0
dmolyun,1.0
dmpnlfu,1.0
dmpprpm,1.0
dmpthph,1.0
dmpuail,1.0
dmpztib,0.0
dmqhvxm,0.0
dmqsyfk,1.0
dmquezr,0.0
dmquwdd,1.0
dmroefs,0.0
dmruoof,1.0
dmsgeer,1.0
dmsjqdn,0.0
dmsqchg,1.0
dmsqkjp,1.0
dmsqvop,1.0
dmsyszo,0.0
dmtezjf,1.0
dmtezkp,0.0
dmtmsbx,1.0
dmtvgct,1.0
dmtydhz,0.0
dmudqmv,1.0
dmudwht,1.0
dmumnjd,0.0
dmuojbe,1.0
dmuosjn,1.0
dmutfuj,1.0
dmuvzxy,1.0
dmuyfbt,1.0
dmvapkx,1.0
dmvkmop,1.0
dmvztsy,1.0
dmwbarb,0.0
dmwiqhr,1.0
dmwjspf,1.0
dmwxulc,1.0
dmxgnbh,0.0
dmxhsfg,1.0
dmxhyyn,0.0
dmxrdbc,0.0
dmydpzs,0.0
dmyfikf,0.0
dmygsml,1.0
dmyooun,0.0
dmytbel,1.0
dmywvty,1.0
dmyzyiv,1.0
dmzlsqt,0.0
dnacvns,1.0
dnajfht,1.0
dnarwjy,1.0
dnauuvc,1.0
dnbitld,0.0
dnblebk,0.0
dncdbpy,1.0
dnchqvp,1.0
dncxzxx,1.0
dnczzzf,1.0
dndculs,1.0
dnejpny,1.0
dneoiqz,0.0
dnepkbt,0.0
dnesnhk,0.0
dnficfo,0.0
dnfolni,1.0
dnfypmj,1.0
dnfzfnq,1.0
dngeyxs,1.0
dngfoto,1.0
dngntxf,1.0
dngtnhu,0.0
dngvwjm,1.0
dnhcfth,1.0
dnhihxq,0.0
dnhilqt,1.0
dnhjyrw,1.0
dnhswgo,1.0
dniannn,1.0
dniridw,1.0
dniykoe,1.0
dnjadts,1.0
dnjgzrz,1.0
dnjhbat,0.0
dnjmvys,0.0
dnjqqti,1.0
dnkgjtu,1.0
dnktupz,0.0
dnktzip,1.0
dnldtpa,1.0
dnldzei,1.0
dnlutms,1.0
dnmealy,1.0
dnmnxom,1.0
dnmuijk,0.0
dnmwohw,1.0
dnnazwk,1.0
dnnmmml,0.0
dnnmwog,0.0
dnoefgq,0.0
dnoihdw,1.0
dnoxgon,1.0
dnozmim,0.0
dnpaimu,1.0
dnpbrdc,0.0
dnqeohx,1.0
dnqwpuz,1.0
dnqzgsm,0.0
dnrfybs,1.0
dnriukw,1.0
dnrodis,1.0
dnsbtmt,1.0
dnsbzuu,0.0
dnsdlwd,1.0
dnsgfsx,0.0
dntbtjg,1.0
dntmxyy,1.0
dntuoan,0.0
dnuepeu,1.0
dnugiob,1.0
dnuhgeu,0.0
dnuighl,1.0
dnunsay,1.0
dnuyqqj,1.0
dnvgvtx,0.0
dnwbezf,1.0
dnwdwnn,1.0
dnwevja,0.0
dnwgjla,1.0
dnwtimd,0.0
dnxizhl,1.0
dnxxiql,1.0
dnxydhf,0.0
dnybwwa,1.0
dnyfibb,1.0
dnyiwtp,1.0
dnytfrp,0.0
dnyvapx,0.0
dnyzccx,0.0
dnyzrar,1.0
dnztqof,1.0
dnztrbr,1.0
dnzwdqd,0.0
doadxcr,0.0
doakvys,1.0
doanvow,1.0
doaytkb,0.0
dobfpck,1.0
dobgore,1.0
dobzimv,1.0
dobztmx,0.0
docinwt,1.0
docjogx,1.0
dodbjrm,0.0
dodniye,1.0
dodofee,1.0
doefmol,1.0
doemfjh,0.0
doerywh,0.0
doewdnf,1.0
doexnxl,0.0
dofegsr,1.0
dofmmuh,1.0
dofpbqz,1.0
dofwsec,1.0
dofxivr,0.0
dofyfuq,0.0
dogyjez,1.0
dohjvjp,1.0
dohnyjn,1.0
dohqohg,1.0
dohunby,0.0
dohwsui,0.0
dohxjhq,1.0
doihssu,1.0
doiseik,1.0
doivcqx,1.0
doizjjf,0.0
doizyki,0.0
dojarlx,1.0
dojktzy,0.0
dojrivd,0.0
dojwjdr,1.0
dojzxee,1.0
dokdzaf,1.0
dokhelo,1.0
doklbfv,0.0
dolgczq,1.0
dolknsf,1.0
dolpral,1.0
doltdwj,0.0
doluwlg,0.0
dolvonc,1.0
dolxgse,0.0
dombjcs,0.0
dompvyd,0.0
domrlox,1.0
domyxme,0.0
dondjji,1.0
dondtig,1.0
donpjmt,1.0
donsdxl,0.0
doodyvc,0.0
dooefbu,1.0
doosfgr,1.0
dootjid,1.0
dophogl,1.0
dopoltz,1.0
dopskqf,0.0
dopyvjh,1.0
doqdbin,1.0
doqihwe,0.0
doqpvey,0.0
doqrdkp,1.0
dornsox,1.0
dorwxfi,1.0
dospgej,1.0
dotdlia,1.0
dotgcpw,0.0
dotnjjn,0.0
dotwdfu,1.0
dotxymt,1.0
doujujv,1.0
douluio,1.0
douxpdm,1.0
douyehz,0.0
dovbfks,1.0
dovcxct,0.0
dovedzq,0.0
dovguco,1.0
dovrgta,1.0
dovsqzl,1.0
dowoxed,1.0
doxeqom,0.0
doygddq,1.0
doygvqy,1.0
doyxqpe,1.0
doyzkjt,1.0
dozbadt,0.0
doziryz,1.0
doztxms,0.0
dpakqdv,1.0
dpanfat,0.0
dpbcwtv,1.0
dpbopxe,1.0
dpccnnk,1.0
dpcgeeq,1.0
dpcgmqi,1.0
dpcimbt,0.0
dpcjmaz,1.0
dpclkyl,0.0
dpdjqcd,1.0
dpdjtwe,1.0
dpdkojd,1.0
dpeadvw,0.0
dpecmis,1.0
dpedrog,1.0
dpehgiy,1.0
dpehtsf,1.0
dpfzqgk,0.0
dpgeruj,1.0
dpggadj,0.0
dpgithp,1.0
dpgiywb,1.0
dpgjdcr,1.0
dpgmmpb,1.0
dpgtctc,1.0
dphodri,1.0
dphpfjx,1.0
dpihqre,1.0
dpiioqm,1.0
dpjgqmu,1.0
dpjxyfn,1.0
dpkjita,0.0
dpkkxho,1.0
dpkldgw,0.0
dpklvyc,1.0
dpkuqyb,1.0
dplfsia,0.0
dplhxpg,0.0
dpljauw,0.0
dpltdtq,1.0
dplvivd,0.0
dpmamwa,1.0
dpmigbt,0.0
dpmrjey,1.0
dpmytxe,1.0
dpnejyb,0.0
dpnibfm,1.0
dpnjkyx,1.0
dpnsduy,1.0
dpnttru,1.0
dpnuama,1.0
dpnvort,0.0
dpnyirh,1.0
dpnzlyu,1.0
dpogppd,0.0
dppbbqh,0.0
dppplbq,1.0
dpprffg,1.0
dpprqie,1.0
dppsoam,1.0
dpqayss,1.0
dpqjhis,1.0
dpqpnio,1.0
dpqxycr,1.0
dpqzjzo,1.0
dprezgo,1.0
dprnmzo,0.0
dprregp,0.0
dprtvek,0.0
dprxyia,1.0
dpsqiee,1.0
dpssunc,0.0
dptfasz,0.0
dptnrej,1.0
dpuabqs,0.0
dpuhjnm,1.0
dpusxxz,0.0
dpuzuhu,0.0
dpvazfz,1.0
dpvzepr,0.0
dpwojbn,1.0
dpwpccd,0.0
dpwthft,1.0
dpxdsbw,0.0
dpxhbbm,0.0
dpxhlel,0.0
dpxizod,1.0
dpxqayu,1.0
dpxsgap,1.0
dpxwwih,1.0
dpydqgx,1.0
dpyikkt,1.0
dpymlqf,1.0
dpyokmr,0.0
dqabfqv,0.0
dqamlzz,1.0
dqankiv,1.0
dqannek,1.0
dqbjwor,1.0
dqbuaaz,0.0
dqbxngg,1.0
dqcbvgy,1.0
dqcccal,1.0
dqcmuyx,1.0
dqcrswa,0.0
dqdekwa,1.0
dqdgirm,0.0
dqdtwsn,0.0
dqedgwc,0.0
dqeumzw,1.0
dqfapde,1.0
dqfebhd,1.0
dqfjryt,1.0
dqfncbm,0.0
dqfutug,1.0
dqfvqiw,0.0
dqfyeeq,0.0
dqfyunm,1.0
dqgcljp,1.0
dqgdvdn,1.0
dqgqjed,0.0
dqgwawy,0.0
dqgzpvi,1.0
dqhbpfv,1.0
dqhdwzr,1.0
dqhikqw,1.0
dqhkfum,0.0
dqhmlvj,1.0
dqifegg,1.0
dqijasn,1.0
dqiumoo,1.0
dqivffc,1.0
dqizhgk,1.0
dqjazkk,1.0
dqjcmfe,1.0
dqjhdhp,1.0
dqjshsf,0.0
dqjyzhj,1.0
dqjzkyw,1.0
dqkglkw,1.0
dqkpqeh,1.0
dqlfgws,0.0
dqlfmbi,1.0
dqlvoht,0.0
dqmfalt,1.0
dqmkcle,1.0
dqmupqi,1.0
dqnbvzi,1.0
dqncnpo,1.0
dqnjomd,1.0
dqnkyzx,0.0
dqnuhwl,0.0
dqnxrwl,1.0
dqobsfo,0.0
dqpbznq,1.0
dqpcwbl,0.0
dqptugb,1.0
dqpyeff,0.0
dqqaptv,1.0
dqqgfuj,0.0
dqqktiw,0.0
dqqkvyf,0.0
dqqqbxs,1.0
dqrbydi,1.0
dqrkhgo,1.0
dqrnqbr,1.0
dqseiuc,1.0
dqsktmp,1.0
dqsnuce,1.0
dqsrmuj,1.0
dqsuioi,0.0
dqszffc,1.0
dqtrrzt,1.0
dqtyweo,1.0
dquadjz,1.0
dqunsvc,0.0
dquqdlx,1.0
dquvela,0.0
dquwveh,1.0
dqvesjc,1.0
dqvfejb,1.0
dqvfgna,1.0
dqvnked,0.0
dqvzoen,0.0
dqwdvng,1.0
dqwtpqe,1.0
dqwxfsl,0.0
dqwyqai,1.0
dqxiorw,0.0
dqxnbtl,1.0
dqxrsbe,1.0
dqxtixt,0.0
dqxtsih,1.0
dqydchz,1.0
dqygrtn,0.0
dqyhabc,1.0
dqysucl,1.0
dqzjgmo,1.0
drabcxm,1.0
dramxso,0.0
drasibb,1.0
draupxg,1.0
dravphe,1.0
drbcspf,1.0
drbgnju,0.0
drbjxgt,0.0
drbopqx,1.0
drbvmbs,1.0
drbzpzv,1.0
drcavjk,1.0
drcbvrc,1.0
drcdtcc,1.0
drdbbof,1.0
drddsbv,1.0
drdgipm,1.0
drdidbk,1.0
drdviso,1.0
drdvpax,1.0
drebzcz,0.0
drekgfz,1.0
dremcen,1.0
drepzjg,1.0
drfjcpu,1.0
drfqtnu,0.0
drfqwmx,0.0
drfryts,1.0
drfxarw,1.0
drhflxe,1.0
drhgugg,1.0
drhkfqw,1.0
drhupna,1.0
dricors,1.0
driggej,1.0
drigmtc,1.0
drinpmo,1.0
dritnpr,0.0
driywtx,0.0
drjvgef,0.0
drkhvxz,1.0
drkvrvt,0.0
drlfazy,0.0
drlplwk,1.0
drmcwkj,1.0
drmpbrx,1.0
drndgbs,1.0
drodlju,1.0
drogqmv,0.0
drpdbly,0.0
drpomfn,1.0
drpryev,1.0
drpwcfm,0.0
drqwvkl,1.0
drrcodu,1.0
drrdxtz,1.0
drsmjsg,0.0
drsmwst,1.0
drtvonq,1.0
drtxwqs,1.0
drvdcyl,1.0
drvhyek,1.0
drvluvr,1.0
drvnmje,1.0
drwiyiz,1.0
drwjswx,1.0
drxfjwo,0.0
drxlmap,0.0
drxnavw,1.0
drxovrr,1.0
drxpefp,1.0
drxufmx,1.0
drxxatr,1.0
dryfwtn,1.0
dryudqi,1.0
drzdjzk,0.0
drzrmsi,1.0
drzwulg,1.0
dsagacd,1.0
dsalhwv,1.0
dsbhrvn,1.0
dsbhsig,1.0
dsbipyo,1.0
dsbkvlp,0.0
dsbnkbw,1.0
dsbteau,1.0
dsbtykc,0.0
dscbotm,1.0
dscqwyw,0.0
dscyqzm,1.0
dsdawiy,1.0
dsdgzes,1.0
dsdjazy,0.0
dsdmroz,0.0
dsdrpje,0.0
dsdvkke,1.0
dsdvsqp,1.0
dseildi,1.0
dsekztr,1.0
dsevxdc,1.0
dsezxvg,1.0
dsfiaow,0.0
dsflptg,0.0
dsfmrlg,1.0
dsfobtj,0.0
dsfpkha,1.0
dsftmix,0.0
dsftwhh,0.0
dsfxebd,1.0
dsfxflf,1.0
dsgjiyx,1.0
dsgjpmv,1.0
dsgnibw,0.0
dshcgjd,1.0
dshcxeh,1.0
dshynkv,0.0
dsihboj,0.0
dsihldn,1.0
dsirsyn,1.0
dsjatno,0.0
dsjegbv,0.0
dsjlnrt,0.0
dsjnkmj,0.0
dsjnzjq,1.0
dsjtcts,0.0
dsjxqnf,1.0
dskonpm,0.0
dskqocf,1.0
dskwade,1.0
dslegfc,1.0
dsljpca,1.0
dslmgoz,0.0
dsmpxnh,1.0
dsmxxrk,1.0
dsnbwaf,1.0
dsnpbxv,0.0
dsnwkec,1.0
dsnyomu,1.0
dsorlgq,1.0
dspaken,1.0
dsqcdeq,1.0
dsqetth,0.0
dsqghhc,1.0
dsqiwxy,0.0
dsqptef,0.0
dsqtafa,1.0
dssbqkm,0.0
dssfixb,1.0
dssipoi,1.0
dssljss,1.0
dssttso,0.0
dssyepi,1.0
dsucmqw,1.0
dsucryk,1.0
dsuzlpw,1.0
dsvnpmk,1.0
dsvpguj,1.0
dsvueaf,1.0
dsvxrqn,1.0
dsvxrqy,0.0
dsxcbei,0.0
dsxnahp,1.0
dsxykbs,1.0
dsygssv,0.0
dsyiilq,1.0
dsyrfiz,1.0
dsytggz,1.0
dsyxglq,1.0
dszirxo,0.0
dszisfw,1.0
dszliuc,1.0
dtacgiw,1.0
dtagttk,1.0
dtatxrq,1.0
dtaydjq,1.0
dtbfmwh,1.0
dtbicqb,0.0
dtbkfjx,1.0
dtbwmnx,1.0
dtbxofs,1.0
dtcbklr,1.0
dtdkdst,1.0
dtdkigr,1.0
dtdrmew,1.0
dteemfu,0.0
dtegcac,1.0
dtehqdn,1.0
dteiwxe,1.0
dteqxmc,1.0
dtfkbfm,0.0
dtfmsqn,0.0
dtfmzjl,1.0
dtfqzjb,1.0
dtfrmbh,1.0
dtgarmu,1.0
dtgtloq,0.0
dthfnxt,1.0
dthyiju,1.0
dticzpo,0.0
dtiryeg,1.0
dtishig,1.0
dtisyjm,1.0
dtjmrsp,1.0
dtjpuhh,1.0
dtjpzpi,1.0
dtjqplc,0.0
dtjubrh,1.0
dtknckz,0.0
dtkptqb,1.0
dtlczhb,1.0
dtlmklv,1.0
dtlmrie,1.0
dtmkidq,1.0
dtmmdoj,0.0
dtmqnxx,1.0
dtmthxt,1.0
dtmutbt,1.0
dtmxvic,1.0
dtnaxgn,1.0
dtnbvdl,1.0
dtnnput,0.0
dtnpjmm,1.0
dtnryhz,0.0
dtomwsp,0.0
dtonvsv,1.0
dtousej,1.0
dtoyrmk,0.0
dtpcftp,1.0
dtpcror,1.0
dtpgmvn,1.0
dtplzvc,1.0
dtpmyad,1.0
dtpszzg,1.0
dtqhvjm,1.0
dtqxqip,0.0
dtrhfqm,1.0
dtrhhyp,1.0
dtrkjrr,1.0
dtsdomv,1.0
dtsoylz,1.0
dtsrdco,0.0
dtsrmei,1.0
dttpego,1.0
dttwjtu,1.0
dttyoms,1.0
dttyvre,0.0
dtugtns,1.0
dtuvwvy,1.0
dtvstce,0.0
dtvyjxl,1.0
dtwanlt,0.0
dtwiowy,1.0
dtwqcze,1.0
dtwrslb,0.0
dtwwuhx,1.0
dtxamkq,1.0
dtxdtul,1.0
dtxgqii,1.0
dtxsyat,0.0
dtyjong,1.0
dtymyye,0.0
dtyrquz,1.0
dtzfegt,1.0
dtzjsvy,1.0
duaaesg,1.0
duadlbf,1.0
dualzht,0.0
duaohnu,1.0
duarvxm,1.0
dubasva,1.0
dubfynj,1.0
dubxqxy,1.0
dubybqu,1.0
dubzpcy,0.0
duckzpy,1.0
ducynog,1.0
dudeaee,0.0
dudmoru,1.0
dudncri,1.0
dudwdbt,0.0
dudyzzi,1.0
duebzvm,0.0
dueejja,1.0
duejvpu,1.0
duekfqh,0.0
dueozgd,1.0
duerpuf,0.0
dufkmka,0.0
duflwmh,1.0
dufrsdm,1.0
dufsaxa,0.0
dufufhj,0.0
dufyrbt,0.0
dugglxi,0.0
duggyyr,0.0
dugikja,1.0
dugjopo,0.0
dugnulx,1.0
dugqffj,1.0
dugtqof,1.0
dugwbgt,1.0
duhbfps,0.0
duhgikg,1.0
duhklhe,1.0
duhldui,1.0
duhmutj,1.0
duhybsk,0.0
duiikza,0.0
duimaqh,1.0
duiwgqs,1.0
dujlcwz,1.0
dujlhzx,0.0
dujlygw,1.0
dujrric,1.0
dujyaek,0.0
dujzkkz,1.0
dukcdps,1.0
dukdxyw,0.0
dukinkh,1.0
dukoshe,0.0
duladbo,1.0
dulfqun,0.0
dulmhlm,0.0
dulscqp,0.0
dumaaxo,1.0
dumrotl,1.0
dumtnck,1.0
dumxylk,0.0
dumzppj,0.0
dunbxrj,0.0
duncckf,0.0
dunhtmd,1.0
duofbpx,1.0
duooult,0.0
dupcqvh,1.0
dupiboq,1.0
dupkxhl,1.0
dupzauf,0.0
duqgpal,0.0
duqijpy,1.0
duqrdbs,0.0
duqssjm,1.0
duqzskc,1.0
duraois,1.0
durfoip,1.0
durfzwy,1.0
durgrnu,1.0
durhvju,1.0
durjaht,1.0
durpedp,0.0
durwjyg,0.0
dusfrxz,0.0
dusghvg,0.0
dusgwku,0.0
dushsxx,0.0
duspjqh,0.0
dusrqlg,0.0
dutasdl,0.0
dutdbdy,1.0
dutdyfc,0.0
dutidqm,1.0
dutmzvs,1.0
duudjfc,1.0
duugoxz,0.0
duutwgy,1.0
duvbzja,0.0
duvhgfl,1.0
duvhudx,0.0
duvsjsx,1.0
duvsnos,1.0
duwdtmn,1.0
duwdupl,0.0
duwfnqb,0.0
duwnqyy,1.0
duwtkbk,1.0
duwtmlq,1.0
duwwnqb,1.0
duwyuwi,0.0
duxfqol,1.0
duxgdkw,1.0
duxlbif,1.0
duxmovn,0.0
duxpddg,0.0
duycdwj,1.0
duyczoy,1.0
duyiyzz,1.0
duymvoo,0.0
duysjyc,1.0
duyvitt,0.0
duyxddg,0.0
duzietm,0.0
duzlyqk,1.0
duzznsq,1.0
dvaheso,1.0
dvainvv,1.0
dvancii,1.0
dvanvmz,1.0
dvaotmf,1.0
dvbkzcs,0.0
dvblltr,0.0
dvbuvkn,1.0
dvdajab,1.0
dvdfmaw,1.0
dvdhump,1.0
dvdlwnm,1.0
dvefieo,1.0
dveilzp,1.0
dvejfds,1.0
dvepozz,1.0
dveyfwb,1.0
dvfeeov,1.0
dvfenpo,0.0
dvfsqjw,1.0
dvfyued,1.0
dvguawl,1.0
dvgxkbq,1.0
dvhjiom,1.0
dvhqeeb,1.0
dvibdid,1.0
dviimdg,1.0
dvijnus,0.0
dvimydg,1.0
dvinqfa,1.0
dvisifg,1.0
dvjhebq,1.0
dvjtsku,1.0
dvjynhl,1.0
dvkuvdj,1.0
dvmalbm,1.0
dvmgtai,1.0
dvmkjtf,1.0
dvmoble,0.0
dvmqfoq,1.0
dvmttjn,0.0
dvncvjs,1.0
dvneqcp,1.0
dvnertm,1.0
dvnljhq,0.0
dvnmsyu,1.0
dvnnjcz,1.0
dvnqvbh,0.0
dvnszdb,1.0
dvnvkqm,0.0
dvnzocj,0.0
dvojstx,1.0
dvolmne,1.0
dvooyof,1.0
dvosprf,1.0
dvouers,1.0
dvpbaua,1.0
dvpfgjw,1.0
dvppmeb,1.0
dvsijsu,1.0
dvsnctn,1.0
dvsqwiu,1.0
dvsxzwp,0.0
dvtdurj,1.0
dvterou,1.0
dvtmiqv,1.0
dvtrksv,0.0
dvujhda,1.0
dvujsgi,1.0
dvukkpv,0.0
dvukmbw,1.0
dvupqcc,1.0
dvurzhr,1.0
dvvykdn,1.0
dvwgpys,1.0
dvwlkms,1.0
dvwwdxh,0.0
dvxcjgq,1.0
dvxfjwx,1.0
dvxsblh,1.0
dvxumra,1.0
dvyatet,0.0
dvyxkyv,1.0
dvzbjyo,1.0
dvzckld,0.0
dvzdocw,1.0
dvzvcsn,1.0
dwakuza,1.0
dwavzfg,1.0
dwazewh,1.0
dwbjyti,1.0
dwbmlnr,0.0
dwcsmzn,1.0
dwcxmpb,0.0
dwcybau,0.0
dwdkrcx,0.0
dweatvx,1.0
dwekpxw,1.0
dwesoqq,1.0
dwetpsw,0.0
dweugzr,0.0
dwfaehm,1.0
dwfmffc,1.0
dwgfnvy,1.0
dwggwxq,1.0
dwgqpss,1.0
dwgslrf,0.0
dwgyjiw,1.0
dwgzxeb,1.0
dwhacom,1.0
dwhdekn,1.0
dwhelvb,1.0
dwhwoas,1.0
dwhzjdp,1.0
dwjqogy,0.0
dwjtkmd,0.0
dwjzlnq,1.0
dwkqcwy,1.0
dwkusll,1.0
dwluhbo,1.0
dwmdytp,1.0
dwmhgbl,1.0
dwmpadu,1.0
dwmvwvq,0.0
dwncjto,0.0
dwnhdpo,1.0
dwnnsmh,1.0
dwocfhz,1.0
dwocior,1.0
dwopqad,1.0
dworfzz,0.0
dwoyeqc,1.0
dwpiray,1.0
dwpitnh,1.0
dwpkjut,0.0
dwpnflm,1.0
dwppocr,1.0
dwptofu,1.0
dwqcsju,1.0
dwqfnox,1.0
dwqgkhy,1.0
dwqhpzg,1.0
dwqviiv,0.0
dwqxaud,0.0
dwradff,1.0
dwrvxla,1.0
dwsgwch,1.0
dwsitzc,1.0
dwszdqj,1.0
dwtzpxr,1.0
dwugsaf,1.0
dwuiykf,1.0
dwuloqg,0.0
dwupekz,1.0
dwupyeo,1.0
dwuxdjr,1.0
dwvluwo,0.0
dwwahed,0.0
dwwarbb,1.0
dwweanf,1.0
dwwlnrd,0.0
dwwzflc,1.0
dwxaoqe,0.0
dwxland,1.0
dwxxjut,0.0
dwxxpvn,1.0
dwyhixc,1.0
dwypgqq,1.0
dwyvnbg,0.0
dwzahnf,1.0
dwzflsq,0.0
dwziivz,1.0
dwzoqbu,0.0
dwzswmy,0.0
dwztbjr,0.0
dwzvcfl,0.0
dwzxbmv,0.0
dxaliuq,1.0
dxapfmj,0.0
dxbdsgu,1.0
dxbevzu,1.0
dxbnngq,1.0
dxbohae,0.0
dxcvezq,1.0
dxcxaxt,1.0
dxdcniz,1.0
dxdhxaf,1.0
dxdklwr,1.0
dxdlsiy,1.0
dxduzpb,0.0
dxdxlrl,1.0
dxdzihc,0.0
dxeggei,1.0
dxextnk,1.0
dxfbrkt,0.0
dxfeatf,1.0
dxftsus,0.0
dxgljnr,1.0
dxgoanr,1.0
dxgplda,1.0
dxgsnhc,1.0
dxhfhhs,1.0
dxhtsro,0.0
dxhwtrv,1.0
dxiejdp,1.0
dxiexds,0.0
dxihkau,1.0
dxivfsl,1.0
dxjgpic,1.0
dxjiqyl,0.0
dxklrcu,1.0
dxkqyyy,1.0
dxkxkjm,0.0
dxleotb,1.0
dxlmkml,0.0
dxlocxr,1.0
dxlrkxa,1.0
dxltmbe,1.0
dxmgekt,1.0
dxmmflq,1.0
dxncmtq,1.0
dxnfigu,1.0
dxnpcni,0.0
dxnvnyb,0.0
dxnvuqd,1.0
dxogiyw,1.0
dxojrxi,1.0
dxosunh,1.0
dxouqcg,1.0
dxowryd,0.0
dxoyktz,0.0
dxpbcsi,1.0
dxpfohx,1.0
dxpufch,1.0
dxpufjp,1.0
dxqezvv,0.0
dxqgajf,0.0
dxqlpxs,1.0
dxqrpaa,0.0
dxqsdhh,1.0
dxqtobw,1.0
dxrwwae,1.0
dxshxca,1.0
dxsjegh,1.0
dxsjrsn,1.0
dxtqkdc,0.0
dxtvopc,1.0
dxuiicc,0.0
dxuklsa,1.0
dxupluv,1.0
dxurglw,1.0
dxvekox,1.0
dxvkzsa,1.0
dxwctta,1.0
dxwhbbp,0.0
dxwqzol,1.0
dxwvbfn,1.0
dxwweug,1.0
dxwxzza,0.0
dxxezta,1.0
dxxuerr,1.0
dxydyvf,1.0
dxyvopu,1.0
dxzcavb,0.0
dxzdrwa,1.0
dxzzgyx,1.0
dxzzqqc,1.0
dyamgvd,0.0
dyasjmc,1.0
dybhzhw,1.0
dybjppd,1.0
dybkcqo,1.0
dybmyhu,0.0
dybnltg,1.0
dybslhe,1.0
dybttum,1.0
dycjnro,1.0
dycxnfd,0.0
dyczjfr,1.0
dydfani,1.0
dydusth,0.0
dyeivix,1.0
dyejgqy,1.0
dyendsz,1.0
dyeriqi,1.0
dyfildf,1.0
dyfkiwc,1.0
dyflynz,1.0
dyfpawn,0.0
dygborn,1.0
dygcgeu,1.0
dygejyn,1.0
dyghlqi,1.0
dygkbvj,0.0
dygnjmu,1.0
dygvbul,1.0
dyheqjx,1.0
dyhntpo,1.0
dyhqhvp,0.0
dyhvbdn,1.0
dyhwuru,1.0
dyibtmn,1.0
dyihjyg,1.0
dyjehue,1.0
dyjjqqj,1.0
dyjkbuc,1.0
dyjnuaa,1.0
dyjpaxc,0.0
dykijac,1.0
dyldmxb,1.0
dyliggd,1.0
dylpiss,1.0
dymcaqo,1.0
dymfane,1.0
dymivwd,1.0
dymjjas,1.0
dymmjnq,1.0
dymmpfo,1.0
dymptxo,1.0
dynnxgd,1.0
dynvcwb,0.0
dynwbom,1.0
dyouoxe,0.0
dyowjbi,0.0
dyozzdh,1.0
dypnbnc,1.0
dyptvup,1.0
dyqkitm,1.0
dyqmdug,0.0
dyrnjaz,1.0
dyrqzws,0.0
dyrrgwb,0.0
dysictq,1.0
dysrdww,0.0
dyszjed,0.0
dytbprk,0.0
dytduxi,0.0
dytkhkd,1.0
dytrgza,0.0
dytsdhy,1.0
dytspfn,1.0
dytyoxk,1.0
dyuzibf,1.0
dyuzpfu,1.0
dyvgznj,1.0
dyvxpkf,0.0
dywunjc,1.0
dywwiyq,0.0
dywxrqp,1.0
dyxezac,1.0
dyxfrgk,1.0
dyxlmbf,0.0
dyxvqcl,1.0
dyyavbr,1.0
dyyevay,1.0
dyyhfxk,1.0
dyyjmlx,1.0
dyyjyxu,1.0
dyyvmqe,1.0
dyywpmc,0.0
dyzjtke,1.0
dyzojej,1.0
dyzpyao,0.0
dyzyqyp,1.0
dzbdsgm,1.0
dzbghlv,1.0
dzbhanx,0.0
dzcdhrq,1.0
dzeundm,1.0
dzeylhm,0.0
dzezett,1.0
dzfdbyn,1.0
dzfdono,1.0
dzfvnji,0.0
dzfyaue,1.0
dzfyfzn,1.0
dzgcgpe,0.0
dzgnzwu,1.0
dzhqbju,1.0
dzigfdz,1.0
dzihdpm,0.0
dzisnut,1.0
dzjayzx,1.0
dzjdren,0.0
dzjkcze,0.0
dzkjyel,0.0
dzkqenz,1.0
dzkqugs,1.0
dzlgadk,1.0
dzlgplo,1.0
dzlluds,1.0
dzmfdui,1.0
dzmgrrl,0.0
dzmhjhr,1.0
dzmhqgq,1.0
dzmqqde,1.0
dzmsuxz,1.0
dznsrya,0.0
dzonugc,1.0
dzoowek,1.0
dzpjoki,1.0
dzpkqcy,0.0
dzplrfn,0.0
dzpqtjo,1.0
dzpshey,1.0
dzptufy,1.0
dzqbdbu,1.0
dzqlwlr,1.0
dzqvcuj,0.0
dzqxtit,0.0
dzrgvgu,0.0
dzrxtzt,1.0
dzsfepl,1.0
dzspcnk,1.0
dzsrvku,0.0
dzszpsr,1.0
dztkkhl,1.0
dztmdlt,0.0
dztmjss,1.0
dztoafc,1.0
dztsmjm,0.0
dzugthb,1.0
dzumgtk,1.0
dzuttny,1.0
dzuzsfw,0.0
dzvbivd,1.0
dzvcovn,1.0
dzvnmtz,0.0
dzvpiqc,1.0
dzvxqax,1.0
dzwrqnw,1.0
dzwvuak,1.0
dzxanhp,1.0
dzxdvct,1.0
dzxhehj,1.0
dzxjplp,0.0
dzxsrnh,1.0
dzxzmoc,1.0
dzyhhrt,1.0
dzykudf,1.0
dzyyqav,1.0
dzzcpqg,0.0
dzzisfb,0.0
dzzlndn,0.0
dzzplod,0.0
dzzsozr,1.0
eaacihv,1.0
eaacpet,1.0
eaazuib,1.0
eaazwor,1.0
eabfquv,1.0
eabgjdd,0.0
eabvzqd,1.0
eabysvu,1.0
eacfneq,1.0
eaclkxo,1.0
eaczqtk,1.0
eadkzso,1.0
eadxsoc,1.0
eaejbnc,1.0
eafbuhm,1.0
eafkbdm,0.0
eafrftu,1.0
eageobc,1.0
eagidos,0.0
eaglwri,1.0
eagqusg,1.0
eagwxet,1.0
eagzaki,0.0
eahbzjo,0.0
eahvsfq,1.0
eahways,1.0
eahwcgi,1.0
eaidvxj,1.0
eaifcai,0.0
eaizsaw,1.0
eajijrq,1.0
eajkfrq,1.0
eajlzhc,1.0
eajsuoh,1.0
eajwxnt,1.0
eajyvcq,0.0
eakawsi,1.0
eakmahr,0.0
eakmrkg,1.0
ealbaeg,1.0
ealsksz,0.0
eamdvhj,1.0
eamlqka,1.0
eamnwww,0.0
eandezi,1.0
eangwin,1.0
eanjcyo,1.0
eanjqrq,0.0
eanneir,0.0
eanqytm,0.0
eanurif,1.0
eaoghfg,0.0
eaooasl,0.0
eaptokg,1.0
eapwcxw,1.0
eapwygi,1.0
eapzzqr,1.0
eaqiwtl,1.0
eaqlnfm,1.0
eaqvqsi,1.0
earhoba,1.0
earlsjk,1.0
earuups,1.0
easckqu,0.0
easdzdg,1.0
eatajee,1.0
eatggho,1.0
eatkrui,1.0
eatkutl,1.0
eatmjen,1.0
eattkta,1.0
eauafwj,1.0
eaudkta,1.0
eauwbrt,1.0
eavivsr,1.0
eavjtvy,0.0
eavqnjl,0.0
eavtrqv,0.0
eavwsji,1.0
eawuxge,1.0
eaxgmks,0.0
eaxjeaf,0.0
eaxmjkf,0.0
eaxtqzt,1.0
eaxuppa,1.0
eaxyzbb,0.0
eayjrch,0.0
eayzavs,1.0
eazcbmj,1.0
eazggiz,1.0
eazjkvm,1.0
eazkxls,1.0
eazlwdz,1.0
eazoego,1.0
eaztues,1.0
ebaamjk,1.0
ebagkmb,1.0
ebalyvu,1.0
ebbidlx,0.0
ebblwpq,0.0
ebbxbcf,1.0
ebbygub,0.0
ebcbgfo,1.0
ebcgxcs,1.0
ebchzyb,1.0
ebcmfcp,1.0
ebcmvav,1.0
ebcxopz,0.0
ebdreqs,1.0
ebdtgmg,1.0
ebdytlk,1.0
ebeawwo,1.0
ebemwcp,1.0
ebeqegh,1.0
ebexdws,1.0
ebfwqph,1.0
ebgayzm,1.0
ebgnhap,1.0
ebgqhol,1.0
ebgrzvv,1.0
ebgswqa,0.0
ebgvizm,1.0
ebhcuur,1.0
ebhjyfb,0.0
ebhkata,1.0
ebhogub,1.0
ebhtdsk,1.0
ebidadq,0.0
ebigfhp,0.0
ebijlod,0.0
ebimfxz,1.0
ebivbvw,1.0
ebiykvl,1.0
ebkfkzs,0.0
eblahim,1.0
ebldfww,1.0
eblfrov,1.0
ebllxzu,1.0
ebmgdqn,1.0
ebmjumx,1.0
ebmlwwb,1.0
ebmnvyb,0.0
ebmsrib,1.0
ebncicy,1.0
ebngijb,1.0
ebniuej,1.0
ebnsfxj,0.0
eboecjr,1.0
eboeprb,1.0
eboqhyn,1.0
ebouksr,1.0
ebpcwbz,1.0
ebpdmck,0.0
ebpkexd,0.0
ebpshhm,1.0
ebqkasx,0.0
ebqmugi,1.0
ebquuri,1.0
ebrxbyu,1.0
ebryoqx,1.0
ebrzash,1.0
ebrzkoi,1.0
ebsidhu,0.0
ebsupzh,1.0
ebtarld,0.0
ebtffap,1.0
ebtouwt,1.0
ebuisoc,1.0
ebuqocj,0.0
ebuwrsb,0.0
ebuxitr,0.0
ebuyerz,1.0
ebvgflu,1.0
ebvgxgu,1.0
ebvhkke,1.0
ebvkzpu,1.0
ebvofab,1.0
ebwdsef,1.0
ebwqzfn,1.0
ebwvupn,0.0
ebwypcc,1.0
ebxnabb,1.0
ebxshfi,1.0
ebxtyal,1.0
ebyjssq,0.0
ebypxtg,1.0
ebyqbot,0.0
ebyzwyu,1.0
ebzdwhu,1.0
ebzkfks,0.0
ebzmvuk,1.0
ebzpjct,1.0
ecadffp,1.0
ecadkbu,1.0
ecanqjx,0.0
ecaxfxw,0.0
ecbaudb,1.0
ecbdjmy,1.0
ecbefgi,0.0
ecbmgwd,1.0
ecbouil,0.0
ecckqnf,0.0
ecdeong,1.0
ecdjupv,1.0
ecdknyy,0.0
ecdsnrl,1.0
ecemjgo,1.0
ecerbcp,1.0
ecerkwc,1.0
ecesrlh,0.0
ecexbft,1.0
ecfhaay,1.0
ecggfqp,0.0
ecgilhk,1.0
ecgktsj,1.0
ecgmlpm,0.0
ecguzvw,1.0
ecgwnfc,0.0
ecgxpcg,1.0
ecgxtcq,1.0
echcwlq,1.0
echifzl,0.0
echjpqt,0.0
echwllv,1.0
eciwxyt,1.0
ecjhkes,0.0
ecjpvjj,1.0
ecjwmpx,1.0
ecjyxdu,0.0
eckdibv,1.0
eckfeap,1.0
eckifaq,1.0
eckqiqh,1.0
eclfppl,1.0
eclheel,1.0
eclpznp,1.0
eclzuvg,1.0
ecmeklf,1.0
ecmfyac,1.0
ecmhmfr,1.0
ecmifsg,1.0
ecmlofb,1.0
ecnfluv,1.0
ecnlurp,1.0
ecnmfls,1.0
ecomldb,1.0
ecoqbex,1.0
ecortuf,1.0
ecpqwmd,1.0
ecpvpit,0.0
ecpyage,1.0
ecqeoxs,0.0
ecqgqsk,1.0
ecqiyky,1.0
ecqtojo,1.0
ecqwcrh,1.0
ecqxnvk,0.0
ecralfd,1.0
ecrgpvt,1.0
ecriekp,1.0
ecrstln,1.0
ecscgpp,1.0
ecsxjuo,1.0
ectagcx,1.0
ectghkf,0.0
ectjeaw,1.0
ecvbgec,0.0
ecvgzlc,0.0
ecwfaii,0.0
ecwfsxh,0.0
ecwiaxy,1.0
ecwntpj,1.0
ecxihid,1.0
ecxuezx,1.0
ecydmhd,0.0
ecyksyb,1.0
ecylazb,0.0
ecystzw,0.0
ecywttc,1.0
ecyyejd,1.0
eczbvrs,1.0
eczgwwp,0.0
eczrfod,1.0
eczsqzd,1.0
eczvrvl,1.0
edajifw,1.0
edawely,1.0
edbbfrb,1.0
edbjusr,1.0
edbmjaj,1.0
edbwjfn,1.0
edcotvy,1.0
edctmjb,1.0
eddrqfq,0.0
eddvwty,1.0
edecwrr,1.0
edejlsl,1.0
edetogl,1.0
edeugyr,1.0
edfjmmd,1.0
edfuesm,1.0
edgkevl,1.0
edgkkyz,0.0
edgmzea,1.0
edgomwq,0.0
edgpkfh,0.0
edgvgug,1.0
edhhhyx,1.0
edhmuaj,1.0
edhoyzf,0.0
ediivwe,0.0
edikvwo,1.0
ediryvv,1.0
ediyjcm,1.0
edjeqmo,1.0
edjqwol,0.0
edkudaw,1.0
edldpca,1.0
edlmuhw,1.0
edmeknp,0.0
edmrpun,1.0
edmsjpj,1.0
edoedsk,1.0
edohbqi,0.0
edojdqz,1.0
edpawhc,1.0
edqayyk,1.0
edqdmmz,1.0
edqgtdk,1.0
edqhkfn,1.0
edqihbz,0.0
edqrcqo,1.0
edqtldh,1.0
edqupme,1.0
edqymuh,1.0
edrmlor,1.0
edspbin,1.0
edssiut,1.0
edszvhu,0.0
edtbbvg,0.0
edtfgxj,1.0
edtgpvf,0.0
edtqzqs,1.0
edtrgba,1.0
edtvwlb,1.0
edugtre,1.0
eduqcsq,1.0
edvasty,0.0
edvezng,1.0
edvqxwa,0.0
edvwmtb,1.0
edwhbjg,0.0
edwijob,1.0
edwqmws,1.0
edwyiip,1.0
edxwbzj,1.0
edyamvx,1.0
edydahm,1.0
edyduif,1.0
edymsnb,1.0
edzcvyf,1.0
edzewel,0.0
edzotyk,1.0
edztass,1.0
edztqtu,1.0
edzxbba,1.0
eeabvfq,1.0
eeadmbq,0.0
eeanwlr,0.0
eeaomlo,0.0
eebksuw,1.0
eeblxlp,1.0
eebtclt,1.0
eecdgrd,1.0
eecofdp,0.0
eecojjs,1.0
eecplsk,1.0
eecupne,1.0
eedjkxq,1.0
eedzdtq,0.0
eeecqoo,1.0
eeeiblo,1.0
eeelclc,1.0
eeemiep,1.0
eeepklc,1.0
eeeueym,0.0
eeewnup,1.0
eefadss,0.0
eefcciq,1.0
eefjsxi,0.0
eefjtmz,0.0
eefmnmb,1.0
eefuumu,1.0
eegcvxe,0.0
eegurdk,0.0
eeguvey,1.0
eegwyrq,1.0
eegxlvz,1.0
eehbcre,1.0
eehgcun,0.0
eehmfew,1.0
eehnzfp,0.0
eehxuce,1.0
eeidxcl,1.0
eeijdsb,1.0
eeikgeo,1.0
eeiltml,1.0
eejcuvg,0.0
eejflha,1.0
eejgtfk,0.0
eejmjmd,0.0
eejncit,1.0
eekaorz,1.0
eekfmmm,1.0
eekmjja,1.0
eekrimt,0.0
eelbbuf,1.0
eeldwbq,1.0
eeldzgd,1.0
eelkwem,0.0
eelxzzy,0.0
eemorzd,1.0
eenftmj,1.0
eengvwi,1.0
eenijgc,0.0
eennkcf,1.0
eenosgj,1.0
eentvrz,1.0
eenwbcr,1.0
eenxjps,1.0
eeocrof,1.0
eeohlcx,1.0
eeokkku,0.0
eeowvvh,1.0
eepgolz,1.0
eepmuyj,1.0
eepphxh,1.0
eepsysj,0.0
eepumsn,1.0
eepvooh,0.0
eepwdaq,1.0
eepzwfo,1.0
eeqamme,1.0
eeqckpg,1.0
eeqtccx,0.0
eerehfc,1.0
eerkzoh,0.0
eervbga,1.0
eeserof,0.0
eesiwyk,1.0
eesrjmd,1.0
eestyqv,0.0
eesvrkq,1.0
eetpsfj,0.0
eetwmph,1.0
eetyncn,1.0
eeugtcu,0.0
eeugxsv,0.0
eeuibcy,1.0
eeulrwe,1.0
eeuvyub,1.0
eevfnsg,0.0
eevtuvm,0.0
eewnlzw,0.0
eewtmmn,1.0
eewvtqq,1.0
eewwhea,1.0
eewzlzz,0.0
eexkprm,1.0
eexlkkp,1.0
eexyhwi,0.0
eeygnei,1.0
eeyhyas,1.0
eezaphp,1.0
eezbwsq,1.0
eezgqeu,1.0
eezpfsn,1.0
eezwmho,1.0
efagxjl,0.0
efaqgap,1.0
efazjng,0.0
efbbsds,1.0
efbneqx,1.0
efbvvxg,1.0
efcfrhz,1.0
efcqdxc,1.0
efcszxo,1.0
efdgxsn,0.0
efemlix,1.0
efemznw,1.0
eferjop,1.0
effdlct,1.0
effffiz,1.0
efffsiy,1.0
effotrm,1.0
effqstu,0.0
effvypi,0.0
efgazan,0.0
efgkotg,1.0
efgpdxz,0.0
efgsoos,1.0
efgwhsn,0.0
efgxtro,0.0
efhatls,0.0
efhfthz,1.0
efhhyfr,0.0
efhnyvc,1.0
efhyhvt,1.0
efirxej,1.0
efisnbc,1.0
efjgfkh,1.0
efjvxsz,1.0
efkeljz,1.0
efknizz,0.0
efkrmlb,0.0
efksial,1.0
efkyksu,1.0
eflcxuj,1.0
eflnpuu,1.0
eflqwjn,1.0
efmcwef,1.0
efmodkt,0.0
efnazeb,1.0
efncobg,1.0
efnkgwy,1.0
efnrcfh,1.0
efobzjk,1.0
efojkpd,1.0
efoysgf,1.0
efpdtrg,1.0
efpfpro,1.0
efpiptk,1.0
efpjvcu,1.0
efpneym,1.0
efqycyy,0.0
efrbqge,1.0
efrmulv,0.0
efrmzpe,1.0
efsgqjq,1.0
efsoepl,1.0
eftfmnb,1.0
efthasu,1.0
eftoffi,1.0
efttmwm,0.0
eftzwlj,0.0
efujrtr,1.0
efukgjf,0.0
efvfviq,1.0
efvpygj,0.0
efvvfnr,1.0
efvypra,1.0
efwdkes,0.0
efwquhk,1.0
efxcxck,1.0
efxgdfl,0.0
efxjguq,1.0
efxmgfs,0.0
efxucqh,1.0
efxycde,0.0
efyjhkq,1.0
efyjjio,1.0
efyrysq,1.0
efyzelo,1.0
efzcota,1.0
efzewib,1.0
efzhhhy,1.0
efzibmn,1.0
efzkhxm,1.0
efzwljk,0.0
egadlzl,0.0
egajrck,1.0
egarank,1.0
egarilj,1.0
egauzhh,1.0
egbbisv,1.0
egbhfdw,1.0
egbndlu,1.0
egbovbm,0.0
egcewhg,1.0
egcezzl,1.0
egcffst,1.0
egctfir,1.0
egcvcks,0.0
egebpfb,0.0
egeltas,1.0
egfibmc,0.0
eggypvb,0.0
eghavaz,1.0
eghbzzd,1.0
eghmsnn,1.0
eghnhfc,1.0
eghqmnc,1.0
eghqqpd,1.0
eghvbgi,1.0
egixcvl,1.0
egjqkmt,0.0
egkgasb,1.0
egkydyi,1.0
eglayvq,1.0
eglzyfo,0.0
egmlhdr,0.0
egmqvnc,1.0
egmrvib,0.0
egngxwq,1.0
egnhenu,0.0
egniivs,1.0
egnozsx,1.0
egnqnqx,0.0
egokiub,1.0
egosbik,0.0
egoyagt,1.0
egpczwg,1.0
egphiyy,1.0
egpksng,0.0
egqcdno,0.0
egqketa,0.0
egqmitp,0.0
egqqthn,1.0
egrfawt,1.0
egruaya,1.0
egsgijj,1.0
egssxha,1.0
egsuwwp,1.0
egswesv,1.0
egszejy,1.0
egtioyp,1.0
egtppqb,0.0
egttnaq,1.0
egtyapr,1.0
egudquo,1.0
egvzycg,0.0
egwcooi,1.0
egwdaun,0.0
egwijyn,1.0
egwlndd,0.0
egwpktu,1.0
egycjio,1.0
egyckpl,1.0
egyilkl,1.0
egziqjd,0.0
egzlcej,1.0
egzstpk,1.0
ehavylx,1.0
ehbksjg,1.0
ehbnphu,1.0
ehbpykc,0.0
ehbqpyn,1.0
ehbtmpy,1.0
ehbvila,0.0
ehbvzkq,1.0
ehccajy,1.0
ehcezkp,1.0
ehckggw,1.0
ehctydb,1.0
ehdjlsm,1.0
ehdjxod,1.0
ehdvibi,1.0
ehecgqr,1.0
eheryqp,1.0
ehfxhnt,1.0
ehgbvlo,1.0
ehgeurz,0.0
ehgladd,1.0
ehgqdtt,1.0
ehgqrcn,1.0
ehgqvon,0.0
ehguxvz,0.0
ehhabwt,1.0
ehhgilx,1.0
ehhjvst,1.0
ehhnrzd,1.0
ehhvqfq,1.0
ehhwiag,1.0
ehickqk,1.0
ehifjzk,1.0
ehikelz,0.0
ehitmni,1.0
ehjcxcq,1.0
ehjdawu,1.0
ehjdbrt,1.0
ehkbtkj,1.0
ehkmrle,1.0
ehkosrf,1.0
ehlaymf,0.0
ehlnlsx,0.0
ehlsdwh,0.0
ehmeqyr,0.0
ehmhjul,1.0
ehmwsox,0.0
ehnpftg,1.0
ehnwzxt,0.0
ehnxjvy,1.0
ehofgot,0.0
ehoqdgv,1.0
ehorjdb,0.0
ehosqlv,1.0
ehouemw,1.0
ehpbiqy,0.0
ehpepak,1.0
ehpwmbp,0.0
ehqcfix,1.0
ehqdtnz,0.0
ehrdaea,0.0
ehriqqo,1.0
ehrnxor,1.0
ehrzaaj,1.0
ehsoaeg,1.0
ehsrkhz,1.0
ehtbdpz,1.0
ehtezfd,1.0
ehtfqxi,0.0
ehtthxr,1.0
ehtwlip,0.0
ehuaiul,1.0
ehufewm,1.0
ehukopx,0.0
ehumgww,1.0
ehusago,1.0
ehvacqq,0.0
ehvcvtl,1.0
ehvdbkc,1.0
ehvujxe,1.0
ehwixvu,1.0
ehwlncz,1.0
ehwocjo,1.0
ehwsewg,0.0
ehwzyzj,1.0
ehxfsrr,0.0
ehxsbqy,1.0
ehyjejq,0.0
ehylnba,1.0
ehylnxv,1.0
ehywrnq,0.0
ehyyqmu,1.0
ehzbiyn,0.0
ehzdmut,1.0
ehzeryj,1.0
ehzlken,0.0
ehzqmxc,1.0
ehzumzd,1.0
eianpqt,1.0
eianxio,0.0
eiaogxs,0.0
eiapdog,1.0
eibbvor,1.0
eibcolb,1.0
eiboakb,1.0
eibwdsu,0.0
eibxnec,0.0
eibymgq,0.0
eiceubv,1.0
eicmlbj,1.0
eicpsuh,1.0
eidfbyf,1.0
eidgnno,1.0
eidjyqp,0.0
eidoaub,1.0
eietxye,1.0
eievtho,1.0
eiexaan,0.0
eifwxbg,1.0
eigaafy,1.0
eigarfk,1.0
eigfegs,1.0
eiggeyf,1.0
eigikos,1.0
eigoxdj,0.0
eihumqy,1.0
eiikvvb,1.0
eiilkej,1.0
eiipjtq,0.0
eijjvze,1.0
eijqnek,1.0
eijwzzx,1.0
eiketif,0.0
eikrafm,1.0
eilcxdh,1.0
eileium,1.0
eilfjzv,0.0
eililoq,0.0
eilkdng,1.0
eilocgs,1.0
eilwglj,1.0
eimcvsf,1.0
eimieco,1.0
eimsngc,0.0
eimswvo,0.0
eimypda,1.0
einbjen,0.0
eiobuzy,1.0
eiongry,1.0
eiosxeh,1.0
eioxcws,1.0
eioyqsm,1.0
eipdxbu,1.0
eipfduq,0.0
eipovev,1.0
eipoxug,1.0
eipxbdh,0.0
eipxwxd,1.0
eiqdnpf,0.0
eiqsssz,1.0
eiqzhfk,1.0
eiqzxyl,0.0
eirqulm,0.0
eirzvdn,1.0
eisapst,1.0
eisatdn,1.0
eisbhrx,1.0
eissluq,1.0
eiszbsf,1.0
eitkezh,1.0
eitoxbp,1.0
eiumuqo,0.0
eiurwtk,1.0
eiuxoxo,1.0
eivbsdi,0.0
eiviapm,1.0
eivtiph,1.0
eivzjlx,0.0
eiwadte,0.0
eiwjoap,0.0
eiwkvme,1.0
eixefme,1.0
eixelqe,1.0
eixgdoj,1.0
eixzzvr,0.0
eiyadsn,1.0
eiyhhuh,1.0
eiykcvw,1.0
eiynqbc,0.0
eiynrvt,1.0
eiyospc,1.0
eizcuxs,1.0
ejatadi,1.0
ejavxgd,1.0
ejbacvp,0.0
ejbmbwj,1.0
ejccoln,1.0
ejchogd,0.0
ejclbbp,0.0
ejcocjc,0.0
ejcqoep,1.0
ejctiuy,1.0
ejctyjk,1.0
ejcuwvy,1.0
ejcwgmq,1.0
ejdcuep,0.0
ejdkmmg,1.0
ejdvmtk,1.0
ejemqzd,1.0
ejephok,1.0
ejevkee,1.0
ejfalpa,1.0
ejfasby,1.0
ejfedsm,1.0
ejffyyr,1.0
ejfrryr,1.0
ejfxgwx,1.0
ejfzfaa,1.0
ejgdnhc,1.0
ejgitps,0.0
ejgomes,1.0
ejgrisq,1.0
ejhdtqh,0.0
ejhgrfe,0.0
ejhmdkp,1.0
ejibgkn,1.0
ejidutk,1.0
ejimych,1.0
ejinxuy,1.0
ejiqvbf,1.0
ejjeoca,1.0
ejjwmwy,1.0
ejkbvqm,1.0
ejkgmas,1.0
ejkhvxs,0.0
ejkrauh,1.0
ejkzkng,0.0
ejldujk,1.0
ejleqrx,1.0
ejlhztl,1.0
ejlnqnd,1.0
ejlqjnk,1.0
ejlvbuo,1.0
ejlvoaa,1.0
ejlvqlt,1.0
ejmmlgj,0.0
ejmqinb,0.0
ejmrqyp,1.0
ejmszys,1.0
ejmtdsf,1.0
ejnjzku,1.0
ejnobjg,1.0
ejnqwal,1.0
ejntfyl,1.0
ejoaotk,1.0
ejobfwh,0.0
ejocayc,1.0
ejompvc,0.0
ejoniqs,1.0
ejoqogf,1.0
ejpjlnx,1.0
ejpxyvm,1.0
ejqgodn,1.0
ejqzaou,1.0
ejrbtaq,0.0
ejromxj,1.0
ejsgjqi,1.0
ejsmspt,1.0
ejswuyh,1.0
ejtdbhc,1.0
ejtfnpl,1.0
ejtmcaa,1.0
ejtpdfr,1.0
ejttsbh,1.0
ejuhhaj,0.0
ejutzpw,1.0
ejuyzyw,1.0
ejvatrk,1.0
ejvecma,0.0
ejvumnl,1.0
ejwbeex,0.0
ejwvsbj,0.0
ejxffkq,1.0
ejxfvfk,0.0
ejxgebz,0.0
ejxggdj,0.0
ejxofgn,0.0
ejxohtx,0.0
ejxvskw,0.0
ejxynba,1.0
ejycjnl,0.0
ejydljz,1.0
ejyfzqy,0.0
ejygxvh,1.0
ejyxspm,1.0
ejzajqm,1.0
ejzvuxd,0.0
ekalelp,1.0
ekauuly,0.0
ekbidle,1.0
ekbigbm,0.0
ekbpqwu,1.0
ekbtiqi,1.0
ekbwmxs,1.0
ekckcdj,1.0
ekcoazg,1.0
ekcpolf,1.0
ekctguj,1.0
ekcussu,1.0
ekcwomi,1.0
ekcxwqy,1.0
ekdboyu,1.0
ekddplo,1.0
ekdqizn,1.0
ekdtcxp,1.0
ekdxucd,0.0
ekedyqf,0.0
ekejfsk,1.0
eketfap,1.0
ekfcrus,0.0
ekfhljf,0.0
ekfskqh,1.0
ekfywpx,1.0
ekfzxep,1.0
ekgjkdl,1.0
ekgsthf,1.0
ekgzmrt,0.0
ekhqpua,1.0
ekifhyd,0.0
ekitecu,0.0
ekixyaj,1.0
ekjiycr,1.0
ekjktcn,1.0
ekjlyvz,0.0
ekjrvbc,1.0
ekjxcpr,1.0
ekkemer,1.0
ekkjsqy,0.0
ekkueqi,0.0
ekkvatk,1.0
ekkvutj,1.0
ekkygyz,1.0
eklasee,1.0
eklasgv,1.0
eklcprd,1.0
eklifnt,1.0
eklmgvu,1.0
eklodkr,1.0
eklrmpw,1.0
ekmodlu,0.0
ekmwfwi,1.0
eknarcg,0.0
eknensi,1.0
eknjzcr,0.0
eknrvqd,1.0
eknwjli,1.0
eknxgto,1.0
ekokgop,1.0
ekokzuz,1.0
ekopvou,1.0
ekpfkic,1.0
ekpohyy,0.0
ekprllw,1.0
ekqfsdl,1.0
ekqiuqd,1.0
ekqocqt,1.0
ekqrmzh,0.0
ekqslkj,0.0
ekqvjva,0.0
ekrbtly,0.0
eksiigg,1.0
ektqbns,0.0
ektthii,1.0
ektujdi,1.0
ekuaelu,1.0
ekuccnp,0.0
ekujttt,1.0
ekuqari,1.0
ekvahgd,1.0
ekvhagp,1.0
ekvpkct,1.0
ekwehxs,0.0
ekwjmau,1.0
ekwrjnx,1.0
ekwukqk,0.0
ekxinfv,0.0
ekxiwuj,1.0
ekxzkon,1.0
ekyahuz,0.0
ekyiegs,0.0
ekzapcu,0.0
elaocaw,0.0
elaqodv,1.0
elaqybt,0.0
elavdcq,1.0
elbdhvl,1.0
elbmhdy,1.0
elbwkiy,1.0
elcdzvz,1.0
eldevot,1.0
eldrmyl,0.0
elduoip,1.0
elebspd,0.0
elefjfg,1.0
eleglvt,1.0
eleipif,1.0
elenmbg,1.0
elepkqc,0.0
eletxwo,0.0
elewdmg,1.0
elfbdrk,0.0
elffkqh,1.0
elghqed,0.0
elgmffw,1.0
elgylog,0.0
elhxawj,1.0
elhypbd,0.0
elicfph,1.0
elihcvb,0.0
elikmom,1.0
elimqfm,1.0
elivhcq,1.0
eljceln,1.0
eljimqb,1.0
eljjbvu,0.0
eljnkwh,1.0
eljuhbp,1.0
eljwpbh,0.0
elkpwxv,1.0
ellghyo,0.0
ellmtka,0.0
ellmzmv,1.0
ellpoug,0.0
ellqetg,1.0
ellzgvk,1.0
elmgxat,1.0
elmylyh,1.0
elmzhxn,0.0
elogdyd,1.0
eloiooi,0.0
elojptp,1.0
elowwds,0.0
eloxozu,1.0
elozldu,1.0
elpakao,0.0
elpwpay,1.0
elqcotv,1.0
elqdkcy,1.0
elqnexh,0.0
elqoqki,1.0
elqswaz,0.0
elqxtus,1.0
elrdvhz,1.0
elrwmwt,1.0
elrzvrz,0.0
elsvrhx,1.0
elsxwaf,1.0
eltcnub,1.0
eltctlt,1.0
elthwxj,1.0
eltxayb,0.0
elucofe,1.0
elujviv,0.0
elunyaa,1.0
eluytjh,0.0
elvxadx,1.0
elwajrt,1.0
elwherf,1.0
elwhpjo,0.0
elwpqoi,0.0
elxgwqg,1.0
elxueva,1.0
elxupmb,1.0
elxwfle,0.0
elxzkjp,1.0
elxztap,1.0
elygqnp,1.0
elypdqd,0.0
elytwyg,1.0
elyyagt,1.0
elzohuw,1.0
elzvcpw,1.0
elzzfeb,1.0
emadqyu,1.0
emagftz,0.0
emanhpk,0.0
emarxtb,1.0
embfjnj,1.0
embhjtf,0.0
emblnhx,0.0
embvdsd,1.0
emccade,1.0
emcfmne,1.0
emckbyb,1.0
emdfodd,1.0
emdlqyl,0.0
emdyxmu,1.0
emecrmb,1.0
emeliwv,1.0
emengwf,1.0
emertjg,1.0
emfbaty,1.0
emfebxv,1.0
emffpph,1.0
emfgcdt,1.0
emgbxzi,0.0
emgegee,1.0
emglcdy,0.0
emgpnka,1.0
emgrtgm,1.0
emhezhe,1.0
emhhgql,1.0
emhpard,1.0
emiahml,0.0
emidmqm,1.0
emigjsl,0.0
emipirl,1.0
emiscdy,1.0
emitejt,1.0
emizdot,1.0
emjdokq,1.0
emjjsqh,1.0
emjkhwt,1.0
emjoyuq,1.0
emjqdhd,0.0
emkcnsb,1.0
emkgumi,1.0
emkhmiq,1.0
emkyngi,1.0
emkzeiw,1.0
emldjtn,1.0
emlgtqx,1.0
emlodsg,0.0
emmdboj,0.0
emmiovn,0.0
emmmint,0.0
emmvtpf,1.0
emmwptw,1.0
emmyift,0.0
emncwwg,0.0
emngjxk,1.0
emnlnwl,1.0
emnnksn,1.0
emoimbx,0.0
emomssb,1.0
emoqjob,1.0
emoubmv,1.0
emoxdcu,1.0
empcvqe,0.0
emptmah,0.0
empyyyl,1.0
emqgqyj,1.0
emrcnbz,1.0
emrdrge,1.0
emrqcnh,0.0
emrsqzi,0.0
emsbkui,0.0
emsmsyp,1.0
emsqpty,1.0
emsupdi,1.0
emsywfq,1.0
emszwdi,1.0
emtnpcy,1.0
emufhlz,0.0
emutluq,0.0
emvfgxk,1.0
emvjjsu,0.0
emvzkft,1.0
emwbnsf,0.0
emwcrkp,0.0
emwibap,1.0
emwkklg,0.0
emwpktc,1.0
emwtxfn,1.0
emwukke,1.0
emwxidq,1.0
emxmige,1.0
emybqug,1.0
emyqzmr,1.0
emyuyfm,1.0
emzemfq,1.0
emzfiwc,1.0
emzgztt,1.0
emzrnar,1.0
emzrzyo,1.0
enaacix,1.0
enadtlq,1.0
enbeqxc,0.0
enbnzos,1.0
enbscue,1.0
enbtzxq,0.0
encdbte,0.0
encjkyb,1.0
encsjfh,1.0
enczjxa,1.0
endazuf,0.0
enduqis,1.0
endwhty,0.0
enegcrj,1.0
enenuyf,0.0
eneurud,1.0
enfjpmw,1.0
enfpvzw,1.0
enftsba,1.0
enfucko,1.0
enfymxd,1.0
enghntw,1.0
engmjmt,1.0
engouut,0.0
engvuxy,1.0
enhgoza,1.0
enicgrn,1.0
enjydhv,1.0
enjzboj,0.0
enkbfhj,1.0
enkgvgb,1.0
enkilik,0.0
enkkvhn,1.0
enlakxh,1.0
enlaoyi,1.0
enlephh,1.0
enlkcxm,1.0
enlzaue,1.0
enlzoij,1.0
enmjfhp,1.0
enndjlo,1.0
ennkglj,1.0
ennkopr,1.0
ennrujp,1.0
ennvmdp,0.0
ennwdwu,1.0
enodryu,1.0
enoojsn,0.0
enoqwlc,1.0
enpcmov,0.0
enpfuye,1.0
enpglmn,0.0
enqbmlr,1.0
enqrryi,1.0
enqshjb,1.0
enqtgiu,1.0
enrkrtb,1.0
enrvedo,0.0
enryzfg,1.0
ensbbhy,0.0
ensmoxa,0.0
ensodwb,1.0
ensxyel,1.0
enszmaa,0.0
entkyzr,0.0
entxufz,1.0
enuadmp,1.0
enuelgl,1.0
enunmpx,1.0
enuswme,0.0
envgdod,0.0
envworm,0.0
envywkx,1.0
enwbtkt,1.0
enwrtko,1.0
enxrnhp,1.0
enxzrqy,0.0
enylarf,1.0
enylzgq,0.0
enyoeow,1.0
enyxiof,1.0
enzjohm,1.0
enzojuj,1.0
enzwqsv,1.0
eoafpun,1.0
eoainzd,1.0
eoaqpau,1.0
eoavojq,0.0
eocjado,1.0
eocllov,1.0
eoclxru,1.0
eocnhgi,1.0
eocrqzu,1.0
eoczmuz,1.0
eodeilc,1.0
eodewmn,0.0
eodfqex,0.0
eodfvxq,0.0
eodmptb,1.0
eodpjrb,1.0
eodrpvx,1.0
eodrsnl,0.0
eodxowb,1.0
eodyoyg,1.0
eodzydu,0.0
eofrzxm,1.0
eofsgds,0.0
eofsqdd,1.0
eofvnij,0.0
eofxuqi,1.0
eoggwax,1.0
eogjnzu,1.0
eogvnjk,0.0
eogvroq,0.0
eogzdmd,1.0
eohbrzo,1.0
eohcwoo,1.0
eohlwnl,0.0
eohynux,1.0
eoiatxl,1.0
eoiddlw,1.0
eoiflha,1.0
eojffqp,1.0
eojjoro,1.0
eojozva,1.0
eokaaes,1.0
eokpcxy,1.0
eokrfuf,0.0
eoksxqs,1.0
eolqhvc,1.0
eomgual,0.0
eomrfxi,1.0
eomyyzn,1.0
eonhyxh,0.0
eooovlb,0.0
eopensh,0.0
eopkjxm,0.0
eopziyp,1.0
eoqahdx,0.0
eoqekui,1.0
eoqvbjh,1.0
eoreonm,0.0
eortmyv,0.0
eorynsz,1.0
eosaxmi,1.0
eosjnlk,0.0
eospkyf,1.0
eosygoj,1.0
eotaddd,0.0
eotgflp,0.0
eotinqz,1.0
eotmzda,0.0
eotqvvj,0.0
eotszfo,1.0
eotvgzl,0.0
eotvzho,1.0
eousxwu,1.0
eovfnsd,1.0
eovhsmp,1.0
eovpjxe,0.0
eovrexv,1.0
eowabvq,0.0
eowfcho,1.0
eowwvev,0.0
eoxcmhx,1.0
eoxgflq,1.0
eoxkgjj,1.0
eoxmrhz,1.0
eoxrkcj,0.0
eoybcva,0.0
eoyeqbe,0.0
eoyjxwu,1.0
eoyrjyj,1.0
eoyyqpo,0.0
eozmyrh,1.0
eozqdvv,1.0
epadnxl,1.0
epajlsx,1.0
epbiwzc,1.0
epboypc,1.0
epbpcij,0.0
epbxsnl,1.0
epchrkq,0.0
epckjmg,0.0
epcklls,0.0
epcpgnb,1.0
epcurri,0.0
epcvcda,1.0
epdcesv,0.0
epdsksy,1.0
epdsufh,1.0
epeevfu,1.0
epeqczk,0.0
epfrdhi,1.0
epgowku,1.0
ephfipe,1.0
ephhbgk,0.0
ephpmld,1.0
epibiao,1.0
epignqw,0.0
epihivp,0.0
epiijuu,1.0
epjjinu,0.0
epkcyab,0.0
epkexsz,1.0
epksgmh,0.0
eplokvk,0.0
eplxvat,0.0
epmbsnd,1.0
epmrwlo,1.0
epmwlgd,0.0
epmxpmf,1.0
epmyzqo,1.0
epnhvmu,1.0
epnlrhs,1.0
epntidi,1.0
epnupgl,0.0
epnvntd,0.0
epnwcse,1.0
epnzvke,1.0
epocuzw,0.0
epohzbc,1.0
epojoua,0.0
eposizu,1.0
epotitm,1.0
epoxmkg,0.0
eppbnne,1.0
eppidoa,1.0
eppjclh,1.0
epppmnq,1.0
eppydnl,1.0
epqcwmt,1.0
epqgtfh,1.0
epqjmzz,1.0
epqpuyt,1.0
eprmsel,1.0
epryhkq,1.0
eprzrvo,1.0
epsjmaw,1.0
epsljqh,1.0
epsmwqm,1.0
epssrtf,1.0
epstdqv,1.0
epsuhij,1.0
epsztbj,1.0
eptvunp,0.0
eptvzsm,1.0
epupwqr,1.0
epurkji,0.0
epurmka,1.0
epuwlhp,1.0
epvcwnt,0.0
epvlgbp,0.0
epvqgie,0.0
epvsvvz,1.0
epvterr,1.0
epwjpli,1.0
epwuklt,1.0
epydzay,1.0
epymlvx,0.0
epzpnht,0.0
epzyeed,1.0
epzzqxu,0.0
eqagydt,1.0
eqahiyb,1.0
eqahnne,1.0
eqamset,1.0
eqarsem,1.0
eqbclxg,1.0
eqcpepx,1.0
eqcqpbm,1.0
eqcqtyn,1.0
eqcsbce,0.0
eqctixa,0.0
eqcurjq,1.0
eqdbdnm,0.0
eqdguap,1.0
eqdzkow,0.0
eqelrsn,1.0
eqeodlb,1.0
eqeqpxg,1.0
eqetowk,1.0
eqevrje,1.0
eqexwcn,1.0
eqfcakd,1.0
eqfevws,1.0
eqfnqrz,1.0
eqfqfmp,1.0
eqfrjok,0.0
eqgprka,1.0
eqgqxyz,1.0
eqhahaq,1.0
eqhfaet,1.0
eqhntdj,0.0
eqhsmmj,0.0
eqhztlp,1.0
eqiejsu,1.0
eqihybw,1.0
eqikxjv,1.0
eqiulyr,1.0
eqjklls,1.0
eqjxrpw,0.0
eqlfoim,1.0
eqlikyh,0.0
eqlzaaq,0.0
eqnmjrv,0.0
eqodcgv,1.0
eqohlxd,1.0
eqojvwk,1.0
eqokidi,0.0
eqoqowx,1.0
eqoyvzq,1.0
eqpjlxn,0.0
eqpkpcd,1.0
eqpqglr,0.0
eqpsibs,1.0
eqpzwbd,0.0
eqqxyxh,1.0
eqrdpbv,1.0
eqroapu,1.0
eqscjpt,1.0
eqsiege,1.0
eqsmcep,1.0
eqsoubo,1.0
eqsplgz,1.0
eqsrnwm,1.0
eqsrvij,1.0
eqtbltz,0.0
eqtwzow,1.0
eqtxunu,1.0
equefhn,0.0
equitkk,1.0
equlkef,1.0
equmdym,0.0
equthlo,1.0
equwwcw,0.0
equzsfj,1.0
eqvixcc,1.0
eqvzqzs,0.0
eqwchby,1.0
eqwehmv,1.0
eqwhsot,1.0
eqwxahs,1.0
eqxeghp,1.0
eqxrpnb,1.0
eqyhzrb,1.0
eqyywof,0.0
eqzaqhk,0.0
eqzdmvm,1.0
eqzjakj,1.0
eqzjfdu,0.0
eqzliej,1.0
eqzmrvp,1.0
eqzsjsh,1.0
erajcxg,1.0
eratypr,1.0
eraxjyl,1.0
erbzloi,0.0
ercdmgl,1.0
erdipqm,1.0
erditsi,0.0
erdndfo,0.0
erdqlpz,1.0
erdvduw,0.0
erdxmox,1.0
erdysxo,0.0
erdzktk,1.0
erefttb,0.0
ereqbdn,0.0
erfbdsk,1.0
erfdcmx,1.0
erffahs,1.0
erfkdat,1.0
erfolgs,0.0
ergasce,1.0
ergmkpb,1.0
erhcihk,0.0
erhgcag,1.0
erhnhfz,0.0
erhppkp,1.0
erhuwea,0.0
eriknwx,1.0
erinjns,0.0
eriomqr,1.0
erivdpv,0.0
eriwmyj,1.0
erizmqe,0.0
erjncly,1.0
erjzqqb,0.0
erkimxi,1.0
erlaicw,1.0
erlfaru,1.0
erljuxp,1.0
erlwero,0.0
ermqzie,0.0
ermtnyu,1.0
ermufxg,0.0
ernjfdk,1.0
ernypgw,1.0
eroapyk,1.0
erogxap,1.0
eroscgw,1.0
erpljst,0.0
erplvev,1.0
erpmlxp,1.0
erpniax,1.0
erpsqds,1.0
erpvfgb,1.0
erqercn,1.0
erqmafi,1.0
erqwukg,1.0
erqxrsa,1.0
errepbb,1.0
erripis,0.0
erroaof,1.0
erruklx,0.0
errzwfh,1.0
ersduom,1.0
erswqho,1.0
ersyphe,1.0
erszxqi,0.0
ertfull,1.0
ertgcde,1.0
erthpqs,0.0
ertpcsb,0.0
ertxmgs,1.0
erubtyf,0.0
eruzagr,1.0
ervcmaq,0.0
ervmbkq,0.0
ervqtlv,1.0
ervrqmn,1.0
ervwwrh,1.0
ervxgdd,0.0
ervyzoy,1.0
erweasf,1.0
erwknwk,1.0
erwnzgi,1.0
erwqhef,1.0
erwuazh,1.0
erwuggk,1.0
erwvsod,0.0
erxfagb,1.0
erxgvbo,1.0
erxuhem,0.0
erygdqd,1.0
erykkmm,1.0
eryrwcp,0.0
erzbemi,1.0
erzjvmq,0.0
erzkjxr,0.0
erzzykd,1.0
esaibnf,1.0
esautzl,0.0
esblpis,0.0
esbndyd,0.0
esbojdf,1.0
esbrhiq,1.0
esbvyjg,0.0
escgwqq,1.0
esdubta,1.0
esdylsp,1.0
esdytat,1.0
eseiunh,0.0
eselzku,0.0
esenygk,1.0
esepllf,1.0
esfafuw,0.0
esfpgcc,0.0
esftyaz,1.0
esfzdzk,0.0
esfzosw,1.0
esghmcz,1.0
esgleji,1.0
esgmrof,1.0
esgxuty,1.0
eshayim,1.0
eshgtqp,0.0
esijwlj,1.0
esiqkyt,0.0
esiskkp,0.0
esitthe,1.0
esjjopn,1.0
esjrjft,1.0
esjzfdu,1.0
eskbkxw,1.0
eskhzkv,0.0
eskohwx,1.0
eskpcyy,0.0
eskupyb,1.0
eslcmbi,0.0
eslegns,0.0
eslggle,0.0
eslrtqe,1.0
esluzpe,1.0
esmawnj,1.0
esmegef,1.0
esmkdhm,1.0
esnqirc,1.0
esnvkhu,1.0
esnzugo,1.0
esoalrr,1.0
esoicdz,0.0
esooyid,0.0
esoysac,1.0
espmcab,1.0
esponih,1.0
espykbk,1.0
espyqdv,0.0
esqbwyo,1.0
esqdxqz,0.0
esqlbql,1.0
esrabvj,0.0
esratan,1.0
esrbijw,0.0
esribbf,1.0
esrjmvb,1.0
esrjvxe,1.0
esrkgqz,0.0
esrlbhv,1.0
esrljct,0.0
esrtfat,0.0
esrtuky,1.0
esszfsq,1.0
estfwpv,0.0
estkiov,1.0
eststqw,1.0
esugpnz,0.0
esuktrw,1.0
esulvmv,1.0
esutopi,1.0
esuykcu,1.0
esvbhwr,1.0
esvgaev,1.0
esvkmeq,1.0
esvrfce,1.0
eswnsnd,1.0
esxipvs,0.0
esxkicx,0.0
esxvulk,1.0
esyfiil,0.0
eszhnvo,1.0
esznyrz,1.0
eszochh,0.0
esztcxf,1.0
eszuzmd,1.0
eszxccq,1.0
etaazfw,1.0
etaigma,0.0
etamqnc,1.0
etaomwn,1.0
etaquje,1.0
etaslyj,0.0
etawrmb,1.0
etaxdku,1.0
etayqck,0.0
etbzjov,1.0
etcahcv,1.0
etcazql,1.0
etcpmmx,0.0
etddvfy,1.0
etdhrld,1.0
etdqchm,0.0
etdtvnj,0.0
etealby,1.0
eteibnt,1.0
etepjbg,1.0
etetmlt,0.0
etevktn,1.0
etewkpr,1.0
eteygea,1.0
etfdofl,1.0
etfesbu,1.0
etffjtm,0.0
etflkcn,0.0
etggfrd,0.0
etghzoq,0.0
etglrfh,1.0
etgzfrd,1.0
ethbuiv,1.0
ethftvp,1.0
ethghfy,1.0
ethnsjo,1.0
ethpkvy,1.0
etiabqt,0.0
etilqbh,1.0
etipjpl,1.0
etiroue,1.0
etirqfw,1.0
etiuuei,0.0
etjhasf,0.0
etjkkah,0.0
etkqpxk,1.0
etllrda,1.0
etmqbnt,1.0
etmqcct,0.0
etnmnni,1.0
etnoteg,1.0
etnxvvf,0.0
etnxxsp,1.0
etofgsr,1.0
etphlos,1.0
etpvhfk,0.0
etpwfmj,0.0
etqbygk,1.0
etqdtbh,0.0
etqjkau,1.0
etqofrv,0.0
etqpsik,0.0
etqypcb,0.0
etrabdf,1.0
etrdvpi,0.0
etrgbed,1.0
etrqzmb,1.0
etryxaz,1.0
etshqbf,0.0
etsxczm,1.0
ettrjiu,0.0
ettxejg,1.0
etubwjf,0.0
etucxet,1.0
etukfov,1.0
etutpqf,1.0
etuyohd,0.0
etvahsv,1.0
etvfdul,0.0
etvlhft,1.0
etvlnzs,0.0
etvubcc,1.0
etvvhli,1.0
etwfkgc,1.0
etwhikp,1.0
etwrrjo,1.0
etwwxff,1.0
etxsvls,0.0
etywhoq,1.0
etyysch,1.0
etzcdgt,1.0
etzhcwz,1.0
etzsamz,1.0
euagaps,1.0
euanogh,1.0
eubdjli,0.0
eubistx,1.0
eubwbez,1.0
eubwmuz,1.0
eubxktz,1.0
eubxtet,1.0
eucfxbg,0.0
eucqdlv,1.0
euctorh,1.0
eucveac,1.0
eudgurt,1.0
eudniev,1.0
eudpxkw,1.0
eudyzgr,1.0
euecukv,1.0
euehmmn,0.0
eueohmo,1.0
euepbbb,0.0
euetiqh,1.0
eufgmux,1.0
euftmzp,0.0
eufvhoq,1.0
eugfpkh,1.0
eugmdgh,1.0
eugwmxp,1.0
euhgmqu,1.0
euhiogh,1.0
euhmjvb,1.0
euicjzk,1.0
euicqdu,1.0
euieggm,1.0
euigdcu,1.0
eujkcbr,1.0
eujocrd,1.0
eujpuxc,0.0
eukglgk,0.0
eulamaq,0.0
eulfzry,1.0
eulfzva,1.0
euljecu,1.0
eumcgvb,0.0
eumwvps,0.0
eunfhoc,1.0
eungwgh,1.0
euoatdp,1.0
euomzes,1.0
euovtlm,1.0
euozxyw,1.0
eupavjx,1.0
eupgiky,0.0
eupphrs,1.0
eupwhlr,0.0
euqjuug,1.0
euqlvzv,1.0
euqooly,1.0
euqqibi,1.0
eurerrl,1.0
eusbwnc,1.0
eushyru,1.0
euslbon,0.0
euslpsx,1.0
eusncwh,1.0
eusswov,1.0
eusvbfj,1.0
eutdefk,1.0
eutiqag,1.0
eutjntv,0.0
eutlcfh,1.0
euugary,1.0
euvimrt,1.0
euvkupw,1.0
euwphsa,1.0
euwuwhx,0.0
euxblal,1.0
euxdtym,0.0
euxqgmd,1.0
euxwoal,0.0
euxwwrq,1.0
euxxbwz,0.0
euydsfu,0.0
euygkbu,1.0
euymajo,1.0
euyqudi,1.0
euywnka,1.0
euzezea,1.0
euzigsc,0.0
euzlyxr,1.0
euzrdoq,1.0
euzrwyo,1.0
euzvuze,0.0
evaekpf,1.0
evakedl,1.0
evakrqv,1.0
evatwpx,1.0
evbdslv,1.0
evbiqzl,1.0
evbrmsq,1.0
evbuooq,0.0
evcaryp,1.0
evcgsrr,1.0
evckoib,1.0
evcwllx,1.0
evdhmry,1.0
evdtkjb,1.0
evdugtl,0.0
eveaovb,1.0
evecjft,1.0
evfeagq,1.0
evfkygj,0.0
evfmhlx,1.0
evfrali,0.0
evfuafm,0.0
evfuunt,1.0
evgevnb,1.0
evgihqd,1.0
evgxytn,0.0
evhecao,1.0
evhgjrn,1.0
evhximf,1.0
evikdop,1.0
evisifk,1.0
evjbmpt,1.0
evjbtnt,1.0
evjvywf,0.0
evjwpda,1.0
evkafph,1.0
evkgvnn,1.0
evksdnu,0.0
evlpoqq,1.0
evlrfsl,1.0
evlzhfc,0.0
evmtfnh,1.0
evmzywi,1.0
evnayum,1.0
evnbffj,1.0
evnbzee,0.0
evncjgx,1.0
evngqdx,0.0
evnjesg,0.0
evobobs,1.0
evodqmf,1.0
evoeepf,1.0
evoidkz,1.0
evoprgc,1.0
evoztxk,1.0
evpjlfc,1.0
evpkvvf,0.0
evqotjf,1.0
evrbuef,1.0
evrdjpv,0.0
evrdqgz,0.0
evromkq,0.0
evrpwdp,1.0
evrrdqt,0.0
evrsszj,1.0
evrxahb,1.0
evsfhka,1.0
evsnmgq,1.0
evtavty,1.0
evtclwd,1.0
evtolrw,0.0
evtrrbi,1.0
evtruhm,1.0
evukymp,1.0
evupyto,1.0
evuuauf,1.0
evvgbkr,1.0
evvnmdk,0.0
evwbvcj,1.0
evwgpfh,1.0
evwmewl,1.0
evxempn,1.0
evxkoxy,1.0
evxppyq,1.0
evxzxur,1.0
evyakpl,0.0
evybtwy,1.0
evyplwu,1.0
evzgewb,1.0
evzgxtg,1.0
evzlgzz,1.0
evzlvxr,1.0
evzqgmi,1.0
evztiai,1.0
evzyywt,1.0
ewakuux,1.0
ewbabad,1.0
ewbdnla,1.0
ewbkbct,0.0
ewboaqw,1.0
ewbohdu,1.0
ewbosya,1.0
ewccoax,1.0
ewchkvu,0.0
ewczwoy,1.0
ewehypu,1.0
ewelvcy,1.0
ewemcen,1.0
ewenqbx,1.0
ewepdfh,1.0
ewetjek,1.0
ewevxad,0.0
ewfejmp,0.0
ewfgqdw,1.0
ewfnzsy,1.0
ewfodyr,0.0
ewgdsgx,1.0
ewgibkd,0.0
ewgodvy,0.0
ewgolhw,0.0
ewgzlsu,1.0
ewhdmtl,1.0
ewhojff,1.0
ewhsmtd,1.0
ewhxolt,1.0
ewicadn,0.0
ewiewot,1.0
ewigaxv,1.0
ewissfh,1.0
ewitubs,1.0
ewjeiuq,1.0
ewjonvf,1.0
ewjxopy,0.0
ewkmgim,1.0
ewlczaa,1.0
ewlppvb,1.0
ewmehbh,1.0
ewmicjo,0.0
ewmvefq,0.0
ewnxamq,1.0
ewofqnb,1.0
ewogbim,1.0
ewoifzn,0.0
ewojiuz,1.0
ewootkp,1.0
eworwxz,0.0
ewoulfr,0.0
ewowewn,0.0
ewoydbr,1.0
ewpbhdk,0.0
ewpgmcz,1.0
ewpihvi,1.0
ewpjhgd,0.0
ewpkxbf,1.0
ewqhjza,1.0
ewrcnqp,1.0
ewrcuzf,0.0
ewrwrfh,1.0
ewsbbzy,1.0
ewsnmbj,1.0
ewsrwoj,1.0
ewssrps,1.0
ewsvgzq,1.0
ewsxxnm,1.0
ewtifak,1.0
ewtpnep,1.0
ewtqcjn,1.0
ewtuxnv,1.0
ewuajdv,1.0
ewubwwi,1.0
ewucioq,1.0
ewurfpt,1.0
ewuvhwa,1.0
ewuvifv,1.0
ewvfqyy,1.0
ewvkhfo,1.0
ewvkjfq,1.0
ewvppmx,1.0
ewvtgnq,0.0
ewvuogx,1.0
ewwaelz,0.0
ewwjivz,1.0
ewxfgpt,1.0
ewxiwul,1.0
ewxuuyu,1.0
ewxxywe,0.0
ewzfyuz,0.0
ewzwrtg,0.0
exabzii,0.0
exahbuy,0.0
exayzjv,0.0
exbckgi,1.0
exbiwkg,1.0
exbmuxr,1.0
excaldp,1.0
excgcpa,1.0
excgmib,1.0
exdhwlo,1.0
exdpurh,1.0
exejfqb,1.0
exenlhm,1.0
exfjgeh,1.0
exfmlsb,1.0
exfpkmf,0.0
exfsaow,1.0
exfurio,1.0
exfurvw,0.0
exgjtqj,0.0
exglckm,0.0
exgnbjn,1.0
exgrvnw,0.0
exgwkow,1.0
exgwquv,0.0
exhfvdu,1.0
exhrsmf,1.0
exhwjbv,1.0
exifaoc,0.0
exikavz,1.0
exilbev,1.0
exitety,0.0
exivkdo,1.0
exiwrkj,1.0
exixcqu,0.0
exiyxzo,1.0
exjecnu,1.0
exjjsly,1.0
exjphrs,1.0
exjpzlo,0.0
exjxitl,0.0
exkkecd,1.0
exknndu,1.0
exkrqbl,1.0
exkyqoe,1.0
exlbumf,0.0
exliwac,1.0
exljenc,1.0
exmlkkk,0.0
exmrxph,0.0
exnqmsw,1.0
exnrmuk,1.0
exnyeil,1.0
exoicmw,0.0
exomvuj,1.0
exothuk,0.0
exowvel,1.0
expkajv,1.0
explnri,0.0
expmcue,1.0
exputzw,0.0
expyzlx,0.0
exqdfei,1.0
exqgrko,1.0
exqvjdv,1.0
exrbyzf,0.0
exrthyl,1.0
exsmasy,0.0
exstwkb,0.0
exttkiy,0.0
extwrpd,1.0
extxioc,1.0
exulaeu,1.0
exvhzwd,1.0
exvkatt,1.0
exvvlty,1.0
exvymfs,1.0
exwbaic,0.0
exwptug,1.0
exwyosw,0.0
exxdhww,0.0
exxfgow,1.0
exxiowk,1.0
exxxaic,1.0
exxzkuw,1.0
exyujbw,1.0
exzngaf,0.0
exztkte,1.0
exzuvks,1.0
eyacoyl,1.0
eyaihql,0.0
eyauden,0.0
eyavzwg,1.0
eybkyml,1.0
eyblrhc,0.0
eybnnjn,0.0
eycmvtl,1.0
eyczmpt,0.0
eyduhzi,0.0
eydxkem,1.0
eydxmna,1.0
eyeblmc,1.0
eyeczif,0.0
eyfjssj,1.0
eyfvesb,0.0
eygxgiy,1.0
eygyoim,0.0
eyhctcj,1.0
eyhsmpt,0.0
eyhsoxy,1.0
eyiacro,1.0
eyikjoc,1.0
eyiqctn,1.0
eyivurv,1.0
eyjjcjr,1.0
eyjkkau,0.0
eyjogmr,1.0
eyjsqux,0.0
eyktthu,1.0
eykttyn,1.0
eykyybc,1.0
eylccxb,1.0
eylgitv,0.0
eylkkak,0.0
eylnvcp,1.0
eylqbfz,1.0
eylzcpi,1.0
eymtdon,1.0
eymvibj,0.0
eynjawk,1.0
eynrwyq,0.0
eynuufn,0.0
eyofsny,0.0
eyopsxx,1.0
eyoslhm,1.0
eypeohf,0.0
eyphmjf,0.0
eypmgth,1.0
eypmptr,1.0
eypodgi,1.0
eypqxgj,1.0
eypvmhd,1.0
eyqeopt,1.0
eyqjuiw,0.0
eyqyhtm,1.0
eyredvs,1.0
eyrfbwk,0.0
eyrlzgv,0.0
eyrqotp,0.0
eyrqvkg,1.0
eysitrg,1.0
eyskgyg,1.0
eysrlew,1.0
eyssfrj,1.0
eystxwu,1.0
eysuwyw,0.0
eyswwha,1.0
eytnggj,1.0
eyttgmu,1.0
eytuarq,1.0
eyupfdr,1.0
eyutrpz,0.0
eyuuoiy,1.0
eyvcgvg,0.0
eyvdnbc,1.0
eyvegjn,0.0
eyveken,1.0
eyvfyjj,1.0
eyvkpwf,1.0
eyvksfs,1.0
eyvtyzl,1.0
eyvwrsx,1.0
eywcnyp,1.0
eyweaei,1.0
eywemen,1.0
eywjmme,1.0
eywkmfn,0.0
eywqodl,0.0
eywvmpz,1.0
eyxdque,0.0
eyxeapv,1.0
eyxtynl,1.0
eyyjgan,1.0
eyykrdn,1.0
eyyyqpr,1.0
eyyzrjp,1.0
eyzfgph,1.0
ezaefqb,0.0
ezahgdk,1.0
ezansjf,0.0
ezaozlx,1.0
ezarfyg,1.0
ezazfok,0.0
ezazzjx,1.0
ezbaepa,1.0
ezbamvg,1.0
ezbmhuy,1.0
ezbuzdz,1.0
ezcbygf,0.0
ezcchhx,0.0
ezcjbgi,1.0
ezcjzpp,1.0
ezcqvec,0.0
ezcvpwh,1.0
ezdbggi,1.0
ezdbmin,1.0
ezdscjx,1.0
ezdyrkx,1.0
ezeeoyp,1.0
ezefufx,0.0
ezeqgbj,1.0
ezezree,1.0
ezfazpy,1.0
ezfesuk,1.0
ezgmkiq,1.0
ezgryhk,1.0
ezguprg,1.0
ezgynqz,0.0
ezhacsp,1.0
ezhgoko,1.0
ezhihgv,1.0
ezhkyss,1.0
ezhlonb,0.0
ezhnect,1.0
ezhuajh,1.0
ezhvxnp,1.0
ezigkvk,1.0
eziooky,0.0
ezipsbn,0.0
eziqgkj,0.0
ezjuweq,0.0
ezjyeey,1.0
ezkgybm,1.0
ezlcelx,1.0
ezlnvxy,0.0
ezlostl,1.0
ezlvzwb,1.0
ezmhwtc,0.0
ezmlcoo,0.0
ezmufqw,1.0
ezmymnf,1.0
ezmywtb,0.0
eznfqvn,1.0
eznjicc,1.0
ezofsiv,1.0
ezohmcc,1.0
ezphwei,1.0
ezprofp,0.0
ezptdxv,1.0
ezqknmc,0.0
ezqksvt,0.0
ezqtcli,1.0
ezqtwrw,1.0
ezrljha,0.0
ezsfxme,1.0
ezsoybe,1.0
ezsrmrh,0.0
ezswdze,1.0
eztcktw,0.0
eztwabu,1.0
ezukwsw,1.0
ezurlxx,1.0
ezuwwiw,1.0
ezvfsmt,0.0
ezwdsqu,1.0
ezwjfqf,1.0
ezxcnal,1.0
ezxctnu,0.0
ezxelkx,1.0
ezxoxkk,1.0
ezxpsmf,1.0
ezxsgfh,1.0
ezxvqgr,1.0
ezycvsv,1.0
ezyenjk,1.0
ezymeum,1.0
ezyngib,1.0
ezyyofn,1.0
ezyyuyt,1.0
ezziycl,0.0
ezznsqk,1.0
ezzswko,1.0
ezzyogg,1.0
faalrcq,1.0
faataqb,0.0
fabakou,0.0
fabuqmk,0.0
facghfq,1.0
faculyt,1.0
facyhct,1.0
fadaukp,1.0
fadhohr,0.0
fadnqid,0.0
faegekn,0.0
faekgfq,0.0
faeqcuq,1.0
faevmpd,1.0
fafqald,1.0
fagkfqe,0.0
fagognx,0.0
fahmjjb,1.0
fahnlmc,0.0
fahpsxd,1.0
fahqhal,0.0
fahvrqt,1.0
faibhpk,1.0
faidxso,1.0
faijrju,1.0
fainlzi,1.0
faivuco,1.0
fajjsmx,1.0
fajsusy,1.0
fajvmmw,1.0
fajzbzd,1.0
fakdujl,1.0
fakgdek,1.0
faklpzm,0.0
falhvrd,1.0
falhzet,1.0
famacmy,0.0
famcflw,1.0
fankbvj,0.0
fankuux,1.0
fanpbcz,1.0
faofvuz,1.0
faogblt,0.0
faonmpj,1.0
faoqfpy,1.0
faorqhp,0.0
fapdpnw,1.0
fapvket,1.0
fapvmts,1.0
fapznte,1.0
faqfqwz,1.0
faqibmu,0.0
faqxmee,0.0
faqybia,1.0
faragnj,1.0
fargewy,1.0
farkdwv,0.0
farknxd,1.0
farmrmk,0.0
faskgav,1.0
fatmrlq,1.0
fatuyja,1.0
fatxzhk,1.0
fatztqp,1.0
faufkjs,0.0
fauuynx,0.0
fauxzmj,0.0
favcrhu,0.0
favniyr,0.0
favvukt,1.0
fawbcup,1.0
fawuzwd,1.0
fawvhcp,1.0
fawzwok,1.0
faxglcd,1.0
faxgyzp,1.0
faxnrbq,0.0
faxnxnt,1.0
fayrzbi,1.0
fayzhxu,1.0
fazcfrd,0.0
fazldzt,0.0
fazvnxc,1.0
fbabvxh,1.0
fbadtdm,0.0
fbaegvg,0.0
fbalkmr,1.0
fbaxwlk,1.0
fbazvcl,1.0
fbbbwfp,0.0
fbdapzt,0.0
fbdrbot,1.0
fbdtvsz,0.0
fbdyrgk,1.0
fbeaiaz,1.0
fbeilpw,1.0
fbemxwj,1.0
fbenrjf,1.0
fbfeeff,1.0
fbfjcel,0.0
fbflptp,1.0
fbfmuzm,1.0
fbgqnhf,0.0
fbgvmgb,1.0
fbgyatg,0.0
fbhbfmq,1.0
fbhrsch,1.0
fbhufoy,1.0
fbhutsv,1.0
fbhyodc,1.0
fbibdoo,1.0
fbjesem,1.0
fbjmuom,1.0
fbjtlue,1.0
fbjwvqu,1.0
fbkleqd,1.0
fbkpjdt,0.0
fblktdx,1.0
fblrdby,1.0
fbmkpff,1.0
fbmpdis,1.0
fbmpopo,1.0
fbnaoel,0.0
fbnqium,1.0
fbnrren,0.0
fbocykb,0.0
fboyorz,0.0
fbpmekw,1.0
fbpmmrq,1.0
fbpwjdd,0.0
fbpxeiz,1.0
fbqevkl,0.0
fbqqoal,0.0
fbqsjga,1.0
fbqvohz,0.0
fbreuwo,0.0
fbrxejb,1.0
fbrzyig,1.0
fbskkbg,0.0
fbsohdq,1.0
fbtqyxk,1.0
fbutmmu,0.0
fbutuna,1.0
fbuxsfk,1.0
fbuxuau,1.0
fbvasio,0.0
fbwaody,1.0
fbwctqi,1.0
fbwzyjo,0.0
fbxhanp,0.0
fbxmtoj,0.0
fbxqbdh,1.0
fbycodq,1.0
fbyruvk,0.0
fbywfbs,1.0
fbyzpvu,1.0
fbzhhok,1.0
fbzhuro,1.0
fbzowox,0.0
fbzujwb,1.0
fcabdhw,0.0
fcahaut,0.0
fcartdk,1.0
fcatopj,0.0
fcayycz,1.0
fcbcgjq,1.0
fcbsfrp,1.0
fcckhwt,0.0
fcckxlf,1.0
fccqclz,1.0
fccuece,1.0
fcdglax,0.0
fcdyifj,1.0
fcfjauk,1.0
fcfrjky,1.0
fcgbzfg,1.0
fcgdtau,1.0
fcghmkk,1.0
fcghuxh,1.0
fcgvgph,1.0
fchdbgk,1.0
fchimcc,0.0
fchposs,1.0
fchxyqx,1.0
fciapme,0.0
fcigwbg,1.0
fcikfoh,0.0
fciliyb,0.0
fcinrzs,1.0
fcizmla,1.0
fcjbell,1.0
fcjksnr,1.0
fcjlhnv,1.0
fcjppxy,0.0
fcjsmmy,0.0
fckegmi,1.0
fckkjsa,1.0
fckroen,1.0
fckuzfr,1.0
fclepdz,1.0
fclmvnf,1.0
fclrfzy,0.0
fclxgcx,0.0
fclzkwt,1.0
fcmeleq,1.0
fcmevmq,1.0
fcmghzs,1.0
fcmrjsr,1.0
fcmybma,0.0
fcnjuio,0.0
fcnsqug,0.0
fcnsrgg,1.0
fcodbtw,0.0
fcomcgm,1.0
fcoodel,0.0
fcookwc,1.0
fcortrk,1.0
fcoshnk,0.0
fcoupro,1.0
fcoytad,0.0
fcpafpv,1.0
fcpgwhm,1.0
fcpqtza,1.0
fcpudro,0.0
fcpxwhx,1.0
fcqmjnu,1.0
fcqyubw,1.0
fcrnuzs,1.0
fcrtanv,1.0
fcrzrsk,0.0
fcsdpci,1.0
fcsgygw,1.0
fcslwut,0.0
fcsowva,1.0
fcspzjd,0.0
fcsuyzq,1.0
fcswoue,1.0
fcsxixc,0.0
fctcubn,1.0
fctreko,1.0
fctsjtx,0.0
fctszfc,1.0
fcuwted,1.0
fcvmshb,1.0
fcvqqwc,1.0
fcvuqtp,0.0
fcvvnhe,1.0
fcvzitr,1.0
fcwqcst,1.0
fcwtkqv,1.0
fcyaarb,1.0
fcykoxg,0.0
fcyyijm,1.0
fczbwna,1.0
fczfowp,1.0
fczsfqo,1.0
fczyukl,1.0
fczyvnw,1.0
fdazwoj,1.0
fdbebvu,1.0
fdbwnyr,0.0
fdbzsun,1.0
fdcawih,1.0
fdcehjj,1.0
fdchpvm,1.0
fdcmrww,1.0
fdcydjj,1.0
fddaybp,0.0
fdddmqa,1.0
fdddxry,1.0
fddimur,0.0
fddqojx,0.0
fddxcxl,1.0
fddzklu,1.0
fdebcwg,0.0
fdeltlo,1.0
fdesjyt,1.0
fdfhieu,1.0
fdfjnzz,1.0
fdfsvuy,1.0
fdglynl,1.0
fdgrlza,0.0
fdgwpws,1.0
fdgyode,1.0
fdhasvv,1.0
fdhkvmq,0.0
fdigidg,1.0
fdivgrc,0.0
fdivksi,0.0
fdiwdgg,1.0
fdixzto,0.0
fdjmlfv,1.0
fdjwqrb,1.0
fdjxanf,1.0
fdjycfi,0.0
fdkbzdq,1.0
fdkdewc,1.0
fdkdhrd,1.0
fdkecvg,1.0
fdkjlok,1.0
fdkkicq,1.0
fdkoeiz,1.0
fdkruiz,1.0
fdlagnu,1.0
fdlclxc,1.0
fdlhgrx,1.0
fdlhnpt,1.0
fdlimfv,1.0
fdlkpsn,1.0
fdllcun,1.0
fdlmkyr,0.0
fdlrpqp,0.0
fdltptx,1.0
fdmxpoe,0.0
fdnbyrt,0.0
fdnntxo,1.0
fdnsllr,1.0
fdnupde,1.0
fdnupgs,1.0
fdnwchw,1.0
fdnyrjw,1.0
fdoqcgy,1.0
fdorqja,1.0
fdoupgt,1.0
fdoymvn,0.0
fdozfia,0.0
fdoziou,1.0
fdpbewc,0.0
fdpbxmk,1.0
fdpkopv,1.0
fdpttnz,1.0
fdputjw,0.0
fdqjwxq,1.0
fdqxbtd,0.0
fdqyhii,0.0
fdrcsqb,1.0
fdrcsux,1.0
fdrglez,1.0
fdrrmcl,1.0
fdrryzf,0.0
fdrxgju,1.0
fdrxrbl,1.0
fdslvgu,1.0
fdtchsf,1.0
fdtcrdx,1.0
fdtculx,0.0
fdtdgua,0.0
fdtmgjr,1.0
fdtpawj,1.0
fdtppex,0.0
fdtrjgh,1.0
fdtugax,1.0
fdubkfo,1.0
fducahv,1.0
fdudpbj,1.0
fduuthk,0.0
fduwrrf,0.0
fduyazv,1.0
fdvdjno,1.0
fdvjcgp,1.0
fdvyzpl,1.0
fdvzjkq,0.0
fdwxlat,0.0
fdxabut,1.0
fdxktzo,1.0
fdxmael,1.0
fdxyiuf,0.0
fdyqxjj,0.0
fdzcdwl,1.0
fdziras,0.0
fdzklxi,1.0
fdzmknn,1.0
fdzpqlk,1.0
fdztnau,0.0
feajtdh,1.0
feastyw,1.0
feaycdu,0.0
febcotr,1.0
febonlo,0.0
febqbrr,1.0
febqwsa,0.0
febsycu,0.0
febxjnx,1.0
feciggb,1.0
fecsoil,0.0
fecxygh,1.0
feditns,1.0
fedvzkq,1.0
feebpni,0.0
feevtye,1.0
fefaxri,1.0
feffozi,1.0
feffsyj,0.0
fefitlq,0.0
feflwbi,1.0
fefnsvp,0.0
feftpze,1.0
fefvlif,1.0
feglytm,0.0
fegqshr,0.0
fehdhuc,1.0
fehfvgb,1.0
fehnrfm,1.0
fehwhyp,1.0
fehxfdm,1.0
feibkzf,1.0
feiiwoh,1.0
feirojt,1.0
feiskwr,0.0
feizlgs,1.0
fejeeni,0.0
fejgill,1.0
fejjwoe,0.0
fejmtyj,1.0
fekhkes,0.0
fekrsbo,1.0
fekxudz,1.0
felchly,1.0
felnyog,1.0
felzglg,0.0
felztey,1.0
felzyse,0.0
femrufl,1.0
femstng,1.0
femtrjg,1.0
fenifkd,1.0
fenkoli,1.0
fentekh,1.0
fenyptt,1.0
fenzgyg,0.0
feoancg,1.0
feobuof,0.0
feopkjq,0.0
feotbfj,1.0
feovexh,0.0
feplgwm,1.0
fepncpx,1.0
fepposu,1.0
feqdnmm,1.0
feqqwlk,1.0
feqrzcr,1.0
feqshry,1.0
feqvyri,1.0
feqzzur,1.0
ferizjq,1.0
fervbtr,1.0
festker,0.0
fetcwua,1.0
fethudl,0.0
feubokt,1.0
feuejvz,1.0
feujfbn,0.0
feuowxr,1.0
fevdiub,1.0
fevekux,1.0
fevlvxr,1.0
fevtctl,0.0
fewdydd,0.0
fewitml,0.0
fexcnim,1.0
fexertl,1.0
fexpado,0.0
feymxyh,1.0
feyxbid,0.0
fezniue,0.0
ffacbvp,0.0
ffadwng,0.0
ffarexh,0.0
ffazuqq,1.0
ffbcftb,1.0
ffbjdjf,1.0
ffbovbm,1.0
ffbozbj,1.0
ffbpdsi,1.0
ffccnec,1.0
ffcebey,1.0
ffchafj,1.0
ffclqgj,0.0
ffcrqpq,1.0
ffdftet,0.0
ffdwjqu,1.0
ffeaddh,1.0
ffeqkdo,0.0
fferbwp,1.0
ffevgnl,1.0
fffqjbd,1.0
fffrywg,1.0
fffugdf,1.0
fffxbnw,1.0
ffgxuzk,1.0
ffhcxks,0.0
ffhoopl,1.0
ffhopot,0.0
ffhrpol,1.0
ffhrvkd,1.0
ffhwxon,1.0
ffiflef,0.0
ffilovb,0.0
ffivyst,0.0
ffixcea,1.0
ffixofo,1.0
ffjbuki,1.0
ffjchwv,1.0
ffjddoi,1.0
ffjpeni,0.0
ffjvaiz,0.0
ffjzgoo,1.0
ffkjbxe,0.0
ffkmfuv,1.0
ffkptek,1.0
ffkyuan,0.0
fflcphc,1.0
fflgxhb,1.0
ffltjsg,1.0
fflvayu,0.0
ffmjacx,1.0
ffmkuox,1.0
ffneffb,1.0
ffnxqmb,1.0
ffolbsc,0.0
ffotose,0.0
ffpveqi,1.0
ffpxqkm,0.0
ffqzxyu,1.0
ffrbufe,1.0
ffrbvim,0.0
ffrzlnt,1.0
ffsbjun,1.0
ffspiaf,0.0
ffsrxih,1.0
ffszwei,1.0
ffteblp,1.0
fftgfwt,0.0
fftibsr,1.0
ffukpzv,1.0
ffulbbu,1.0
ffupwpx,1.0
ffuyjre,1.0
ffuyyhg,0.0
ffvjzld,1.0
ffvtgra,1.0
ffwddef,1.0
ffwdjtq,1.0
ffwfomh,1.0
ffxqwee,1.0
ffyxdzf,1.0
ffzryyx,0.0
ffzsjtm,1.0
ffzvuok,1.0
ffzygpj,1.0
ffzyxkp,0.0
fgagdpq,1.0
fgatbic,1.0
fgawseb,0.0
fgcbvpc,1.0
fgclstl,1.0
fgcrnpy,0.0
fgcxjhf,1.0
fgczewa,0.0
fgczvzr,1.0
fgdaxwy,1.0
fgdjlak,0.0
fgdnoth,1.0
fgdojgl,1.0
fgdzzdo,0.0
fgeaqjx,1.0
fgefzko,0.0
fgegvau,1.0
fgeotge,0.0
fgfxxoy,1.0
fgfzdud,0.0
fggdmjs,1.0
fggflmb,1.0
fggseru,1.0
fggxlgy,1.0
fghdprg,1.0
fghjnsv,1.0
fghrkxh,1.0
fgifkcu,1.0
fgifuuq,0.0
fgikfok,1.0
fginuka,0.0
fgiuqui,1.0
fgixpof,1.0
fgjewwq,0.0
fgjmjhx,0.0
fgjnilv,1.0
fgjqjqa,1.0
fgkigpg,0.0
fgkkbhl,0.0
fgknmyl,1.0
fgkqsxd,0.0
fgkudcw,0.0
fgkvmei,0.0
fglfmxk,0.0
fglyahf,1.0
fgmklwq,0.0
fgmqewi,0.0
fgmuhyx,1.0
fgnbyuj,1.0
fgnrnpk,1.0
fgofnrv,0.0
fgolysp,1.0
fgomuzt,0.0
fgonyzl,1.0
fgooeqw,1.0
fgpfwaa,0.0
fgphpqx,1.0
fgpvgjz,1.0
fgpytsh,1.0
fgqabvu,1.0
fgqbggl,1.0
fgqihdo,1.0
fgraciu,0.0
fgrhhpc,1.0
fgrogha,1.0
fgskizz,1.0
fgskmwn,1.0
fgslemv,1.0
fgswfnb,1.0
fgthmqz,1.0
fgtmhzu,0.0
fgtnvjj,1.0
fgtomem,1.0
fgtsjps,1.0
fgukikl,1.0
fgupnms,1.0
fguqhhe,1.0
fgutuis,1.0
fguwjbr,1.0
fguzlna,1.0
fgvkgsr,1.0
fgvsiwd,1.0
fgvxuvx,1.0
fgwairi,0.0
fgwejhm,0.0
fgwiyjm,1.0
fgxcsin,0.0
fgxjegp,1.0
fgxjfhm,1.0
fgxkhel,1.0
fgxrvla,1.0
fgxucpk,1.0
fgxwfns,0.0
fgxwhpp,1.0
fgxydsu,1.0
fgydegu,0.0
fgykwza,0.0
fgzakyv,1.0
fgzkzfb,1.0
fgzqqmn,1.0
fgztuod,1.0
fgzwpeo,1.0
fgzzgln,1.0
fhawesw,1.0
fhbncpk,0.0
fhbxblv,1.0
fhcafpw,1.0
fhcfnfu,1.0
fhcjldy,1.0
fhdesrg,1.0
fhdewqs,1.0
fhdwkzz,1.0
fhehmbt,1.0
fhenftr,0.0
fherjyj,0.0
fhfcwkl,1.0
fhforoc,1.0
fhfqjxy,0.0
fhfqmez,1.0
fhfxwkz,1.0
fhgktfs,1.0
fhgncqh,1.0
fhgnfga,1.0
fhgppmw,1.0
fhgqqii,1.0
fhgskmp,0.0
fhhkhxf,1.0
fhhlgmf,1.0
fhibpsf,1.0
fhifoja,0.0
fhigqbo,1.0
fhigyof,0.0
fhiktgx,1.0
fhjafer,1.0
fhjjuiw,0.0
fhjopjy,1.0
fhjqibw,1.0
fhjwhqk,1.0
fhkkces,1.0
fhklqow,0.0
fhkmlta,1.0
fhkxjzz,1.0
fhlznio,1.0
fhmrluq,1.0
fhmtmyz,1.0
fhmzcbl,1.0
fhmzzqd,0.0
fhnasof,1.0
fhnfdof,1.0
fhngpzt,1.0
fhnigye,1.0
fhnmryb,1.0
fhnrwvm,1.0
fhodomv,1.0
fhojudu,1.0
fhorqva,1.0
fhozlvj,1.0
fhpirlw,1.0
fhpwgco,1.0
fhqdyax,0.0
fhqqqed,1.0
fhqtnnr,1.0
fhrcpsk,1.0
fhrgdxj,1.0
fhrluvj,1.0
fhrpeqt,1.0
fhspjfy,1.0
fhswstm,1.0
fhtvpxl,1.0
fhtxemk,1.0
fhubvjl,1.0
fhudbpn,1.0
fhuexur,1.0
fhujcos,1.0
fhumzcg,1.0
fhurrfg,1.0
fhuvfge,1.0
fhuxggu,1.0
fhvjuhy,0.0
fhvlvql,0.0
fhvondf,1.0
fhvrkqt,1.0
fhvsblg,0.0
fhwfzer,0.0
fhwqrhq,1.0
fhwqtyj,1.0
fhxcbwr,0.0
fhxraxq,1.0
fhxtxol,1.0
fhxxccd,0.0
fhxycit,1.0
fhybyru,1.0
fhyjgiy,0.0
fhynebg,1.0
fhyrvst,1.0
fhywfvf,1.0
fhzfisn,0.0
fhzsslf,1.0
fiaamsf,0.0
fiafkur,0.0
fiampzj,0.0
fianypz,1.0
fiaogmv,0.0
fiarjeh,1.0
fiarqxh,1.0
fibbwjt,1.0
fibigsd,1.0
fibkhtc,1.0
fibmllc,1.0
fibzybn,1.0
ficdsxz,0.0
ficjqqb,0.0
fidrdnl,1.0
fidrzxq,0.0
fidsbts,1.0
fieescy,1.0
fiefdkk,1.0
fiemtre,1.0
fieqyje,1.0
fifflxo,0.0
fifglle,1.0
fifjatu,1.0
fifosvv,1.0
figbtou,0.0
fighjma,1.0
figirif,0.0
fignxyy,0.0
fihixdk,1.0
fiibtbb,1.0
fiieayu,1.0
fiiewpa,1.0
fijcfii,1.0
fijgklq,1.0
fijjgnz,1.0
fijmhsq,1.0
filluin,1.0
filmwfw,0.0
filodkk,0.0
filovne,1.0
filssdf,0.0
fimgsnd,1.0
fimmchk,1.0
fimsnaq,1.0
fimvjru,1.0
fimxqpp,1.0
finfmkv,1.0
fintjmi,1.0
finxfee,0.0
fiodwuk,1.0
fiofuhm,0.0
fiopkzp,0.0
fiowbdx,1.0
fipcqsn,1.0
fipexcn,1.0
fiqfjud,0.0
fiqhwzu,1.0
fiqnkbx,1.0
fireqjs,0.0
firujbz,0.0
fiseuxx,1.0
fiteaow,1.0
fitfihg,1.0
fitzetj,0.0
fiuhmzr,1.0
fiuozpt,1.0
fiuqxsa,0.0
fiurdvy,1.0
fiuzvif,1.0
fivbfcm,1.0
fivcpdt,1.0
fivkdbh,1.0
fivwlds,0.0
fivwtow,1.0
fivxbim,1.0
fiwcjpm,1.0
fiwhqqb,0.0
fiwmhcq,1.0
fiwmymp,1.0
fiwxcoz,1.0
fiwzfip,1.0
fiwzqli,1.0
fixbysa,1.0
fixptxe,0.0
fixtqgx,0.0
fixyikt,1.0
fiymquu,1.0
fiyrmna,0.0
fiyxhgo,1.0
fizabyr,1.0
fizdiba,1.0
fizewtd,0.0
fizfzxy,0.0
fizprwp,0.0
fizrfeq,0.0
fizxggs,1.0
fizzvtp,1.0
fjagqrg,1.0
fjahibr,1.0
fjamqhw,1.0
fjbiyry,0.0
fjbspkx,1.0
fjbuuei,0.0
fjccerz,0.0
fjchkzj,1.0
fjcnvbr,0.0
fjcuoke,0.0
fjcwnrv,1.0
fjdmwoo,0.0
fjdnrct,1.0
fjdovfp,1.0
fjdwspi,1.0
fjdydjj,1.0
fjdyfme,1.0
fjeebxo,1.0
fjefrvz,1.0
fjeizmj,1.0
fjeqolo,0.0
fjeqyee,1.0
fjevpfi,1.0
fjfdrpn,1.0
fjfdsio,1.0
fjfkhbj,1.0
fjgeggl,1.0
fjghxtr,1.0
fjgmxwi,0.0
fjgtwwn,1.0
fjgvbzy,1.0
fjhgiqz,1.0
fjhhbmk,1.0
fjhipej,0.0
fjhskvr,1.0
fjhunzr,1.0
fjhvenz,1.0
fjhzpre,0.0
fjihylh,1.0
fjjchwm,0.0
fjjomgr,1.0
fjjvjof,1.0
fjjvwnt,1.0
fjkncuy,1.0
fjkwfef,1.0
fjlenry,0.0
fjlhvik,1.0
fjmgvrf,1.0
fjmubph,1.0
fjmxecz,1.0
fjngiih,0.0
fjnhxqv,1.0
fjnskal,1.0
fjobawu,1.0
fjobkjk,0.0
fjobznv,1.0
fjoegtn,1.0
fjohwxg,1.0
fjokjep,1.0
fjooqfm,1.0
fjophdr,1.0
fjouvim,0.0
fjovdnb,1.0
fjpgkzi,1.0
fjpifha,1.0
fjpjcld,1.0
fjpszjw,1.0
fjptygw,0.0
fjpvcah,0.0
fjpxmlo,1.0
fjqcelf,0.0
fjqesza,1.0
fjqqjpn,0.0
fjraieg,1.0
fjramui,0.0
fjriokw,0.0
fjrwqge,1.0
fjskqur,1.0
fjslaqa,1.0
fjsxxbw,0.0
fjtcban,1.0
fjtjudv,0.0
fjtufxt,1.0
fjugakt,1.0
fjunjwc,1.0
fjunoce,1.0
fjurlgf,1.0
fjuxoev,0.0
fjuyqnv,0.0
fjvauzn,1.0
fjvhulr,1.0
fjvvllp,1.0
fjvwfsi,1.0
fjvwzcz,1.0
fjvyexe,1.0
fjwitfe,1.0
fjwlhgi,1.0
fjwsnar,1.0
fjwvlxo,1.0
fjwzfzn,0.0
fjxbjik,1.0
fjxwlwg,1.0
fjyhqdp,1.0
fjyiccl,0.0
fjyulkv,1.0
fjyvfrp,0.0
fjztelc,1.0
fjzyxtv,1.0
fkagubc,0.0
fkakrdj,0.0
fkanvym,0.0
fkbirff,1.0
fkbpole,1.0
fkbpxsa,1.0
fkbrmll,1.0
fkbzkrk,1.0
fkclndt,1.0
fkcrxte,1.0
fkdgttm,1.0
fkdpmka,0.0
fkdtnvd,0.0
fkduosy,0.0
fkearqx,1.0
fkebray,0.0
fkelanm,1.0
fkenmrn,1.0
fkesbpo,0.0
fkesewf,1.0
fkesjar,1.0
fkesqeo,1.0
fkestzq,1.0
fkewkuo,0.0
fkeywqn,0.0
fkfbmlp,1.0
fkfvhkl,1.0
fkgihmk,0.0
fkgljnj,1.0
fkgmqly,1.0
fkgnept,1.0
fkgqjzz,1.0
fkgzzem,1.0
fkhgkxy,0.0
fkhkzng,1.0
fkhnozl,1.0
fkhntzm,1.0
fkhrlcc,1.0
fkibnzp,0.0
fkieblf,0.0
fkkbvsx,1.0
fklbnpv,0.0
fkllyba,1.0
fklnavt,1.0
fkmmyib,0.0
fkmyfdr,1.0
fknctux,0.0
fknfumn,0.0
fkngkwj,1.0
fkozrji,1.0
fkpgtyo,1.0
fkpwdnv,1.0
fkqaotb,1.0
fkqbyyo,1.0
fkqmlpr,0.0
fkragir,1.0
fkrator,1.0
fkrepnj,1.0
fkrgwln,0.0
fkrhshc,1.0
fkrisyn,1.0
fksilks,1.0
fksmavp,1.0
fksnccp,1.0
fksqztg,0.0
fktbfrs,1.0
fktmrud,1.0
fkueznh,1.0
fkukkut,1.0
fkusafm,0.0
fkuunvb,1.0
fkvtjmk,1.0
fkvzvtq,0.0
fkweamo,0.0
fkwgbss,0.0
fkwhtgh,1.0
fkwvytp,0.0
fkxxesn,1.0
fkycjut,1.0
fkyimxe,1.0
fkynzzh,1.0
fkywmma,0.0
fkzhmhe,0.0
fkzxhtc,1.0
flaiajg,1.0
flakeun,1.0
flamwqc,1.0
flanoyr,0.0
flawavq,1.0
flaydno,1.0
flazbpj,1.0
flbdwyx,1.0
flbeqac,1.0
flbwfwm,1.0
flcqurl,1.0
fldcieu,0.0
fldqznh,1.0
flebpjo,1.0
flefnuu,1.0
flejcmz,0.0
flekxsm,1.0
flexori,1.0
flfbqsx,1.0
flfkpyw,1.0
flflrio,1.0
flfockg,0.0
flfximm,1.0
flgdjgn,1.0
flghoab,0.0
flgnybq,1.0
flgoadx,1.0
flgsjfk,1.0
flhefba,1.0
flhfrjc,1.0
flhribk,1.0
flhtmvp,0.0
flhylgc,1.0
flibnny,0.0
flihiif,0.0
fljigpw,1.0
fljpqkm,1.0
fljwvbi,0.0
flkegwm,1.0
flkjzyq,1.0
flkmsco,1.0
flknoep,1.0
flksafz,1.0
flkupkk,1.0
fllhgbl,1.0
fllhgdy,0.0
flljtep,1.0
fllsefg,1.0
flmpdyc,0.0
flnefsb,1.0
flngxyw,0.0
flnpikf,1.0
flocthd,1.0
flokqrg,1.0
flomhol,1.0
flouwlf,1.0
flpooog,1.0
flpybxf,1.0
flpynaq,1.0
flqbibj,1.0
flqlalh,1.0
flqmgwt,0.0
flqmydw,1.0
flqxbnd,1.0
flregip,0.0
flrvbxb,1.0
flrvbxv,1.0
flrwdic,1.0
flsbsio,0.0
flsrlbq,0.0
flsrxtp,0.0
flsxaaw,1.0
fltjxeg,1.0
fltpvhc,0.0
fltsylv,1.0
fltwoaw,1.0
fltxucf,0.0
flupbek,1.0
fluvpvo,1.0
flvoeea,1.0
flvujto,0.0
flvuviu,1.0
flvviyc,1.0
flwmaei,1.0
flwnagr,1.0
flwqkro,0.0
flwtzsl,0.0
flwxljr,1.0
flybnfg,1.0
flydzvx,1.0
flyrjdm,1.0
flyrjiz,1.0
flzmhvs,1.0
flznycc,1.0
flzpywf,1.0
flzzswl,0.0
fmahtnc,1.0
fmaiixw,1.0
fmauspt,1.0
fmaximk,0.0
fmazrsr,1.0
fmbnreb,1.0
fmctyau,1.0
fmdezxl,1.0
fmdnpol,1.0
fmdpfbq,1.0
fmedmyl,0.0
fmehwge,1.0
fmenhsq,1.0
fmeqmdm,1.0
fmfckaq,1.0
fmfdzen,1.0
fmfnvoq,1.0
fmfuuzk,0.0
fmglddd,0.0
fmgleoz,1.0
fmgohrx,1.0
fmgudxh,1.0
fmhgkqx,1.0
fmhieqx,0.0
fmhmkis,1.0
fmhqkvn,1.0
fmhrabf,1.0
fmhrkci,0.0
fmhrlxy,1.0
fmhvola,1.0
fmidzet,1.0
fmittnz,1.0
fmjmofk,1.0
fmkkmzk,1.0
fmkysaj,1.0
fmlxgqn,1.0
fmmbuqd,1.0
fmmkrkr,1.0
fmmkytl,1.0
fmmlwqw,1.0
fmmqfzw,0.0
fmnezxd,1.0
fmnssvc,1.0
fmodpur,1.0
fmogybw,1.0
fmohsry,1.0
fmouqol,0.0
fmovema,1.0
fmozocc,1.0
fmpfvhv,1.0
fmpfvuq,1.0
fmqhlqi,1.0
fmqigdz,1.0
fmqkoat,0.0
fmqllsl,1.0
fmqsnyy,0.0
fmqxyei,0.0
fmrddim,1.0
fmsapex,1.0
fmsapms,1.0
fmsbqhj,1.0
fmtibtw,1.0
fmtjcsx,1.0
fmuisxf,0.0
fmuqoxf,1.0
fmusbpg,1.0
fmvdcbh,1.0
fmvqnbq,1.0
fmvwvsd,1.0
fmvzdok,0.0
fmwgmbs,0.0
fmwmbui,1.0
fmwsqjw,1.0
fmwtdiv,0.0
fmwtdnq,1.0
fmwwbhv,1.0
fmxhvhx,1.0
fmxnzcc,1.0
fmxqqjs,0.0
fmyfpou,0.0
fmyhyre,0.0
fmytynz,1.0
fmzboau,0.0
fmzdgpl,0.0
fmzdvta,1.0
fmzojpl,1.0
fnaffrc,1.0
fnarnny,1.0
fnbibla,1.0
fnbubrq,1.0
fncdiqd,0.0
fncjgnh,1.0
fncsgiz,1.0
fncxeju,1.0
fndaxlt,1.0
fndeqwq,0.0
fndgdtp,0.0
fndvakp,1.0
fnebtqt,1.0
fnegimw,1.0
fnejelf,1.0
fnenbjp,0.0
fnepmkf,1.0
fnewoql,1.0
fnexcfm,1.0
fnfjaqe,1.0
fnfmnen,1.0
fnfswes,0.0
fnfveuv,0.0
fnfvvil,0.0
fngxpnx,0.0
fngyoyn,1.0
fnhaziu,1.0
fnhfbue,1.0
fnhfnlp,0.0
fnhpwbq,0.0
fnhspbm,1.0
fnhxfwp,1.0
fniddlc,1.0
fnieywb,1.0
fnifnfs,0.0
fnihyvt,1.0
fniomkg,1.0
fnjbmsg,1.0
fnjbxap,1.0
fnjmdkx,1.0
fnkmcoj,0.0
fnkpreh,1.0
fnkvgik,1.0
fnlbdnv,1.0
fnlmpnn,1.0
fnmvjlt,0.0
fnnfetf,1.0
fnngvyx,1.0
fnnwyyl,0.0
fnoanrl,1.0
fnocpuz,1.0
fnojjmv,0.0
fnorxqv,0.0
fnoykbx,1.0
fnoynhn,1.0
fnpgfes,0.0
fnpgxok,1.0
fnpkrvu,1.0
fnqikrt,1.0
fnqpcsn,1.0
fnrcdfk,1.0
fnrkoag,0.0
fnrnlbe,1.0
fnsiekr,1.0
fntdyxl,0.0
fnthusj,1.0
fnukhtg,1.0
fnupalo,1.0
fnvaffq,1.0
fnvdnri,1.0
fnvvysy,1.0
fnwedrs,1.0
fnwgwgp,1.0
fnwtllg,1.0
fnwuyfm,0.0
fnwvmev,1.0
fnxakqs,0.0
fnxdbct,1.0
fnxhxmx,1.0
fnxneoo,1.0
fnxskay,1.0
fnxvddw,1.0
fnxvjid,0.0
fnxwjjq,1.0
fnycfun,1.0
fnynwve,1.0
fnysipr,1.0
fnzggxw,1.0
fnzjcbl,0.0
fnzjqfu,1.0
fnzkauq,0.0
foabmuu,1.0
foafbhu,0.0
foahcpb,0.0
foahdkq,0.0
foajhzz,1.0
foapkct,1.0
foavxto,1.0
foazfaa,1.0
fobmgjo,1.0
fobmtza,0.0
fobxede,0.0
focdqzi,0.0
focdxcx,0.0
fochabg,1.0
fodcczk,1.0
fodhehm,0.0
foduicr,0.0
fodzpwp,1.0
foegnay,1.0
foegtrg,0.0
foehwpk,1.0
foelqhi,1.0
fofastm,1.0
fofbalc,1.0
fofbfoy,0.0
fofbjrp,1.0
fofdnjd,1.0
fofdnuf,1.0
foftyqy,1.0
fofuedy,1.0
fofvrhj,1.0
fofxwil,1.0
foghmqi,0.0
foghrby,1.0
fogtwvw,1.0
fogvpyc,1.0
fogxukp,1.0
foheuxn,1.0
fohneau,1.0
foimiiv,1.0
foitory,1.0
foiwvtp,1.0
fojcojm,1.0
fojjgmg,0.0
fojrkrj,1.0
fojwvgv,1.0
fokpptp,0.0
fokpxlc,0.0
foksqss,1.0
folaigv,1.0
folcnnt,1.0
folnldy,0.0
folypyk,1.0
fomiyfn,1.0
fomngnm,1.0
fomrcka,1.0
fomupgu,1.0
fomzbzd,1.0
fongxmp,0.0
fonotyw,1.0
foomatm,0.0
foomlfe,1.0
foorjuo,0.0
footkjm,1.0
foovmpl,0.0
foqbsfs,1.0
foqehvr,1.0
foqfuzn,1.0
foqhqxg,1.0
foqildj,1.0
foqjzmn,1.0
foqkfpg,1.0
foqvvqh,0.0
foqzkcd,1.0
fordyxn,1.0
forenyz,1.0
forhror,1.0
formnek,0.0
fortbos,1.0
fortzdt,0.0
forvypo,0.0
fosamhz,1.0
foschkh,1.0
fotnhiy,0.0
fotoora,0.0
fotxnto,1.0
fouclvo,1.0
fougwvh,1.0
fouweoc,1.0
fovikbd,1.0
fovpbij,1.0
fowbtfb,1.0
fowmilx,1.0
fowocrr,1.0
fowqdhf,1.0
fowrpqs,1.0
fowrtqv,1.0
foxjhzw,1.0
foxkyiy,1.0
foxnicz,1.0
foxqszu,1.0
foxskrs,1.0
foxsorf,1.0
foxvwfi,1.0
foxydlu,1.0
foxzvro,1.0
foydokq,0.0
foyigdq,1.0
foytcud,0.0
foytonn,1.0
fozlntd,1.0
fozmmjb,0.0
fozsfen,1.0
foztnpx,1.0
fozwafv,1.0
fozwqdg,1.0
fpaooxt,1.0
fpaprao,0.0
fpasuso,0.0
fpavqxk,1.0
fpazcxv,1.0
fpbizhk,1.0
fpbxxgs,1.0
fpbzahc,1.0
fpcvray,1.0
fpdcnfi,1.0
fpdirpo,1.0
fpdrjmc,0.0
fpdtkpl,1.0
fpdzcqp,1.0
fpdzwow,1.0
fpenlfi,1.0
fpeqjgb,0.0
fpevlgc,1.0
fpevliq,1.0
fpfbxlq,0.0
fpfcwrv,1.0
fpfsmuf,1.0
fpfuazy,1.0
fpfvjcp,1.0
fpgcumg,1.0
fpghaxp,0.0
fpgkrup,1.0
fphiatv,0.0
fpibsch,1.0
fpifgxm,0.0
fpihbvk,0.0
fpiotnb,1.0
fpisgxq,1.0
fpitfgb,1.0
fpjcnsz,0.0
fpjldqi,1.0
fpjuhpe,1.0
fpjyith,1.0
fpkfgos,1.0
fpkjqge,1.0
fpkodmk,1.0
fplcemi,1.0
fplddah,1.0
fpliizf,1.0
fpltvxw,0.0
fpmetyp,1.0
fpmkhby,1.0
fpmnton,0.0
fpmydca,0.0
fpneits,0.0
fpnkxnj,1.0
fpnnfjx,1.0
fpnnnig,1.0
fpnqhju,1.0
fpnsipg,1.0
fpojhql,1.0
fposdci,1.0
fppenaq,1.0
fpplfot,1.0
fpppmpm,1.0
fpqhpsk,0.0
fpqmbho,0.0
fpqrmvx,0.0
fpqrrox,0.0
fpqwbcg,0.0
fprnjzn,1.0
fprnzqm,1.0
fprvmmo,1.0
fprwcqr,1.0
fprwfvc,1.0
fpseeyn,1.0
fpsgebm,1.0
fpsokjz,1.0
fpszdfh,1.0
fptldvf,1.0
fptpjud,0.0
fptwmzh,1.0
fptzzzv,1.0
fpubsfn,1.0
fpugsqz,1.0
fpvcmtx,0.0
fpvixkj,1.0
fpvyper,1.0
fpwaehw,1.0
fpwljpb,1.0
fpwqrju,1.0
fpwupen,1.0
fpwyktk,1.0
fpxlwdf,0.0
fpxuqry,1.0
fpycbcp,1.0
fpyglts,1.0
fpyrocr,0.0
fpyvdps,1.0
fpywnms,1.0
fpzerxg,1.0
fpzqowy,0.0
fqanfiu,0.0
fqbcghx,1.0
fqbgrcx,1.0
fqbickh,1.0
fqbqpkk,0.0
fqbustl,1.0
fqcrmzi,0.0
fqemxrb,1.0
fqerekt,0.0
fqernbm,1.0
fqerxza,1.0
fqextnt,0.0
fqffvgz,1.0
fqflgny,1.0
fqfrpfm,1.0
fqfuixb,1.0
fqfvgnf,1.0
fqfxnnx,1.0
fqfzxot,1.0
fqgktlk,1.0
fqgqofj,1.0
fqgytgx,0.0
fqhlgma,1.0
fqhmjay,1.0
fqicnad,1.0
fqisjfv,1.0
fqiwuvz,1.0
fqjdjci,1.0
fqjfhjy,1.0
fqjwluf,1.0
fqjxroa,1.0
fqjzmdt,0.0
fqkfyuf,1.0
fqkhzfw,1.0
fqkjsfi,1.0
fqkkvqb,1.0
fqlewkh,1.0
fqlmbsp,1.0
fqlmhnw,1.0
fqlreez,1.0
fqmasqb,0.0
fqmmmur,1.0
fqmqerg,1.0
fqmrhyz,1.0
fqmrtwv,1.0
fqnhfhg,1.0
fqnkwug,0.0
fqnllix,1.0
fqnxoun,1.0
fqopfnx,1.0
fqouzmv,1.0
fqpaxzt,0.0
fqpbohi,1.0
fqpevsn,0.0
fqptdpe,1.0
fqqnsks,1.0
fqreane,1.0
fqrkagb,1.0
fqrmdun,1.0
fqrzbjd,1.0
fqsbddn,1.0
fqsdwtu,1.0
fqsgpqc,0.0
fqsigvl,1.0
fqsjhpj,1.0
fqssmme,1.0
fqsvgqx,0.0
fqtgnkm,0.0
fqubsrw,0.0
fqubwmt,1.0
fqueywr,1.0
fquyqkl,1.0
fqvaokg,1.0
fqvclxp,1.0
fqvihie,1.0
fqvptzt,1.0
fqwdifp,0.0
fqwkzvu,1.0
fqwrhff,1.0
fqwrxiv,1.0
fqwurbo,0.0
fqwxrcl,1.0
fqwyasj,1.0
fqxgkla,0.0
fqxifes,1.0
fqxtcju,1.0
fqxzktk,1.0
fqyfbvc,0.0
fqzbwxa,1.0
fqzcmoq,1.0
fqzfhfs,1.0
fqzljbs,1.0
frajqpz,0.0
frakvgn,1.0
fraluny,0.0
frascna,0.0
fratcea,0.0
fraxhrr,1.0
frazkyp,1.0
frazsng,1.0
frbaciq,1.0
frbbgwa,1.0
frbumab,0.0
frbxuje,1.0
frbybtd,1.0
frdajwe,1.0
frdbads,1.0
frdcgpn,0.0
frdfeqs,1.0
frdjekq,1.0
fremlop,1.0
fresnpw,1.0
frfkaew,0.0
frfrxia,1.0
frfscfw,0.0
frfxwze,1.0
frfzhlz,1.0
frgaboy,1.0
frgavbl,1.0
frgiqos,1.0
frgkcqu,0.0
frgkgpa,1.0
frglbie,1.0
frgtiuj,1.0
frgvoyj,1.0
frgwnph,1.0
frhbwjc,0.0
frhhmsa,1.0
frhkcof,1.0
frhsvkf,0.0
friazpu,0.0
frighlh,0.0
frisyin,1.0
friwzrz,1.0
frjnhdw,1.0
frjvwcr,1.0
frkfsro,1.0
frkhcor,1.0
frkigjo,1.0
frksoca,1.0
frloqpx,1.0
frlvwas,1.0
frlzkbb,0.0
frmlehf,1.0
frmtwxv,0.0
frnfrjl,1.0
frngbms,0.0
frnjghy,1.0
fropplo,1.0
frpemuk,1.0
frpmsie,0.0
frqckvn,1.0
frqtjsi,1.0
frrchio,1.0
frrjeiw,1.0
frrjubh,0.0
frrqbpj,1.0
frrsosw,1.0
frryydm,1.0
frsqiea,1.0
frsueyr,1.0
frsyaqm,1.0
frtdhzf,1.0
frtwwti,1.0
frtydsp,0.0
frubnkd,1.0
fruggdc,0.0
fruhstf,1.0
fruierm,1.0
fruupth,0.0
fruxxcd,0.0
frvbvty,1.0
frvtiym,1.0
frwkvuo,1.0
frxazfj,1.0
frxdrww,1.0
frxpwow,0.0
frxrwof,1.0
frybcze,0.0
frydqib,0.0
frydxgd,1.0
fryjowo,1.0
frypbur,0.0
fryzstn,0.0
frzbmix,0.0
frznwmg,1.0
fsaereq,1.0
fsaitbt,0.0
fsajtmt,0.0
fsaqsbe,0.0
fsaukdg,1.0
fsbrtqk,1.0
fscgtqv,1.0
fscmkvy,1.0
fsdbafv,1.0
fsddtkg,1.0
fsddugr,0.0
fsdmafc,0.0
fsdmlon,0.0
fsdsbfj,1.0
fsdzxwz,1.0
fsetyql,0.0
fseuwtw,0.0
fsevewc,0.0
fsfwhnb,1.0
fsgkbga,1.0
fsgnbwh,1.0
fsgsyqg,1.0
fshegjn,1.0
fshhrtv,1.0
fshigit,1.0
fshklle,1.0
fshuzok,1.0
fshvcwn,0.0
fsimxgj,0.0
fsiqagg,0.0
fsishnb,1.0
fsiwydl,0.0
fsiyopi,0.0
fsjbbiq,1.0
fsjpfnm,0.0
fsjrgid,1.0
fsjsreq,1.0
fsjuvcf,1.0
fsjwkmt,1.0
fskmspi,1.0
fskrlwp,1.0
fsljsjz,1.0
fslohxg,1.0
fslqrls,1.0
fslrevu,0.0
fsmhafu,0.0
fsmhuyi,1.0
fsmjpoq,1.0
fsmlhyo,0.0
fsmqrqp,0.0
fsmrchw,0.0
fsmzlwp,0.0
fsnedgd,1.0
fsnnahj,0.0
fsnueoy,1.0
fsnzmwr,1.0
fsocntv,1.0
fsolwmn,1.0
fsolwpd,1.0
fsoogvc,1.0
fsotjuv,1.0
fsovqnb,1.0
fsozgxm,1.0
fsozism,0.0
fsozxup,1.0
fspgvyx,1.0
fsqcgjv,1.0
fsqdzdf,1.0
fsqvdeq,0.0
fsqvele,1.0
fsqyezj,1.0
fsrgvzi,1.0
fsrmcnp,1.0
fsrsdki,1.0
fsrubkw,1.0
fsrzpxu,0.0
fssatwy,0.0
fssesvj,1.0
fssfewt,1.0
fssnnww,1.0
fssphtm,0.0
fssqwgx,0.0
fssrrmk,1.0
fstftmq,1.0
fstmefd,1.0
fstzfzs,1.0
fsugfbl,1.0
fsukete,1.0
fsvdojv,0.0
fsviirw,1.0
fsvrrmc,1.0
fsvukbx,1.0
fswfslq,1.0
fswpzhs,0.0
fsxdvwg,1.0
fsyfobf,1.0
fsynwbe,0.0
fsyuksj,1.0
fsyvrwd,1.0
fszgwho,0.0
fszllhp,1.0
fszscbd,1.0
fszumic,1.0
ftagxfx,0.0
ftamtja,0.0
ftavydq,0.0
ftbbuse,0.0
ftbhwuj,1.0
ftbjnth,1.0
ftbsnlr,1.0
ftcmvgx,1.0
ftcngpp,1.0
ftcutws,0.0
ftcxyjk,1.0
ftczhtc,1.0
ftdgwxn,0.0
ftdnsho,0.0
ftdqrds,1.0
ftdtzbx,0.0
ftemiix,1.0
ftfcnxg,1.0
ftfdkfz,1.0
ftfgqew,1.0
ftfmjxv,1.0
ftfqeam,0.0
ftfswsv,1.0
ftftkdx,0.0
ftggfrd,1.0
ftgrkrn,1.0
ftgtgzl,1.0
ftgvofy,1.0
fthptqz,1.0
fthstqn,1.0
fthwtyl,0.0
fthzotf,1.0
fthztzp,1.0
ftiddsg,1.0
ftimlua,1.0
ftinnci,0.0
ftioaxj,0.0
ftiumnf,1.0
ftjebgv,0.0
ftjmkqc,0.0
ftkjoys,1.0
ftkjzmc,1.0
ftkksii,1.0
ftkmwnh,1.0
ftkwvgv,0.0
ftkyuhj,1.0
ftlapju,0.0
ftlbegt,1.0
ftlibrf,1.0
ftlivig,1.0
ftljhii,1.0
ftlrswh,1.0
ftlvkdf,0.0
ftlwcrm,1.0
ftlwnda,1.0
ftmkcev,0.0
ftmlgsk,0.0
ftmwhsl,1.0
ftmycox,1.0
ftnrzju,0.0
ftnuhje,1.0
ftnycat,1.0
ftnygvn,1.0
ftnylzk,1.0
ftogusc,1.0
ftoselh,0.0
ftosmae,0.0
ftouqoc,1.0
ftoydtd,1.0
ftpcsyv,1.0
ftpjhvx,0.0
ftpropi,1.0
ftpxace,0.0
ftpzcpv,1.0
ftqbnbi,1.0
ftqkehl,1.0
ftqqhai,1.0
ftqvwmv,1.0
ftqxygu,0.0
ftrfnja,1.0
ftrxmjb,1.0
ftsdjmc,1.0
ftsdref,1.0
ftsgsxr,1.0
ftsiiag,1.0
ftsmeii,1.0
ftsvmcr,1.0
ftswkoi,1.0
fttawel,1.0
fttqnew,1.0
fttxqsk,0.0
ftudndz,1.0
ftufdhh,1.0
ftuhdem,1.0
ftuoqzc,1.0
ftuymwc,1.0
ftvbter,0.0
ftvbuym,1.0
ftvkpcl,0.0
ftvwvvw,1.0
ftvzjga,1.0
ftwmbxv,0.0
ftwoiso,1.0
ftwrovi,0.0
ftxbwmh,1.0
ftxfbzv,1.0
ftxnjkv,1.0
ftxntdq,0.0
ftybczz,1.0
ftyugsq,1.0
ftyxmcv,0.0
ftyyjud,1.0
ftzgekp,0.0
ftzgqjn,1.0
ftzlpbi,1.0
ftzmvxf,1.0
ftzohfw,1.0
fuahfpx,1.0
fualszj,1.0
fubapxy,1.0
fubnfin,0.0
fubvsxi,0.0
fubwpws,1.0
fucjnkt,1.0
fucuvja,1.0
fucwejz,0.0
fudeohj,1.0
fudicgr,1.0
fudijny,1.0
fudjtrs,1.0
fudtffk,1.0
fudzyad,0.0
fueckrl,1.0
fueetaf,1.0
fuetpbi,1.0
fufsdlt,1.0
fufvpyj,0.0
fufygnk,1.0
fugjwjw,1.0
fugmpgo,1.0
fugszsp,1.0
fuhbqqv,0.0
fuhfosp,1.0
fuhlqox,1.0
fuhmxbs,0.0
fuhovct,1.0
fuialcj,1.0
fuikwyk,0.0
fuinhbl,1.0
fuitefn,1.0
fuiwlqv,0.0
fujfkec,1.0
fujrlxp,0.0
fukkpog,1.0
fukurjv,1.0
fulcehf,0.0
fulnctu,1.0
fumbbim,0.0
fumcuww,1.0
fumjotj,1.0
fumkamk,1.0
fummpmt,1.0
fumreyt,1.0
fumrnld,1.0
funaaht,1.0
fungmjm,1.0
funkqqz,1.0
funmknt,1.0
funpcss,1.0
fuobcab,0.0
fuorkvs,1.0
fuotcmy,1.0
fupbnxb,1.0
fuplyjx,0.0
fuproef,1.0
fupsbgu,0.0
fupuzdh,0.0
fupwbqt,0.0
fupybit,1.0
furknga,1.0
furmtac,1.0
fusfukv,0.0
fuskcaj,1.0
fusourx,0.0
futogmt,1.0
futxosb,1.0
fuufodn,1.0
fuuxaql,1.0
fuvntlq,1.0
fuvpfln,1.0
fuvtaan,1.0
fuwdjvd,0.0
fuwvtkf,1.0
fuxrjjn,0.0
fuxrqxv,1.0
fuxyegq,1.0
fuyodsn,1.0
fuyvhue,0.0
fuzetsh,1.0
fuzfjsh,0.0
fuzxhvx,0.0
fvadtiw,1.0
fvaodew,1.0
fvbkpdf,0.0
fvcbkwy,1.0
fvccrtr,0.0
fvciwzk,0.0
fvcmrdo,0.0
fvcmthr,1.0
fvcuxhi,1.0
fvdsely,1.0
fvdxash,1.0
fvdxmtc,1.0
fvdyiww,1.0
fveldyh,1.0
fvelypg,1.0
fvemzgd,1.0
fveqbad,1.0
fveudiw,1.0
fvfbkbr,0.0
fvfjctz,0.0
fvgbfwi,1.0
fvgkyvx,0.0
fvgmzup,1.0
fvgslqv,0.0
fvgstwy,1.0
fvhghhf,0.0
fvhibyo,1.0
fvhtjgy,1.0
fviufci,1.0
fvjelmz,0.0
fvjpkjy,0.0
fvjrdlf,1.0
fvjrlgw,1.0
fvjujnw,1.0
fvjuyrx,0.0
fvjvzse,0.0
fvjwdyk,1.0
fvkazsf,1.0
fvkbhma,1.0
fvkhtns,1.0
fvkputq,1.0
fvkrzcj,1.0
fvlyueb,0.0
fvmawkf,1.0
fvmlimb,0.0
fvmrbjl,1.0
fvmrwwn,0.0
fvmueql,1.0
fvnchzc,1.0
fvnpgyu,1.0
fvozaqv,1.0
fvpgmei,0.0
fvppbln,0.0
fvpwcco,0.0
fvpxvmf,0.0
fvqebru,1.0
fvqhcqn,1.0
fvqjbge,1.0
fvrgvch,1.0
fvrkbjl,1.0
fvscato,0.0
fvserka,1.0
fvsnyxx,0.0
fvspqel,1.0
fvtfagg,1.0
fvugity,1.0
fvujahc,1.0
fvvbtyh,1.0
fvvdepk,1.0
fvvqadx,0.0
fvvwbbs,1.0
fvwaagm,1.0
fvwbvsx,1.0
fvwiaqm,1.0
fvwuzdi,1.0
fvwwjak,1.0
fvxaexk,0.0
fvxjsbq,0.0
fvxkrmz,0.0
fvxtpfm,1.0
fvyycyn,0.0
fvyyscj,0.0
fvzazju,0.0
fvzkrgx,0.0
fvznyao,1.0
fwabegx,1.0
fwamwrr,1.0
fwcodwg,1.0
fwcrotg,1.0
fwctovp,0.0
fwdcluo,1.0
fwdeeoy,1.0
fwdlnnd,1.0
fwdrpdj,1.0
fwdsifv,1.0
fwdxuxc,1.0
fwdxweo,0.0
fwebanl,0.0
fwefbrc,0.0
fweicuy,1.0
fwenncr,1.0
fwfavfg,1.0
fwfodjw,1.0
fwfqsfx,1.0
fwfwqdb,1.0
fwhixrd,1.0
fwhngkc,1.0
fwhxttp,0.0
fwijzvt,1.0
fwiotuu,1.0
fwioupf,1.0
fwiujdl,1.0
fwjrzgn,1.0
fwjtcvw,0.0
fwjwmkx,1.0
fwkfdiq,0.0
fwklhqx,0.0
fwkndij,0.0
fwlanlr,1.0
fwlbxgv,1.0
fwlgxqo,1.0
fwlhodp,0.0
fwlicjc,1.0
fwlocaa,1.0
fwmcngn,1.0
fwmfqzn,1.0
fwmolld,1.0
fwmpqyk,1.0
fwmrgdc,1.0
fwmytlc,0.0
fwnnjvg,1.0
fwnpfcv,1.0
fwntwca,1.0
fwnvinb,1.0
fwopooo,1.0
fworrwe,1.0
fwpijgu,1.0
fwpkzhf,1.0
fwpskjs,1.0
fwpwpko,1.0
fwqmvno,1.0
fwqyewu,1.0
fwqzwwg,0.0
fwrfitc,0.0
fwrhbxp,1.0
fwrqfas,0.0
fwrsgav,1.0
fwruidf,0.0
fwruzgv,1.0
fwrymyw,1.0
fwsfyds,1.0
fwslmpr,1.0
fwspeep,0.0
fwtmkgc,0.0
fwtnzsm,0.0
fwtrlvl,1.0
fwtscmm,1.0
fwtuxpg,1.0
fwuerji,1.0
fwufwwk,1.0
fwuieak,1.0
fwujwys,1.0
fwundeo,1.0
fwuuaax,1.0
fwvclav,1.0
fwvfaud,1.0
fwvflty,1.0
fwvhkgt,1.0
fwvulse,0.0
fwwfpyh,1.0
fwwhlhf,1.0
fwwwqpc,1.0
fwxasyn,1.0
fwxcsre,0.0
fwxjvuo,1.0
fwxnkeg,1.0
fwxqtoa,1.0
fwxtqke,1.0
fwynaxn,0.0
fwyqiqd,0.0
fwysbsr,0.0
fwyuytu,1.0
fwyxbaq,1.0
fwzbgkn,1.0
fwzelxb,1.0
fwzfknh,1.0
fwzgndc,1.0
fwzvtat,1.0
fwzvtcu,1.0
fxagjop,1.0
fxarise,1.0
fxarmmh,1.0
fxatgdi,1.0
fxawqnn,1.0
fxbeulj,1.0
fxbpkoz,0.0
fxcjnaj,1.0
fxckdot,1.0
fxcrlsy,1.0
fxctoyh,1.0
fxdcpqm,0.0
fxdegcr,0.0
fxdfchw,1.0
fxdhzuc,1.0
fxdxraq,0.0
fxeaiuv,1.0
fxeoxqr,0.0
fxewqob,1.0
fxeylrs,1.0
fxfieas,1.0
fxflltx,1.0
fxfngwn,1.0
fxfqxpd,0.0
fxfxvdw,1.0
fxgivlk,1.0
fxhefil,1.0
fxhegjn,1.0
fxhehde,1.0
fxhhcbt,1.0
fxhskky,1.0
fxhvnxk,0.0
fxhxzpy,1.0
fxidecj,1.0
fxifmnt,0.0
fxigorr,1.0
fxiihmq,1.0
fxisymy,0.0
fxitkzl,1.0
fxjhqob,1.0
fxjojfh,1.0
fxjqtzg,0.0
fxjsejp,1.0
fxkdykx,1.0
fxkefxx,1.0
fxkilvy,0.0
fxkvogw,0.0
fxldlwu,1.0
fxmjyry,1.0
fxmkfud,0.0
fxmpjch,1.0
fxmspee,1.0
fxmvrpg,0.0
fxmwxhq,0.0
fxnkkfk,1.0
fxnoipi,0.0
fxnrizr,0.0
fxoizad,1.0
fxokzgc,1.0
fxolitm,1.0
fxopmzi,1.0
fxoxewk,0.0
fxozaxt,1.0
fxpenbe,1.0
fxpgkgm,1.0
fxpijas,0.0
fxprolu,1.0
fxqeblj,1.0
fxqmrmp,1.0
fxqoxyr,0.0
fxqoyhq,1.0
fxqsxvv,1.0
fxqzttn,1.0
fxraqkl,1.0
fxrfkrf,1.0
fxrmcbq,1.0
fxrrtza,1.0
fxrtymh,1.0
fxsauox,1.0
fxsdxyt,1.0
fxsqdbq,1.0
fxssogv,1.0
fxtjvuh,1.0
fxtposk,0.0
fxtsdkq,1.0
fxttmqw,0.0
fxuhcyd,1.0
fxuvjnx,1.0
fxuwikf,1.0
fxvhgbl,1.0
fxvqgrk,0.0
fxvsfwj,0.0
fxvtejv,1.0
fxvvkqz,1.0
fxvwgya,1.0
fxwcyyh,1.0
fxxdsqy,0.0
fxxhomc,1.0
fxxnuha,1.0
fxxywaj,1.0
fxyebth,1.0
fxyfoic,0.0
fxyjsvh,1.0
fxymgci,1.0
fxynzhl,1.0
fxyofab,0.0
fxyxfgm,1.0
fxzleea,1.0
fxzndzt,1.0
fyaekwb,1.0
fyaevxy,1.0
fyagnfk,0.0
fyatiip,1.0
fyaubci,1.0
fyaumol,0.0
fybgzte,1.0
fybreej,1.0
fybxalz,1.0
fybzzqn,1.0
fyccwnm,1.0
fycldzt,1.0
fyctfcl,1.0
fycwszv,1.0
fydhtry,1.0
fydjmyc,1.0
fydwdvg,0.0
fyegpqi,0.0
fyehiwl,1.0
fyfeugn,1.0
fyfkbmg,1.0
fyfoiqb,0.0
fyfqdkq,1.0
fyfwqbp,1.0
fyfxbuy,1.0
fygdaix,1.0
fygpmio,1.0
fygpybc,1.0
fygpzba,1.0
fyiawaq,0.0
fyijtge,1.0
fyipnlj,1.0
fyjcjim,1.0
fyjckkq,0.0
fyjcmeh,1.0
fyjilmw,0.0
fyjopta,1.0
fyjqisi,0.0
fyjtqhw,1.0
fykdeel,1.0
fykqreu,1.0
fyksrae,0.0
fykwtao,1.0
fykxacb,1.0
fylbwoi,1.0
fylodii,1.0
fylotcd,1.0
fylpuoa,1.0
fylucsk,1.0
fyluebi,1.0
fymbafd,1.0
fymgsfr,0.0
fymocso,0.0
fymthto,1.0
fyntkaz,0.0
fynuxov,0.0
fynxyef,1.0
fyoyxqi,0.0
fypbkox,1.0
fypisvd,1.0
fyptotc,1.0
fypxjom,1.0
fyqcrnx,1.0
fyqcyda,1.0
fyqdkxw,1.0
fyqwfse,1.0
fyqxiih,1.0
fyrlfts,1.0
fyrmact,0.0
fyrwaqr,0.0
fyscmhq,1.0
fyshbwz,0.0
fyspsbt,1.0
fysxfgc,1.0
fytqwta,1.0
fyujzas,1.0
fyungef,1.0
fyuzbmp,1.0
fyvodlq,0.0
fyvofqz,0.0
fyvymkz,1.0
fywaigu,1.0
fywpbuu,0.0
fywswsi,1.0
fyxcaka,1.0
fyxlxsm,0.0
fyxoigb,0.0
fyxtbhv,0.0
fyxutym,1.0
fyxvesz,1.0
fyxwdjk,0.0
fyxwkik,1.0
fyxxxlo,1.0
fyzcbuc,1.0
fyzjpvs,0.0
fyzynyw,0.0
fzadqvj,1.0
fzafsrr,1.0
fzahgwd,1.0
fzansrc,1.0
fzatdbg,0.0
fzblscl,1.0
fzbsvoj,0.0
fzbvnfd,1.0
fzcaneg,0.0
fzcfojw,1.0
fzcmyvz,1.0
fzcnukq,0.0
fzcpryl,0.0
fzcqeai,0.0
fzcwqwp,1.0
fzczagr,0.0
fzdmbbe,1.0
fzdqcne,1.0
fzedmhv,1.0
fzehwnz,1.0
fzerrgt,1.0
fzfomfd,1.0
fzfpldh,1.0
fzfwtjs,1.0
fzghsfb,1.0
fzgiyva,0.0
fzglcrw,1.0
fzgnihw,1.0
fzgnsqe,1.0
fzidath,0.0
fzidfzb,0.0
fzihfiy,1.0
fzinlao,1.0
fzjbvjc,1.0
fzjfswn,1.0
fzjhqel,1.0
fzjqezs,1.0
fzjtbqu,0.0
fzkhvve,0.0
fzkjwff,1.0
fzkugcf,0.0
fzlhbdf,1.0
fzlixsy,1.0
fzljkqr,0.0
fzlomiq,0.0
fzlqaug,1.0
fzlvpdq,1.0
fzlwpnh,1.0
fzmjtht,1.0
fzmxyyv,1.0
fznanxk,0.0
fznbvsn,1.0
fznfyuh,0.0
fznjhhh,0.0
fznlqkz,1.0
fzntksp,1.0
fzobgyl,1.0
fzodbpv,1.0
fzogytr,1.0
fzokuws,0.0
fzolomv,1.0
fzoxnca,1.0
fzphwpu,0.0
fzpimtl,0.0
fzpmmgr,1.0
fzpwzhj,1.0
fzpzshg,1.0
fzqgyqr,1.0
fzqlaei,0.0
fzqmjtz,0.0
fzrckkt,1.0
fzrdlsh,1.0
fzrkeav,1.0
fzrmkya,1.0
fzromxp,1.0
fzrtpqm,1.0
fzsaldg,1.0
fzstacx,1.0
fztgdyt,1.0
fztpaux,1.0
fzttfoq,1.0
fzueime,0.0
fzuingh,1.0
fzukaxf,0.0
fzupvun,0.0
fzuxmwh,1.0
fzveqms,0.0
fzvgthe,1.0
fzvhxqy,1.0
fzvnjml,1.0
fzwalgc,0.0
fzwirjn,0.0
fzwvexh,0.0
fzxyhrw,1.0
fzydmly,0.0
fzzrrnl,0.0
fzzrvdh,0.0
gaabrqr,1.0
gaakrcm,1.0
gaapcjh,1.0
gaaqbvp,1.0
gabbjes,1.0
gabbkwt,1.0
gabdcdc,0.0
gabfaix,1.0
gabktsm,1.0
gabqxvs,1.0
gacnxlq,1.0
gacretp,1.0
gacvjvn,0.0
gaddjui,0.0
gadjbvk,1.0
gadpdlr,1.0
gadtiid,0.0
gaebnam,1.0
gaesuau,0.0
gafavjr,1.0
gafbwdy,1.0
gafdktb,1.0
gafhrfm,1.0
gafnqqb,0.0
gafntic,0.0
gagbbce,1.0
gagfoma,1.0
gagfwhi,1.0
gagownq,0.0
gagspin,0.0
gagvmmi,1.0
gahhhdx,1.0
gahhnrw,1.0
gahhvzi,1.0
gaifnqw,1.0
gailtpy,1.0
gaisvew,0.0
gaiubdq,1.0
gaixejr,1.0
gajflxw,0.0
gajomlr,1.0
gajvltx,0.0
gakjwxe,1.0
galcgoq,0.0
galeqlc,0.0
gamfwcn,0.0
gamnldp,1.0
gamtxfd,1.0
gamuzpl,0.0
gamzrma,1.0
gaodtit,1.0
gaoecni,0.0
gaoxigx,0.0
gaozojc,1.0
gaozzlc,1.0
gapgfdp,1.0
gapjadk,1.0
gapjzsy,1.0
gaqdrzk,1.0
gaqlpbm,1.0
gaqnroe,1.0
garigup,1.0
gasflog,0.0
gasigav,1.0
gasxzki,1.0
gatnrea,1.0
gatucmk,1.0
gauiggl,1.0
gaujfen,1.0
gavmjab,1.0
gavrrcv,0.0
gavuurd,0.0
gavvies,1.0
gawnvrc,1.0
gawzurj,1.0
gaxbccv,1.0
gaxczvz,1.0
gaycewn,0.0
gaypbpa,0.0
gayrcgc,1.0
gazexix,0.0
gazexyn,0.0
gazjhio,1.0
gbaigzk,1.0
gbakqoo,1.0
gbanpii,1.0
gbaprnw,1.0
gbaupyw,1.0
gbazlgk,0.0
gbcosbq,1.0
gbcrmaf,1.0
gbctknd,1.0
gbdlgxn,1.0
gbduzvm,1.0
gbdxjpw,1.0
gbecgkg,1.0
gbehbvv,1.0
gbexupr,1.0
gbeywox,0.0
gbfiymy,1.0
gbfjchc,1.0
gbfsjlp,1.0
gbfyxbj,1.0
gbfyyke,1.0
gbgdmyy,1.0
gbgyuhm,1.0
gbhcmro,1.0
gbhmnyj,1.0
gbhosrh,1.0
gbiezvf,1.0
gbioayf,1.0
gbittcm,0.0
gbiujtq,1.0
gbjjnux,1.0
gbjplmo,0.0
gbkauml,1.0
gbkawnd,1.0
gbkmryj,1.0
gbkvefi,1.0
gbkvrha,1.0
gblanrl,1.0
gblxleo,0.0
gblyric,1.0
gbmdooh,1.0
gbmtkob,0.0
gbnenzw,1.0
gbngthu,1.0
gbnksqa,1.0
gbntvwe,1.0
gbnwjpv,0.0
gbnypgi,0.0
gbocbgt,1.0
gboiatu,0.0
gbojsic,1.0
gboorrr,0.0
gbopayi,0.0
gbpnkvw,1.0
gbpowpb,1.0
gbpsnki,1.0
gbqarjs,1.0
gbqaypp,1.0
gbqetpc,1.0
gbqgjef,1.0
gbqrjpc,0.0
gbrcnxk,1.0
gbrfgpw,1.0
gbrfvrr,1.0
gbrhcxd,1.0
gbrpgts,1.0
gbsarsb,0.0
gbsvyna,1.0
gbtajla,1.0
gbtoqrk,1.0
gbtpffo,1.0
gbttkha,0.0
gbtvyzt,1.0
gbtxbum,1.0
gbtxxfv,1.0
gbueqnh,1.0
gbunlnn,1.0
gbupqph,0.0
gburiqo,1.0
gbvfxhb,1.0
gbvvyjb,1.0
gbwdfrg,1.0
gbwfzfc,1.0
gbwgfkx,0.0
gbwkaiq,1.0
gbwljuq,0.0
gbwqmum,1.0
gbxafex,1.0
gbxaqoh,0.0
gbxmqpn,1.0
gbxnjjb,1.0
gbxwbyb,0.0
gbyesnr,1.0
gbyheoe,1.0
gbymhrs,1.0
gbzbmpo,1.0
gbzmpga,1.0
gbzpuhm,1.0
gbzwuxu,0.0
gcccdpw,1.0
gccfsds,1.0
gcckyxe,0.0
gcczeaf,1.0
gcdwaaf,1.0
gcevpvb,1.0
gcevrrf,1.0
gcfhfgl,1.0
gcgdojp,1.0
gcgiamp,1.0
gcgjkbp,1.0
gcgomgu,1.0
gcgvypk,1.0
gcgxuqt,1.0
gchiobk,1.0
gchwyzf,1.0
gchxdmm,1.0
gchyspr,1.0
gcibylz,1.0
gcinafe,1.0
gcirzpm,1.0
gcjabtd,1.0
gcjeyhm,1.0
gcjibcq,1.0
gcjmsec,1.0
gcjqjdv,0.0
gcjrgcv,1.0
gcjsjcu,0.0
gckjhqh,0.0
gckkfjz,0.0
gcksake,1.0
gcktjkh,1.0
gckvcgc,1.0
gclfocl,1.0
gclhvmk,0.0
gclnknm,0.0
gclwfqu,0.0
gclxkyb,1.0
gcmdrru,1.0
gcmkhrj,0.0
gcmzjrp,1.0
gcnfptn,1.0
gcnfwty,1.0
gcngbvw,1.0
gcnrjpp,1.0
gcnzofm,0.0
gcooabr,1.0
gcorquq,0.0
gcozwpx,1.0
gcppeso,1.0
gcpqnxk,1.0
gcpvhdt,1.0
gcqayio,0.0
gcqblyc,1.0
gcqekae,1.0
gcqksvg,1.0
gcqopou,1.0
gcrelyb,0.0
gcrfljo,1.0
gcrgjmj,0.0
gcrjonj,1.0
gcruyae,0.0
gcryalt,1.0
gcsbnvf,1.0
gcsugrc,1.0
gcsvjjf,1.0
gcsxeec,1.0
gctawvg,1.0
gctnvyr,1.0
gctocvw,1.0
gctvgte,1.0
gcuqucf,1.0
gcuudsq,1.0
gcviihr,1.0
gcvzlrr,0.0
gcwhcnc,1.0
gcwibaz,1.0
gcwihht,0.0
gcwomcc,1.0
gcwwwxv,1.0
gcxkcyt,1.0
gcxpikf,1.0
gcxsboi,1.0
gcxtknl,0.0
gcyhirb,1.0
gcynujm,1.0
gcypgbp,1.0
gcyslew,1.0
gcywglk,1.0
gcywipv,1.0
gcyysdm,1.0
gczccrs,1.0
gczcqjm,1.0
gczinrh,1.0
gczucnc,1.0
gdahfbz,1.0
gdbbezw,1.0
gdbctxl,1.0
gdbjjiy,0.0
gdbqukd,1.0
gdcfbmk,0.0
gddkwmn,1.0
gddypkd,1.0
gdebzjf,1.0
gdedrwf,1.0
gdekapz,1.0
gdfahrr,0.0
gdffyfk,1.0
gdfqdna,1.0
gdggpkj,1.0
gdgwspm,1.0
gdhddxe,1.0
gdhieus,1.0
gdhvklq,0.0
gdhvuas,0.0
gdidmct,1.0
gdihbfq,0.0
gdilqxu,1.0
gdixufu,0.0
gdjbolr,1.0
gdjmmrc,1.0
gdjztwy,1.0
gdkchzt,1.0
gdkjpxn,0.0
gdksbmq,1.0
gdkusdk,0.0
gdkuskg,1.0
gdlkycu,1.0
gdlllwu,1.0
gdlyljq,0.0
gdlzvjd,1.0
gdmhdbu,1.0
gdndhcp,1.0
gdocafh,1.0
gdohstk,1.0
gdougmp,1.0
gdovgsd,0.0
gdpavbq,0.0
gdpnopu,0.0
gdpzqtz,1.0
gdqiwrc,1.0
gdqnpkr,0.0
gdqpelx,1.0
gdqwjsr,1.0
gdqzihr,0.0
gdreydv,0.0
gdrlaub,1.0
gdrpmgk,1.0
gdrqxeo,0.0
gdrryti,1.0
gdrtwzc,0.0
gdrvfiv,1.0
gdrzsuh,1.0
gdseunu,1.0
gdsevjz,1.0
gdsxqly,1.0
gdtmfay,0.0
gduaiqp,0.0
gdubrlt,1.0
gdubwev,1.0
gduhamt,0.0
gduhhkr,0.0
gdutdgs,0.0
gduxlcb,1.0
gdvaukm,1.0
gdvgljw,0.0
gdvikny,1.0
gdvjwnn,1.0
gdvufig,1.0
gdwauvs,0.0
gdwcafw,1.0
gdwcvxi,1.0
gdwllmo,1.0
gdwsojp,1.0
gdwzqnv,0.0
gdxmblj,0.0
gdxmuak,0.0
gdxqafo,0.0
gdxyrza,1.0
gdymqpo,1.0
gdzbbwd,1.0
gdzdibt,1.0
gdzguop,0.0
gdzkdwf,1.0
gdzwvsp,1.0
geaffmr,0.0
geasgjn,0.0
gebdaww,1.0
geckolm,1.0
gecoyie,1.0
gecxton,1.0
geczovw,0.0
gedjvfo,1.0
gedlymg,1.0
gedvtvp,1.0
gedxuho,1.0
geeadsa,1.0
geedtmy,1.0
geeozhv,0.0
gefoxwt,0.0
gefpqqh,1.0
gefrhxf,0.0
gefwiag,0.0
gefzqbs,0.0
gegbodi,1.0
gegvrms,1.0
gehmicw,1.0
gehwqmp,0.0
geiaazy,1.0
geiqjgh,1.0
gejmmug,0.0
gekdpga,1.0
gelbgqy,1.0
gellghw,1.0
gemlnny,1.0
gempmly,1.0
genddrt,1.0
genftnb,1.0
genhiuc,1.0
genimeo,1.0
genoqfr,1.0
genzihe,0.0
genztbv,0.0
georcfd,0.0
geoxpdf,1.0
gepdkdd,1.0
gepshmw,0.0
geqabul,0.0
geqpgsa,0.0
geqqmni,0.0
gequoyf,1.0
geraljt,1.0
gernryf,1.0
gerqllk,1.0
gerwvun,1.0
gerzysu,0.0
gesbzhf,0.0
gescirx,1.0
gesgxbg,1.0
gesiezb,1.0
gesuweq,0.0
geswkrg,1.0
gesxvsb,1.0
gesyrix,0.0
geszszj,1.0
getdhrx,1.0
gethcwl,1.0
getjhjq,0.0
getjwmi,1.0
getldcj,1.0
getooif,1.0
getwgzn,1.0
getxhqz,0.0
getyuzu,1.0
geulxkt,1.0
gevagbi,1.0
gevbolp,0.0
gevrsgk,0.0
gewycou,1.0
gexmrkx,1.0
gexnpys,1.0
gexpezs,0.0
gexysfw,1.0
gexzqow,0.0
geyhefq,1.0
gezerzs,0.0
gezntiy,1.0
gezstzc,1.0
geztjcv,1.0
gezyeeg,1.0
gfaglwm,1.0
gfajtrf,1.0
gfakxrv,1.0
gfasnvo,1.0
gfavckx,1.0
gfavsxk,0.0
gfawslw,0.0
gfbcmwz,0.0
gfbhkzw,1.0
gfbkcjf,1.0
gfbllcm,1.0
gfboury,1.0
gfcbsfi,1.0
gfceohu,0.0
gfcfyth,1.0
gfcnbqo,1.0
gfcuiti,1.0
gfeavwt,1.0
gfedtzq,1.0
gfexafp,1.0
gffenil,1.0
gffqtbs,0.0
gfgnnjx,1.0
gfgvyur,1.0
gfhczhh,1.0
gfhdgmi,0.0
gfhnfdq,1.0
gfhvqvu,1.0
gfhwpua,0.0
gfhzrln,1.0
gfitvym,1.0
gfitwgf,1.0
gfjicwh,0.0
gfjkmbn,0.0
gfjqyls,1.0
gfjsuam,1.0
gfkbobv,1.0
gfktrjm,0.0
gflferf,1.0
gflfitd,1.0
gfljkyr,1.0
gflkeze,1.0
gflnfxv,1.0
gflptol,1.0
gflqlet,0.0
gfmfsjv,0.0
gfmhjku,0.0
gfmzcsc,0.0
gfnqobv,1.0
gfnvsaw,1.0
gfnzmwp,1.0
gfohlrr,1.0
gfohpez,1.0
gfoipoo,1.0
gfomvcw,1.0
gfomymb,0.0
gfoohji,1.0
gfotqfz,0.0
gfpidik,0.0
gfplipt,1.0
gfppipx,1.0
gfpzlzh,1.0
gfqbxxd,1.0
gfqgnwm,0.0
gfroorz,1.0
gfrpriu,1.0
gfryzch,0.0
gfsdsnz,1.0
gfsgdcs,1.0
gfsjcmp,1.0
gfsqorb,1.0
gfsrxps,1.0
gfssiqp,0.0
gfsthlf,1.0
gftaufp,1.0
gftdofd,1.0
gftgkow,1.0
gftnmnn,0.0
gftqnfk,1.0
gftujxc,1.0
gfudgmx,1.0
gfulazx,1.0
gfvaiop,1.0
gfvzeld,1.0
gfwjzlh,0.0
gfwuzgb,1.0
gfxbtyu,1.0
gfxorkc,0.0
gfxrdok,0.0
gfygqfc,1.0
gfyucro,1.0
gfzaatp,1.0
gfzpzfm,1.0
gfztunt,0.0
gfzxovu,1.0
ggamtyi,1.0
gganijq,0.0
ggascsn,1.0
ggbavbm,1.0
ggbkscu,0.0
ggbprbf,1.0
ggbsdzc,1.0
ggbzatl,1.0
ggcasdw,1.0
ggccomx,0.0
ggchqlg,1.0
ggcpvbo,0.0
ggcqrmc,0.0
ggddnsy,0.0
ggedatk,1.0
ggemvhx,1.0
ggenacm,0.0
ggenrzr,0.0
ggevrnb,0.0
ggeytny,0.0
ggfaqkh,1.0
ggfemon,1.0
ggffqdt,1.0
ggffxon,1.0
ggfjkdb,1.0
ggfroaq,0.0
ggfuxdr,1.0
gggdbrz,1.0
gggfilm,1.0
gggjuwd,1.0
gggkqpy,1.0
gggmaot,0.0
gggnode,1.0
gggnuid,1.0
gggoggp,0.0
gggrdtc,0.0
gggtqzc,1.0
gghbeou,0.0
gghexns,1.0
gghklhp,0.0
ggiabub,0.0
ggiemvj,1.0
ggioiuo,0.0
ggivtrr,1.0
ggixpax,0.0
ggiyjzd,1.0
ggizdbh,1.0
ggjjlls,0.0
ggjnlpp,0.0
ggjvuub,0.0
ggjxycs,1.0
ggjxztn,1.0
ggkjfwl,1.0
ggknegz,1.0
ggkwjqe,1.0
gglcecg,1.0
ggmqomk,0.0
ggmvswb,1.0
ggmzaed,1.0
ggnftlq,1.0
ggnsjoc,1.0
ggnyqlp,0.0
ggnzoob,1.0
ggnzuff,0.0
ggoaeui,1.0
ggoftkq,0.0
ggogbcb,1.0
ggolbdq,0.0
ggorpvv,1.0
ggosqxv,0.0
ggotzlj,0.0
ggozmir,1.0
ggpbonj,1.0
ggpfaml,1.0
ggpjozo,0.0
ggpksfk,0.0
ggpoanm,1.0
ggpwitn,0.0
ggqcaxk,1.0
ggqngpv,1.0
ggqoobw,1.0
ggqsbus,1.0
ggqvxdr,0.0
ggrahkl,0.0
ggruoop,1.0
ggrvcjt,1.0
ggrxdhv,1.0
ggsanoh,1.0
ggskysa,1.0
ggtbdtb,1.0
ggtbyjw,1.0
ggtmxtr,1.0
gguhqhx,1.0
gguqacn,1.0
ggusqsi,1.0
ggutryl,0.0
ggvaoez,0.0
ggvfznu,1.0
ggvmdtm,1.0
ggvmisj,0.0
ggwgzlr,0.0
ggwnysw,0.0
ggwsdvi,1.0
ggwxneu,1.0
ggxaajf,1.0
ggxdldg,1.0
ggxpnne,0.0
ggyqeer,1.0
ggyqfgq,0.0
ggyswje,1.0
ghaakyz,1.0
ghavneh,0.0
ghawpmi,0.0
ghbaxdp,1.0
ghbqasu,1.0
ghbsasa,1.0
ghbtsmw,1.0
ghbuzzk,1.0
ghciaza,1.0
ghcltcl,1.0
ghcvrjj,1.0
ghcwxif,0.0
ghdbljf,0.0
ghdetxl,1.0
ghdhsvt,0.0
ghdmuef,1.0
ghdvwwc,1.0
ghdydxu,1.0
ghectzq,0.0
gheeemu,1.0
ghejpid,1.0
gheptua,1.0
ghfetui,0.0
ghfhpie,1.0
ghfobgz,1.0
ghfomko,1.0
ghfyadq,1.0
ghgqdkj,1.0
ghgxmao,1.0
ghhumju,1.0
ghijeds,1.0
ghiohix,0.0
ghiqdgj,0.0
ghivzup,1.0
ghjegwa,0.0
ghjpspu,1.0
ghjtnzu,0.0
ghkdfuc,1.0
ghktabk,1.0
ghkvxja,1.0
ghkymxp,1.0
ghlulxe,1.0
ghlyljm,1.0
ghlzlrg,1.0
ghmpoxb,1.0
ghnexrg,0.0
ghnloey,0.0
ghnmvdd,1.0
ghnxrbm,1.0
ghoombj,1.0
ghoxkep,1.0
ghpopui,1.0
ghppafu,1.0
ghpqybx,1.0
ghqapda,1.0
ghqhive,1.0
ghqxzmz,0.0
ghrdbez,1.0
ghrjpqm,1.0
ghrjsoc,1.0
ghrkfbv,1.0
ghrmlsd,1.0
ghrnduo,0.0
ghrrcbe,1.0
ghsbwif,1.0
ghsbxmn,0.0
ghsmbnt,1.0
ghsnzmg,1.0
ghstixl,1.0
ghsyhvm,1.0
ghtahus,0.0
ghtakru,1.0
ghtdcnr,0.0
ghtftsx,0.0
ghtodbq,1.0
ghtxket,1.0
ghtyluq,1.0
ghuqclw,1.0
ghuqxcw,1.0
ghurtak,0.0
ghutuvt,1.0
ghwfccz,1.0
ghwjhje,0.0
ghxawlh,0.0
ghxbkgf,1.0
ghxcnvv,0.0
ghxwijn,1.0
ghxxxgy,0.0
ghxygyd,1.0
ghyaiec,1.0
ghybvdd,1.0
ghymmix,1.0
ghyrvuq,1.0
ghywynx,1.0
ghyzyjq,0.0
ghzdqoi,0.0
ghzgkoe,1.0
ghziqml,1.0
ghzjmiy,0.0
ghzmcot,1.0
giaakrd,1.0
giaaxkr,1.0
giagsxf,0.0
giaimsq,0.0
giaqkcu,1.0
giattsm,1.0
gibjjun,1.0
giblwos,0.0
gibngom,0.0
gibntxn,1.0
gickjsl,1.0
gicxohr,1.0
gicyohs,1.0
gicyybw,0.0
gidgzto,0.0
gidipjx,1.0
gidowye,0.0
gidqdpm,1.0
gidvekr,1.0
giebqxt,1.0
giejqcy,1.0
giemdjc,1.0
giepjox,1.0
gigajnl,1.0
gigassv,1.0
gigqglt,1.0
gigwwno,1.0
gihfzkg,1.0
gihhtob,1.0
gihjrmx,1.0
giijlxj,0.0
giixxvk,0.0
giiyqtq,1.0
gijokym,0.0
gijpdvu,0.0
gijtkdk,1.0
gijywob,1.0
gikchzt,0.0
gikiigw,1.0
giknhqn,1.0
giliyer,1.0
gilrqws,1.0
gimovwb,1.0
gimxjzh,0.0
gimyuar,1.0
ginijpz,1.0
ginloqd,1.0
ginnnmn,1.0
ginztzx,0.0
giobmem,0.0
giotzpb,1.0
gioyvuz,1.0
giozrin,1.0
gipkahk,1.0
gipknjh,1.0
giqavse,0.0
giqjewj,1.0
giqowgw,1.0
giricxk,0.0
girltbu,1.0
girorou,1.0
girqbrw,1.0
girqtnl,0.0
girqvev,0.0
gisgnyo,1.0
gisnovh,0.0
gispsca,1.0
gisudoa,1.0
gisznqi,1.0
gitlchk,1.0
gitxzfc,1.0
giubbbz,1.0
giuevrg,0.0
giumxvl,1.0
giupkxg,1.0
giuxcyp,1.0
givntgn,1.0
givrnek,1.0
giwhszs,1.0
giwruln,0.0
giwvmbf,1.0
giwxfxc,1.0
gixgdzv,0.0
gixmplb,0.0
giyaiib,0.0
giycqjp,0.0
giykifn,1.0
giyqcma,1.0
giywpcn,1.0
giyyutc,1.0
gizghta,1.0
gizvgwp,1.0
gjaivxu,0.0
gjamtkg,1.0
gjavrwi,1.0
gjbfwgu,1.0
gjbgedm,1.0
gjbuyap,1.0
gjbybwt,1.0
gjcirsd,1.0
gjclqyb,1.0
gjcxfon,1.0
gjdiwnz,0.0
gjdkyqc,1.0
gjdxkgo,1.0
gjejjvx,0.0
gjfmyni,1.0
gjfnkip,1.0
gjfpgog,1.0
gjfztlf,1.0
gjgjltg,1.0
gjglavl,1.0
gjhbdza,1.0
gjhdvlw,0.0
gjhmfdm,1.0
gjhryvq,0.0
gjhzcja,0.0
gjiembl,0.0
gjierup,0.0
gjikufy,0.0
gjillwb,0.0
gjimgkf,1.0
gjitpmh,0.0
gjjpnys,1.0
gjjuizj,0.0
gjkdlvp,1.0
gjkojng,1.0
gjlnunu,1.0
gjlorwd,1.0
gjlwoqf,1.0
gjmgnwt,1.0
gjmpbsk,1.0
gjnigki,0.0
gjntfzm,1.0
gjnttst,1.0
gjnufhy,1.0
gjnysun,1.0
gjohevb,1.0
gjohtai,1.0
gjoibpp,1.0
gjopvxn,1.0
gjorucs,1.0
gjpeuhk,1.0
gjpfhtg,0.0
gjpmueu,0.0
gjpnbpk,1.0
gjpsjmk,1.0
gjqeins,0.0
gjqufmp,1.0
gjqxmds,1.0
gjrczej,1.0
gjrgetq,0.0
gjrhacu,1.0
gjriuep,0.0
gjrsrxt,0.0
gjrxqer,1.0
gjsamok,1.0
gjsfjmi,1.0
gjsfjxr,0.0
gjsgurz,1.0
gjsrvnq,1.0
gjsvhxc,0.0
gjteqgr,1.0
gjtwnxj,1.0
gjtwuhu,1.0
gjvdhdd,0.0
gjviynm,0.0
gjvmddc,1.0
gjwdpev,1.0
gjwlewx,1.0
gjwltfj,1.0
gjwlyrt,0.0
gjwojav,0.0
gjwrxtp,1.0
gjxagda,1.0
gjxlpdi,1.0
gjxqbfa,0.0
gjxqfxi,0.0
gjxrrys,0.0
gjxvrqv,1.0
gjyfbte,0.0
gjypjxt,1.0
gjyrunj,1.0
gjyubyr,1.0
gjyukse,0.0
gjyxohd,1.0
gjzafxf,1.0
gjzkmhy,0.0
gjzzouy,1.0
gkabtkz,1.0
gkaqduh,0.0
gkartfo,0.0
gkaxjpa,1.0
gkayxvf,1.0
gkbbqol,0.0
gkbfxby,0.0
gkbnsyx,1.0
gkbryry,1.0
gkcgpfc,1.0
gkcizxe,1.0
gkcrymj,1.0
gkdpzsk,1.0
gkdwnif,1.0
gkeaify,1.0
gkefhcz,1.0
gkefvhy,0.0
gkegwet,0.0
gkeqfrh,0.0
gkexwno,0.0
gkfahag,0.0
gkfeeyf,1.0
gkfjxob,1.0
gkfkqqm,1.0
gkfprvo,1.0
gkfuchk,1.0
gkfvnad,1.0
gkgxbca,0.0
gkhqlci,1.0
gkhrpqe,1.0
gkighjs,0.0
gkimjmf,0.0
gkjaezm,1.0
gkjboku,0.0
gkkbntc,0.0
gkkibgo,0.0
gkkkdcw,1.0
gkktlzt,0.0
gkldnum,0.0
gklkipw,1.0
gkmfymr,1.0
gkmileo,1.0
gkmkrot,1.0
gkmqftk,0.0
gkmrbey,1.0
gkmyuwn,1.0
gkmzazd,1.0
gknunoc,0.0
gkoltxk,0.0
gkoshaw,1.0
gkpibam,1.0
gkptubh,1.0
gkpxxnx,0.0
gkpzfnn,0.0
gkqnukj,1.0
gkrdhbb,1.0
gkrsefm,1.0
gksapgd,0.0
gksdftb,1.0
gksmidj,1.0
gksontu,0.0
gksqnlh,1.0
gksyleu,1.0
gktdqjq,1.0
gktftim,0.0
gktsmnd,1.0
gkucwzp,1.0
gkuembw,0.0
gkuupcl,1.0
gkuyiez,1.0
gkvcsou,1.0
gkvkjfr,1.0
gkvrjkp,1.0
gkvvedd,0.0
gkvwcth,1.0
gkwcoot,1.0
gkwfcve,1.0
gkwiebp,1.0
gkwwibv,1.0
gkwwnbl,0.0
gkwwsvt,1.0
gkxdzcm,1.0
gkxfumy,1.0
gkyaoqb,1.0
gkybirs,1.0
gkycilk,1.0
gkyjhsy,1.0
gkzgjgc,1.0
gkzrawj,0.0
gkzsjbg,1.0
gkzutqj,0.0
gkzvhhi,1.0
gkzzqmq,0.0
glaakvn,0.0
glahomj,0.0
glasqlx,1.0
glatoao,0.0
glawdxm,0.0
glaxyrq,1.0
glbbyzy,1.0
glbrxxp,1.0
glbvgip,1.0
glbwfoz,1.0
glcbizw,1.0
glcnixc,0.0
glcoctg,1.0
glczwit,0.0
gldfdvc,1.0
gldibvs,1.0
gldipec,1.0
gldlfiw,1.0
gldlupc,0.0
gldrhoz,1.0
gldstui,1.0
glecgca,1.0
glegllb,0.0
glelmrr,1.0
glembpg,0.0
glemcsq,0.0
gleobor,0.0
gleyzra,1.0
glfhfji,1.0
glfteuo,0.0
glftqea,1.0
glfvugj,1.0
glgenjs,1.0
glgtrdg,1.0
glguqvu,0.0
glhhyvj,1.0
glhjcfw,1.0
glhmxpy,1.0
glholxe,1.0
gliootx,1.0
glisygh,1.0
gljairs,0.0
gljzcrb,1.0
glkledt,0.0
glkoent,1.0
glkqqdo,0.0
glldanc,0.0
gllksdw,1.0
gllqtwr,1.0
glmdoqc,1.0
glmfoif,1.0
glmoztx,1.0
glnqrri,1.0
glntoic,1.0
glolukp,0.0
glopmik,1.0
gloquwd,1.0
glotjif,0.0
glovaqr,0.0
glowztv,0.0
glpvwuy,0.0
glqbssh,1.0
glqudeg,1.0
glqvmat,1.0
glqzxgg,1.0
glrdvwn,1.0
glrizsx,1.0
glrmfsc,1.0
glruaiz,1.0
glrupuh,1.0
glrwokj,1.0
glrxffk,1.0
glsdvad,0.0
glsqwhz,1.0
glsqyfj,1.0
glswvdl,0.0
glticwu,1.0
gltsesy,1.0
gltxrjm,1.0
gluqwzd,1.0
gluzekn,0.0
glvlkdx,1.0
glvlrao,1.0
glvvtgf,1.0
glwetab,0.0
glwianj,0.0
glwyosu,0.0
glxquev,1.0
glxvcaj,1.0
glyzlxg,1.0
glzazjs,1.0
glzjgvj,1.0
glzkagy,1.0
glztifw,1.0
gmafqvr,1.0
gmaiclo,1.0
gmaiuxb,0.0
gmawhfp,1.0
gmbkzdq,1.0
gmbmpcf,0.0
gmbqiij,0.0
gmckpgv,1.0
gmcnyjn,1.0
gmcorsx,1.0
gmcyerh,1.0
gmdcarf,1.0
gmdgnrr,1.0
gmdisfj,1.0
gmdkbow,1.0
gmdmuwl,1.0
gmdoviy,1.0
gmdurwi,1.0
gmdvfbr,1.0
gmedmhs,0.0
gmeqheg,1.0
gmeyxnt,1.0
gmezbim,1.0
gmffdqv,1.0
gmfslts,1.0
gmfulnq,0.0
gmhbdrc,1.0
gmhekul,1.0
gmidrkb,1.0
gmihwyz,1.0
gmilxiy,1.0
gmjbtdt,1.0
gmjidox,1.0
gmjrwfn,0.0
gmjtkmj,0.0
gmjvqrd,1.0
gmjysjt,1.0
gmkahyn,0.0
gmkdsxw,0.0
gmkevmc,0.0
gmkgfxv,1.0
gmknhbl,0.0
gmkxxgc,1.0
gmlrnxn,1.0
gmmiosr,1.0
gmmiugp,1.0
gmmkeit,1.0
gmmnhwa,1.0
gmmzzqb,1.0
gmnlmqu,1.0
gmnlwsw,1.0
gmnomal,0.0
gmocmya,0.0
gmomvzm,1.0
gmpbmpk,1.0
gmpriue,1.0
gmptami,1.0
gmpwikv,0.0
gmpzdxs,1.0
gmqipvj,1.0
gmqjdfv,1.0
gmqould,1.0
gmqptzg,0.0
gmrxysv,1.0
gmshsvs,1.0
gmsmdpa,1.0
gmsmhkt,1.0
gmsttax,1.0
gmtrgba,1.0
gmtrgqs,1.0
gmtsoyc,0.0
gmubfax,1.0
gmucnrt,0.0
gmudljd,1.0
gmugihl,1.0
gmusjte,1.0
gmuslru,1.0
gmuxmec,0.0
gmvfyeb,0.0
gmvigww,0.0
gmvmfkl,0.0
gmvnqjz,1.0
gmvsdjr,1.0
gmwfaft,1.0
gmwflfk,1.0
gmwhdvi,1.0
gmwrlrt,0.0
gmwxncw,0.0
gmwzqqo,0.0
gmxcahm,1.0
gmxiolw,1.0
gmxogot,1.0
gmxwqux,1.0
gmycvyo,1.0
gmyjpgq,1.0
gmymeru,1.0
gmymfzb,1.0
gmynvpa,0.0
gmyzpbj,0.0
gmzbktm,0.0
gmzfczh,0.0
gmzguep,1.0
gmzqxlm,0.0
gmzwjii,1.0
gmzybms,1.0
gnahywk,0.0
gnation,1.0
gnaxgbc,1.0
gnbjujx,1.0
gnbnhxp,0.0
gnbtaki,1.0
gnbtkuj,0.0
gnbwqpi,1.0
gncbcwh,1.0
gncorfw,1.0
gncpiez,0.0
gnddkof,1.0
gndegie,1.0
gngbkiu,1.0
gngbwre,1.0
gngtmdw,1.0
gnhgogx,0.0
gnhmrjy,1.0
gnhuior,1.0
gnhzccc,0.0
gnhzqhm,1.0
gniavvu,1.0
gniphtg,0.0
gniqick,1.0
gnjwcis,0.0
gnkdlug,1.0
gnkhbjq,1.0
gnkrxnx,1.0
gnledon,1.0
gnlhwqm,1.0
gnlsnyb,0.0
gnlypkz,0.0
gnmenwq,1.0
gnmgpqu,1.0
gnmkscx,1.0
gnmnsng,1.0
gnmytpl,1.0
gnngkvj,0.0
gnnklgm,1.0
gnnmxnz,1.0
gnnywgy,1.0
gnoasbw,1.0
gnobqsj,1.0
gnodono,1.0
gnonkom,0.0
gnoofem,1.0
gnorrfc,1.0
gnotorb,1.0
gnovsba,0.0
gnpaney,1.0
gnpbuss,1.0
gnpghun,0.0
gnpojzi,1.0
gnptnfd,1.0
gnpwbyo,1.0
gnpxdqm,1.0
gnqdgoo,1.0
gnqlszx,1.0
gnqmsrk,0.0
gnqzxym,1.0
gnrffpq,0.0
gnrhthf,1.0
gnrkmzm,1.0
gnrlepb,0.0
gnstwmi,0.0
gnsvwxz,1.0
gnsynsj,0.0
gnsywdu,0.0
gntdgpv,0.0
gntdpyh,0.0
gntecfs,1.0
gntfnda,1.0
gnttglc,0.0
gnttvig,0.0
gnuewbk,0.0
gnufxci,1.0
gnufxhm,1.0
gnuqcly,1.0
gnvhomx,1.0
gnvjyvq,0.0
gnvynxk,1.0
gnwbjtn,1.0
gnwmdkq,0.0
gnwvfud,1.0
gnwwsoj,1.0
gnwwxkw,1.0
gnxahyh,1.0
gnxgpmd,1.0
gnxkips,1.0
gnxutpg,1.0
gnxxdbb,0.0
gnyivlz,1.0
gnylnli,1.0
gnypeds,1.0
gnypfbl,1.0
gnyrggf,0.0
gnyrrec,1.0
gnysjci,0.0
gnywagt,1.0
gnzecgr,1.0
gnzgzdn,0.0
gnzigqx,1.0
gnzpuun,0.0
gnzqctt,0.0
goacryr,1.0
goakrmg,1.0
goavcwr,1.0
gobaqkl,1.0
gobdoae,1.0
gobhomr,1.0
gobvirb,1.0
gocyoiz,0.0
godcelm,0.0
godemxd,1.0
godnqbw,0.0
godqdsb,1.0
godqttp,1.0
godtrlx,1.0
goebthx,1.0
goehyjl,1.0
goejckc,1.0
goejpsf,0.0
goelxtf,1.0
goenhit,0.0
gofayzi,0.0
goflkbh,1.0
gofmipz,1.0
gofngqj,0.0
gofofjw,1.0
gofojxi,0.0
gofxtfj,0.0
gogkxyl,1.0
gogrvxd,1.0
gogxbyd,0.0
gohdplf,0.0
gohdybs,0.0
gohpsqe,1.0
goiasxu,1.0
goikdsg,0.0
goikhbd,1.0
goishqz,0.0
goixrfu,0.0
gojqbjq,1.0
gojuvtx,1.0
gojvvph,1.0
gokjlwe,0.0
gokmdur,1.0
gokpjrn,1.0
gokqbqf,1.0
goktwav,1.0
goltcal,1.0
gombqts,1.0
gomgeiu,1.0
gomtupu,0.0
gonbrsb,0.0
gonfdbp,0.0
gonkiam,0.0
gonogjn,1.0
goopttl,1.0
gooylcr,1.0
gopfgdt,0.0
gopsqog,1.0
goputci,0.0
goqemie,0.0
goqiake,1.0
goqtuif,1.0
goredck,1.0
goreuei,1.0
gorqfmo,1.0
gosiice,1.0
gosiupl,0.0
gosjjzl,1.0
gosrhbt,0.0
gotffud,0.0
gotkpum,1.0
gotllpy,1.0
gotlmag,0.0
gotroee,1.0
gotsmit,1.0
gotuopl,1.0
gotxlmb,1.0
gouiyzo,1.0
gouvsls,1.0
govaemo,0.0
govcdxs,1.0
govqnjc,0.0
govxmcm,1.0
gowbqbc,1.0
gowgbwa,1.0
gowwopz,1.0
gowyeav,1.0
goxablv,1.0
goxbapu,0.0
goxbpqh,1.0
goxcdph,1.0
goxiogg,0.0
goxjjca,0.0
goxkjye,0.0
goxklar,1.0
goxllme,1.0
goxmlwg,0.0
goxrfjw,1.0
goxyjlb,0.0
goxzgpf,1.0
goyahzy,1.0
goyamek,1.0
goybprr,1.0
goybusp,1.0
gozhwpe,1.0
gozizqb,1.0
gozjyvm,1.0
goztzwu,1.0
gpbsflw,0.0
gpcbebz,1.0
gpceong,1.0
gpctwms,1.0
gpducil,1.0
gpedjee,1.0
gpegbqu,0.0
gpejtep,1.0
gpeqgge,0.0
gpezmyo,1.0
gpfleol,1.0
gpfocxf,1.0
gpfsfcy,1.0
gpfuqym,1.0
gpfvjog,0.0
gpgdhil,0.0
gpgknha,0.0
gpgktsg,1.0
gpgnkbp,1.0
gpgspjq,1.0
gphazsf,1.0
gphqath,0.0
gphrsbi,0.0
gphwamz,1.0
gphwzcu,1.0
gpiabbu,1.0
gpiarpm,1.0
gpibhtp,1.0
gpijgis,0.0
gpixpac,1.0
gpjnjgl,0.0
gpkdjig,1.0
gpkjuvf,1.0
gpktlli,1.0
gpkxvjd,1.0
gpllwsw,0.0
gplnqvq,1.0
gplnyut,0.0
gplxcss,1.0
gpmdufh,0.0
gpmuali,0.0
gpmwdtc,1.0
gpmxbau,1.0
gpnannn,1.0
gpndtxy,1.0
gpnnmmd,1.0
gpnojox,0.0
gpnvwxc,1.0
gpnwpzw,1.0
gpoaroz,1.0
gpobiqp,0.0
gpogesx,1.0
gporaji,1.0
gpoummv,0.0
gpovbba,1.0
gpoztqx,1.0
gppgobp,1.0
gppyloa,0.0
gpqauzp,0.0
gpqcyrs,0.0
gpqechq,1.0
gpqhnae,1.0
gpqlvat,1.0
gprbfld,1.0
gprmosr,1.0
gprsbqz,1.0
gprsmeo,0.0
gpscwkt,1.0
gpsssqh,0.0
gpszpen,1.0
gptkvyq,1.0
gptlazm,1.0
gptmgmw,1.0
gptmjzx,1.0
gptmldj,1.0
gptumqn,1.0
gpujdqq,0.0
gpujpoh,1.0
gpupjjl,1.0
gpuwrox,1.0
gpvghhk,1.0
gpvkmbj,1.0
gpvmgei,1.0
gpxdejx,1.0
gpxqpvd,0.0
gpxvvhh,1.0
gpxzodg,0.0
gpydstd,0.0
gpytycz,1.0
gpzvflf,0.0
gpzzsxr,1.0
gqaboss,0.0
gqadmsq,1.0
gqafpao,0.0
gqaksmv,1.0
gqasgoq,0.0
gqbniso,1.0
gqbujjy,1.0
gqcdqbf,1.0
gqckztg,1.0
gqcsylm,0.0
gqdesct,1.0
gqdgrhc,0.0
gqehaai,1.0
gqeilwi,1.0
gqemztx,1.0
gqetbxd,1.0
gqexqih,1.0
gqfhruo,1.0
gqfscpd,0.0
gqftmdd,0.0
gqgddof,0.0
gqgrrqw,0.0
gqgubar,0.0
gqhbrof,1.0
gqhkyzr,1.0
gqibtwi,0.0
gqihlsr,1.0
gqiqsch,1.0
gqiqukn,0.0
gqjilnu,0.0
gqjotcg,1.0
gqkdmht,0.0
gqkgxnb,1.0
gqkodbr,1.0
gqkquxb,0.0
gqkswen,1.0
gqkwwjy,1.0
gqlwkfl,1.0
gqmbwau,0.0
gqmrqhq,1.0
gqnewyx,1.0
gqnfhck,0.0
gqngaed,1.0
gqnhxwd,1.0
gqnjubi,1.0
gqnrdwb,1.0
gqnycng,0.0
gqobvvw,0.0
gqodxda,1.0
gqosyoa,1.0
gqotddz,1.0
gqousgp,1.0
gqpadox,0.0
gqpbqrk,1.0
gqpksoz,1.0
gqpuevy,1.0
gqpzfdd,0.0
gqqjrjp,1.0
gqqrcry,0.0
gqqtart,1.0
gqquefi,0.0
gqquswq,1.0
gqqzdjn,0.0
gqrjjam,0.0
gqscpyo,1.0
gqsjwwu,1.0
gqtjrcc,1.0
gqtsnrr,0.0
gqtxlng,0.0
gqugyfy,0.0
gquqwzk,0.0
gqutplw,1.0
gquucli,0.0
gquvtcr,1.0
gqvkdgt,1.0
gqvnqff,1.0
gqvuxkk,1.0
gqvyokt,0.0
gqvywyn,1.0
gqwaaxq,1.0
gqwfqgw,1.0
gqwpfcd,0.0
gqwqkdu,1.0
gqxamyg,1.0
gqxgokc,1.0
gqxzvwa,0.0
gqyafrj,0.0
gqytdhy,1.0
gqzsams,0.0
gqzsnlm,1.0
graenjm,1.0
grafjej,1.0
grahwug,1.0
grarvdc,1.0
gravepo,1.0
gravvkg,1.0
grbugio,1.0
grcarvm,1.0
grcfyof,0.0
grdfnxv,0.0
grdlrht,1.0
grdmhut,1.0
grdztul,1.0
greghpe,1.0
grenpbp,1.0
grerhrz,0.0
gretjpo,1.0
grezamt,1.0
grfaeoy,0.0
grfoulf,1.0
grgendn,1.0
grgylrn,1.0
grhfvom,1.0
grhgahv,1.0
grhlktq,0.0
grhntrr,1.0
grhsnvq,1.0
grijatr,0.0
grikrjr,1.0
grjbhsl,1.0
grjhcyc,1.0
grjrvjy,1.0
grjsoee,0.0
grjtmed,0.0
grkgodu,0.0
grkmxqd,1.0
grkshri,1.0
grlsgfo,0.0
grlucua,0.0
grlyrhg,0.0
grlzrko,0.0
grmjmql,1.0
grmmhku,1.0
grmpwon,1.0
grmyziu,1.0
grnjyte,1.0
grnwkfv,1.0
grnxenv,1.0
groagta,1.0
grobxvz,1.0
groczwz,1.0
groezan,1.0
grojiwo,0.0
growwoh,0.0
groybut,1.0
grpbmap,1.0
grpeexz,0.0
grpheef,1.0
grphljl,0.0
grpkdzi,1.0
grplbzm,0.0
grpvzln,1.0
grqdoyy,1.0
grqicbh,1.0
grqjebz,1.0
grqjnjy,1.0
grqlljf,1.0
grqnqmf,1.0
grrauvv,1.0
grrczqa,1.0
grrgxml,1.0
grruynz,1.0
grrwgro,1.0
grrximo,1.0
grryjwa,0.0
grsbacs,0.0
grsjpen,1.0
grsnidn,0.0
grsykwd,0.0
grtwlcy,0.0
grumktv,1.0
grurbbj,1.0
gruwfwl,1.0
grvduyl,1.0
grvgizf,1.0
grvgten,1.0
grvseuu,0.0
grwbcwl,1.0
grwxbxm,1.0
grxheqk,1.0
grxiupf,1.0
grxpptz,1.0
grzbawp,1.0
grzipdn,1.0
grzldom,1.0
grzmcjg,0.0
grzoese,1.0
grzufyp,1.0
gsagzxy,1.0
gsahkdo,1.0
gsaoamn,1.0
gsaomud,0.0
gsbhrij,1.0
gsblriq,1.0
gsbmtup,1.0
gsbnvkr,0.0
gsbzbag,1.0
gscenha,0.0
gscjojp,1.0
gscjqfk,1.0
gscohfe,0.0
gscuvum,0.0
gsdbuih,0.0
gsdeixt,1.0
gsdghvu,0.0
gsdkfas,0.0
gsdqhja,1.0
gsdxqor,0.0
gsdxzmb,1.0
gsehqsr,1.0
gsemsif,1.0
gsesjbx,1.0
gsetjzs,1.0
gsewouu,1.0
gseyxxj,1.0
gsfiaof,1.0
gsfjjan,1.0
gsfoajf,1.0
gsfrlbu,1.0
gsgmabm,0.0
gsgsjfs,0.0
gsgvvhw,1.0
gsgwrik,0.0
gshaizp,1.0
gshjqdb,1.0
gshlfdh,1.0
gshnwdf,1.0
gshnybh,1.0
gshpdwd,1.0
gshphcc,1.0
gsiivzx,1.0
gsivofk,1.0
gsjnovs,1.0
gsjvuzp,1.0
gskeajr,1.0
gskgrtx,1.0
gskutnv,0.0
gslmclu,1.0
gslrqgu,0.0
gslurxf,0.0
gsluyve,1.0
gslvgak,1.0
gsmgqmx,0.0
gsmjkcc,1.0
gsmlvnn,1.0
gsmwmyq,1.0
gsnjato,1.0
gsnldlf,0.0
gsnzisn,0.0
gsobsla,0.0
gsobtcw,0.0
gsojaze,0.0
gsokotr,1.0
gsokrzi,1.0
gsovkol,1.0
gspacdw,1.0
gsphuqp,0.0
gspiklv,1.0
gsptmdd,1.0
gspvlrg,1.0
gsqcjif,1.0
gsqluih,0.0
gsqnspv,1.0
gsqtxeb,1.0
gsqwjdi,0.0
gsqyirb,1.0
gsrfagy,1.0
gsrgrvu,0.0
gsrhvqo,1.0
gsrvbja,1.0
gssmoud,1.0
gstbgqe,1.0
gstblkp,1.0
gstdkxr,1.0
gstjpcn,1.0
gstmsnd,1.0
gstphge,1.0
gstraid,0.0
gstrzdi,1.0
gstrzuj,0.0
gstsvqe,0.0
gsubnss,1.0
gsukkfj,1.0
gsuqlvc,1.0
gsuxgts,1.0
gsuyavg,1.0
gsvhawv,1.0
gsvihzj,0.0
gsvrcmy,0.0
gswglxm,0.0
gswsann,1.0
gswsgqr,0.0
gswvsxg,1.0
gswydxs,0.0
gswzjjt,1.0
gsxoxin,1.0
gsxqlxo,0.0
gsyergz,0.0
gsyfdwh,0.0
gsyjsbj,0.0
gszbqtl,1.0
gszdfmt,1.0
gszfgxu,1.0
gsziugu,0.0
gsznurt,1.0
gszovfu,1.0
gszrizr,1.0
gszyqmf,0.0
gszzqbk,0.0
gtaoson,1.0
gtatlkw,1.0
gtbczly,1.0
gtbfnvf,1.0
gtbhnjw,1.0
gtbigxe,1.0
gtbytki,1.0
gtcbfcj,1.0
gtchvkc,1.0
gtcpacx,1.0
gtcpsyt,0.0
gtcvbuq,1.0
gtdejnk,0.0
gtdhbgh,1.0
gtdlhnn,1.0
gtdwtjj,1.0
gtectuk,1.0
gtedrgz,1.0
gtehztb,0.0
gteirgm,0.0
gtfhmtp,1.0
gtfjhfx,1.0
gtfupgz,0.0
gtgesnx,1.0
gthmclw,1.0
gthmqxw,1.0
gthpfby,1.0
gtiowhf,1.0
gtirdzm,1.0
gtjekci,1.0
gtkhqqs,1.0
gtkyxux,1.0
gtluvhv,1.0
gtlzkjw,1.0
gtmipfg,1.0
gtmuqur,1.0
gtncojs,0.0
gtnokst,1.0
gtnqeux,1.0
gtntnct,0.0
gtnxppi,1.0
gtnznqw,1.0
gtoepux,1.0
gtoflpk,1.0
gtonyrb,0.0
gtoqacz,0.0
gtpcebd,1.0
gtpegrn,0.0
gtpjlio,0.0
gtprcad,1.0
gtptpou,1.0
gtpzatd,1.0
gtqjjea,1.0
gtqnvnw,1.0
gtquysy,1.0
gtqydyk,1.0
gtrjhlp,1.0
gtrklwa,0.0
gtrqsfl,1.0
gtrxgjl,1.0
gtryieg,1.0
gtrzymo,1.0
gtsgrvf,1.0
gtsrpjx,1.0
gtsslpp,1.0
gtsvagh,0.0
gttgwbl,0.0
gttjcif,1.0
gttjgdl,1.0
gttkhbm,1.0
gttnsna,1.0
gttoctf,1.0
gttzncl,1.0
gtueoha,1.0
gtusgph,0.0
gtuyxit,1.0
gtvbugv,1.0
gtvcyke,1.0
gtviixs,1.0
gtvlmon,1.0
gtwrykj,1.0
gtwvzxw,0.0
gtyaetd,1.0
gtyasmv,1.0
gtylctu,1.0
gtyrdwq,1.0
gtyyztd,1.0
gtzccmc,1.0
gtzgzkk,1.0
gtzhvye,0.0
gtzmvgq,0.0
gtzpimf,0.0
guaamsa,1.0
guahlvm,1.0
guamhjf,1.0
guansuy,0.0
guasbuo,1.0
guaymwo,0.0
guazdel,1.0
gubviqc,0.0
gubxepb,1.0
guccbuk,1.0
gucevpw,1.0
gucjuod,1.0
guckymc,1.0
gudbkia,0.0
gudbrgi,0.0
gudslih,0.0
gudtqam,1.0
guehxut,1.0
guelpvn,1.0
guerbov,1.0
guestan,1.0
guesyib,1.0
gufhogi,1.0
gufnnpw,1.0
gufoeko,1.0
gufojlp,1.0
gufwits,1.0
gufxrgy,1.0
gugddfb,1.0
guglzxg,1.0
gugqzcq,0.0
guguovi,1.0
guhbvkd,1.0
guhcbvz,1.0
guhgoyd,0.0
guhkjsg,1.0
guhwaka,1.0
guhzinz,1.0
guinbmv,1.0
guirpcl,1.0
guiunwo,0.0
guivztw,0.0
gujcwyn,0.0
gujqsov,1.0
gujwnqn,1.0
gukaimd,0.0
gukgdbi,1.0
gukginf,1.0
gukgofk,1.0
gukhffp,0.0
gukwdik,1.0
gulapyj,1.0
gulpbmz,0.0
gulwbhx,1.0
gulweyu,1.0
gumbxes,0.0
gumzbrt,1.0
gunhzlw,1.0
gunktev,0.0
gunmtzo,0.0
gunvzem,0.0
gunxfxc,1.0
guoipnb,1.0
gupbekd,1.0
guprymq,1.0
gupzdrw,1.0
guqogzc,1.0
gurdzry,1.0
gurirlb,1.0
gurpgam,0.0
gurquix,1.0
gursizo,1.0
gurtkrd,1.0
gusjisn,0.0
gusjtee,1.0
gutfcvv,1.0
gutfndg,1.0
gutkcgx,0.0
gutklvy,0.0
gutkwyk,1.0
gutnbts,1.0
gutpifb,1.0
guudgdl,1.0
guugwtk,1.0
guuxcph,1.0
guvjtel,1.0
guvwrlp,0.0
guwhvmg,1.0
guwjipu,0.0
guwqlsh,1.0
guykhvq,1.0
guyowzl,1.0
guywqvs,0.0
guzcpee,1.0
guzhtsh,1.0
guzjlmv,1.0
guzotnc,0.0
guzpqpm,1.0
guztivt,1.0
gvakqmu,1.0
gvamsge,1.0
gvanqvd,0.0
gvawzmo,1.0
gvbcbwt,1.0
gvbcmbi,0.0
gvbjaee,1.0
gvbscaq,1.0
gvbvuiw,1.0
gvcbnvv,1.0
gvcddcr,1.0
gvclvwo,1.0
gvdapml,0.0
gvdbalk,1.0
gvdkljk,1.0
gvdwlei,1.0
gvdwvup,1.0
gvembdg,1.0
gveqdaw,1.0
gvfaswv,1.0
gvfcwaw,0.0
gvfdghn,1.0
gvfdxgo,1.0
gvfnhru,0.0
gvfqxte,1.0
gvgawrb,1.0
gvgcdbx,1.0
gvghatv,0.0
gvgjtnd,1.0
gvgmwfq,1.0
gvgvada,1.0
gvhhkqa,1.0
gvibykj,1.0
gvigmoq,1.0
gvihuoa,1.0
gviiauy,1.0
gviirfw,1.0
gvinfvg,0.0
gvioajf,1.0
gviswhg,1.0
gvjagor,1.0
gvjnebp,1.0
gvjqyuy,1.0
gvjrpej,1.0
gvkkcts,1.0
gvlkabd,1.0
gvlmhcm,1.0
gvlplnz,1.0
gvltfie,1.0
gvmbjwq,0.0
gvmrssn,1.0
gvmuqfe,1.0
gvnccun,0.0
gvnzfvy,1.0
gvonhbh,1.0
gvonycu,0.0
gvorhpo,1.0
gvornap,0.0
gvovtxy,0.0
gvoxucn,1.0
gvpiwjm,0.0
gvplgul,1.0
gvrrlwa,0.0
gvrstac,1.0
gvrwzkl,0.0
gvsqpqb,1.0
gvsxizn,0.0
gvsydbb,1.0
gvszckb,0.0
gvtlccg,0.0
gvtlnky,1.0
gvtlsef,1.0
gvtnrqb,0.0
gvtstga,1.0
gvttzme,1.0
gvtvekt,0.0
gvuarjv,0.0
gvusous,1.0
gvuspft,0.0
gvuvoih,0.0
gvvskyp,0.0
gvvtkmo,0.0
gvwacox,0.0
gvwbesq,1.0
gvwdrwd,1.0
gvweadj,1.0
gvwfnax,1.0
gvwsahk,1.0
gvwwhdz,1.0
gvxagad,1.0
gvxpldm,1.0
gvxqunn,0.0
gvxrcow,0.0
gvxrxka,1.0
gvxvhqh,0.0
gvxzkgn,0.0
gvyapub,0.0
gvyhpjr,1.0
gvyineh,1.0
gvyivxz,1.0
gvyqygh,1.0
gvzfsbr,1.0
gvzysfk,0.0
gvzznzm,1.0
gvzzwua,1.0
gwafrlp,1.0
gwagtvq,1.0
gwaroqy,1.0
gwarrtw,1.0
gwbasbm,1.0
gwbrvqc,0.0
gwbtetx,1.0
gwbtfgr,0.0
gwcgevy,1.0
gwcqjue,1.0
gwcrzeq,0.0
gwdjnzu,1.0
gwdnmvb,0.0
gwdzfnz,1.0
gwdzibs,0.0
gwdztuh,1.0
gweazhr,0.0
gwehoou,1.0
gwfcjqz,1.0
gwfeppg,1.0
gwfjsnx,1.0
gwfybor,0.0
gwgbscp,1.0
gwggxte,0.0
gwgsghc,1.0
gwgszfo,1.0
gwgyqqh,1.0
gwgzhch,0.0
gwhgsxl,1.0
gwhljsx,1.0
gwhztrf,1.0
gwhzunq,1.0
gwigbdv,0.0
gwihxos,1.0
gwjbofq,1.0
gwjfiab,0.0
gwjraox,1.0
gwjvzlk,1.0
gwjzklw,1.0
gwkyjyu,0.0
gwkzpgu,1.0
gwlifdo,0.0
gwlowtd,1.0
gwlpusj,0.0
gwmhkor,0.0
gwmhqyu,1.0
gwmigyj,1.0
gwmzeld,1.0
gwndiuv,0.0
gwnkyxa,1.0
gwnlyiy,1.0
gwnvxau,1.0
gwodybv,0.0
gwonqwl,0.0
gwpgfwy,1.0
gwpidyg,1.0
gwpoubq,1.0
gwqcanm,1.0
gwqenqq,0.0
gwqhbev,1.0
gwrthrp,1.0
gwrzcbf,1.0
gwshxbe,1.0
gwsrkcp,1.0
gwstgtj,0.0
gwsusov,1.0
gwtazla,1.0
gwthekm,1.0
gwtvxtm,0.0
gwuajoc,1.0
gwuqxsd,1.0
gwvmtkw,0.0
gwvqbhf,1.0
gwwgprc,0.0
gwwhoam,1.0
gwwuszl,1.0
gwwwujg,0.0
gwxhhlq,1.0
gwxmdaz,0.0
gwxrdws,0.0
gwxtssm,0.0
gwxwrvg,0.0
gwymnip,1.0
gwytwir,0.0
gwyvwhj,0.0
gwywnsw,1.0
gwzfnnp,1.0
gwzjovt,1.0
gwzyokl,0.0
gxaevki,0.0
gxaodlm,1.0
gxaqbcl,0.0
gxasxep,1.0
gxayfko,1.0
gxbdhjv,1.0
gxbiybn,1.0
gxbnyjp,1.0
gxbshkj,0.0
gxcqake,1.0
gxcrjgj,1.0
gxczprs,0.0
gxdhume,0.0
gxeagrj,1.0
gxemssb,1.0
gxenqsm,0.0
gxesjef,1.0
gxetlku,1.0
gxevjqk,1.0
gxfqjei,1.0
gxfszto,1.0
gxfxjtz,1.0
gxfzosn,1.0
gxgaqbt,0.0
gxgdwdh,1.0
gxgfqju,0.0
gxhjtim,1.0
gxixeiv,1.0
gxiygee,1.0
gxjdbqq,0.0
gxjjdnd,0.0
gxjoszk,0.0
gxjtake,1.0
gxjzmqk,0.0
gxkaylr,1.0
gxkbnln,1.0
gxkjpfz,1.0
gxlsrbx,0.0
gxltfqd,0.0
gxlzyfx,0.0
gxmkxzs,1.0
gxmsaaq,1.0
gxmuifz,1.0
gxndhls,0.0
gxnhlvj,1.0
gxnhyfs,1.0
gxnisab,0.0
gxnrlyf,1.0
gxnrxgd,1.0
gxnvljn,0.0
gxnxfpa,1.0
gxoalas,1.0
gxofbgd,1.0
gxoxfxq,0.0
gxoxhrj,1.0
gxpjouc,1.0
gxqbadn,1.0
gxqhcjc,0.0
gxqokne,1.0
gxqxbao,1.0
gxrfdkw,1.0
gxrfhkd,1.0
gxsbcxy,0.0
gxsoqci,0.0
gxsqrkk,1.0
gxsrvbk,0.0
gxstkhu,1.0
gxtsjdo,0.0
gxuadoo,1.0
gxuejhs,1.0
gxuukst,1.0
gxuzfae,1.0
gxvgefu,1.0
gxvjtbw,1.0
gxvnccd,1.0
gxvogek,1.0
gxvstlj,1.0
gxvvljt,0.0
gxwaaqx,0.0
gxwaogn,0.0
gxwchen,1.0
gxwduua,0.0
gxwemho,0.0
gxwnnkg,1.0
gxwxscw,1.0
gxxcxaz,1.0
gxxppsg,1.0
gxxzkny,1.0
gxyxedz,1.0
gxzkstp,1.0
gyabvtx,1.0
gyajgpx,1.0
gyakqsj,0.0
gyapjwv,0.0
gybdgds,1.0
gybqlps,1.0
gybtzmt,1.0
gycabss,1.0
gycaxdw,1.0
gyconcw,1.0
gycsvux,1.0
gycxkgh,1.0
gydbqwp,1.0
gydeyny,0.0
gydhlew,0.0
gydogdi,0.0
gydwvpg,1.0
gyegkjb,1.0
gyeoeih,1.0
gyfiizl,1.0
gyflpvs,0.0
gyfrqrl,1.0
gyfypby,1.0
gygaple,1.0
gygcnqc,1.0
gygiiwz,1.0
gygkccz,1.0
gygpnlw,1.0
gygsfoh,1.0
gygwjhf,1.0
gyhbygk,1.0
gyhfiym,1.0
gyhiutv,0.0
gyhusqm,1.0
gyhutcl,0.0
gyhvclq,0.0
gyhzumq,0.0
gyifotz,0.0
gyijdef,1.0
gyipaia,1.0
gyixbkq,1.0
gyjeilw,0.0
gyjlgjp,1.0
gyjouub,1.0
gyjwsfz,0.0
gyjyuaq,0.0
gyjzkhk,1.0
gyketdu,1.0
gykookm,0.0
gykptfx,0.0
gykxvpf,1.0
gykyzuf,1.0
gylcdzt,1.0
gylcgbl,1.0
gyldbhk,1.0
gyldkjo,1.0
gyldwom,1.0
gyljpkg,1.0
gyloqen,1.0
gyludbm,1.0
gyluedg,1.0
gymgbxw,1.0
gympkxx,1.0
gymthhm,1.0
gymtxgc,0.0
gynddou,0.0
gyngoul,1.0
gyngzdj,1.0
gyniehv,1.0
gynjqpr,0.0
gyoamjx,1.0
gyokfso,1.0
gyovflw,1.0
gypesio,1.0
gypgcsh,0.0
gypkrkj,1.0
gypqxwo,1.0
gypxspq,1.0
gyqdyoc,0.0
gyqffxp,1.0
gyqlwvc,0.0
gyqrvqu,1.0
gyqttgm,0.0
gyrczib,1.0
gyrjmux,0.0
gyrmkyy,1.0
gyrouxk,1.0
gyrpams,1.0
gysvbiv,1.0
gytapvo,1.0
gytkexm,0.0
gytllbl,1.0
gyubtlh,1.0
gyvbokm,1.0
gyvlitb,1.0
gyvover,1.0
gyvtcqe,1.0
gyvxknh,0.0
gywaiqs,0.0
gywkzhb,1.0
gywntev,1.0
gywxsvs,0.0
gyxbhoh,1.0
gyxeetn,1.0
gyxyfrs,1.0
gyxzwjs,1.0
gyybrkb,1.0
gyyeaek,1.0
gyylcwz,1.0
gzadkqg,0.0
gzaevmy,1.0
gzaflpa,0.0
gzaxxuj,1.0
gzbdndg,0.0
gzbdnxx,1.0
gzbedez,1.0
gzbezca,1.0
gzblekb,1.0
gzbmrdi,1.0
gzbpxio,1.0
gzbxrcw,1.0
gzcofxi,1.0
gzcvwok,1.0
gzdgvqz,0.0
gzdlivj,1.0
gzdsfzg,1.0
gzdteae,1.0
gzefhwt,0.0
gzehjuz,1.0
gzesnkm,1.0
gzetrnw,0.0
gzfcwvs,1.0
gzfdjle,1.0
gzfiznb,0.0
gzfllqg,1.0
gzfvzzy,1.0
gzgawer,1.0
gzghxtk,0.0
gzguiga,1.0
gzgxvnc,1.0
gzhilut,0.0
gzhqfrl,1.0
gzibfyy,1.0
gzifzlr,0.0
gzimxid,1.0
gzirikz,1.0
gzjganj,1.0
gzjqoad,1.0
gzjxbcr,1.0
gzkhrts,1.0
gzkhsmc,1.0
gzlaidp,0.0
gzlerhi,1.0
gzlgadm,0.0
gzlhjow,0.0
gzlimyz,1.0
gzlpitd,1.0
gzluznx,1.0
gzmbmsq,0.0
gzmoaki,0.0
gzmvvuw,1.0
gznbegg,1.0
gznixta,1.0
gznkzhv,1.0
gzogslx,0.0
gzolsoo,1.0
gzotgyo,1.0
gzoxqhe,0.0
gzozuwj,0.0
gzpesim,1.0
gzpxpgk,1.0
gzqbpue,0.0
gzrhrql,0.0
gzrrkxt,1.0
gzrxgtt,1.0
gzryavp,1.0
gzryytb,1.0
gzscqlv,0.0
gzskhhh,0.0
gztlqvc,1.0
gztnjty,1.0
gztxovs,0.0
gzuwnsd,1.0
gzvhnle,1.0
gzvuwqf,0.0
gzvzfvz,0.0
gzwiuvj,0.0
gzwivsv,1.0
gzwkvxr,1.0
gzxnywb,1.0
gzxqrjd,1.0
gzxwepj,1.0
gzybpxf,1.0
gzycocj,1.0
gzyfkcv,0.0
gzyonps,1.0
gzzfsiy,0.0
gzzqmip,1.0
haacdkf,0.0
haanlla,0.0
haanlze,1.0
habkexl,0.0
habxwuw,0.0
hacaufu,0.0
hacpwpf,1.0
hacweqp,1.0
hacxsky,1.0
hadffzn,0.0
hadhwje,1.0
hadumgk,1.0
haebjco,1.0
haeerwc,0.0
haehrsq,1.0
haeisuj,1.0
haeqrub,0.0
haeqxgi,1.0
hafbqzc,1.0
hafmqxf,1.0
hafrvqk,1.0
hafwbmp,1.0
hafwegc,1.0
hagdypd,1.0
hagfdwe,1.0
hagsdjq,1.0
hahqzea,0.0
hahsdnu,0.0
haicgrt,0.0
haijfln,1.0
haimsrf,1.0
haitpsa,1.0
haizohg,0.0
hajedpa,1.0
hajkden,1.0
hajmzmg,0.0
hajobyw,0.0
hajumst,0.0
hajwadr,0.0
haklwei,1.0
hakngot,1.0
haktsbi,1.0
hakuapq,1.0
hakuwdq,1.0
halpacd,0.0
halrvam,1.0
halrxcj,0.0
halvdfv,1.0
halzfph,1.0
hamnmxq,0.0
hamtxwe,1.0
handwlg,1.0
haoetow,1.0
haofmnx,1.0
haofovc,1.0
haoqkkt,1.0
haoqqby,1.0
haoyiqm,1.0
haoyqge,1.0
hapigho,0.0
hapjjrf,0.0
hapyiqi,0.0
haqclqk,1.0
haqjyjt,0.0
haqtmcj,1.0
harrrnu,1.0
harsean,1.0
hasajyn,1.0
hasgpdt,1.0
hasourd,1.0
hassvau,1.0
hasyzjv,1.0
hathyuy,0.0
hathzvo,0.0
hatmcqw,1.0
hatthar,0.0
hatwgzg,0.0
hatzbov,1.0
hauerrm,1.0
havdvlu,0.0
havpmgt,1.0
havtaur,1.0
hawlpia,1.0
hawwbom,1.0
haxsmbl,1.0
haydref,1.0
hayiysx,1.0
haykjea,1.0
hayrrnx,1.0
hazffkb,0.0
hazosav,1.0
hazpeyi,0.0
hbalvpf,1.0
hbbdhac,0.0
hbbdxfg,1.0
hbbganm,1.0
hbbsfpr,1.0
hbbxwtw,0.0
hbcahxt,0.0
hbcazce,1.0
hbcmmrz,1.0
hbcnixd,0.0
hbcpumr,1.0
hbcsufu,1.0
hbctpof,1.0
hbctqov,1.0
hbcvqxp,1.0
hbdovfk,1.0
hbeanlg,0.0
hbedazd,1.0
hbeehkx,1.0
hbemiap,1.0
hbeoheo,1.0
hbeslfc,1.0
hbeztml,1.0
hbfdvfw,1.0
hbferpf,1.0
hbfjbgw,1.0
hbfsits,1.0
hbfuxkz,0.0
hbfvzrf,1.0
hbfzlcm,1.0
hbgchei,0.0
hbgdsgo,0.0
hbhkkot,1.0
hbiazdj,1.0
hbikgiz,1.0
hbiuhph,1.0
hbjiggc,1.0
hbjlzme,1.0
hbjrtvo,1.0
hbjviam,1.0
hbjyywj,0.0
hbkexne,1.0
hbkspry,1.0
hbktbkt,1.0
hbkubee,1.0
hbkxbhv,1.0
hblalti,1.0
hblhjmg,0.0
hblizyk,1.0
hblknne,0.0
hblycug,0.0
hbmdrud,0.0
hbmeynm,0.0
hbmkcee,1.0
hbmzusj,1.0
hbngteh,1.0
hbnkhio,1.0
hbocwgx,1.0
hbombyh,1.0
hbomggz,1.0
hbopoio,1.0
hbovoxr,1.0
hbpnvuz,1.0
hbpouvo,1.0
hbpsbxw,1.0
hbqbsnq,1.0
hbqerxv,0.0
hbqrneh,0.0
hbqwefx,0.0
hbrapyh,0.0
hbrazce,0.0
hbrniao,1.0
hbrqkps,1.0
hbrqmbx,0.0
hbruxub,0.0
hbsimqm,0.0
hbsiwia,1.0
hbsjdww,1.0
hbsknhz,0.0
hbsokek,1.0
hbspoof,1.0
hbssrwp,0.0
hbtllgf,0.0
hbtoccn,1.0
hbuehtv,0.0
hbufyif,1.0
hbuiglj,1.0
hbushqd,1.0
hbuvruc,0.0
hbvbsbj,1.0
hbvlama,0.0
hbvsoon,0.0
hbvvhpl,0.0
hbvytzd,1.0
hbwnivy,0.0
hbwumrj,1.0
hbxhiut,0.0
hbxzatb,1.0
hbyapbn,0.0
hbycepe,1.0
hbyhcuw,1.0
hbyksrb,1.0
hbyqrfc,1.0
hbywgts,1.0
hbzazmn,1.0
hbzduuk,1.0
hbzjwwt,1.0
hbznodp,0.0
hbzqzgp,1.0
hbzsucy,1.0
hbzxpbq,1.0
hcabnvp,1.0
hcaclzr,0.0
hcakxzt,0.0
hcaxmel,0.0
hcbdeke,1.0
hcbkuwr,1.0
hcbobvf,1.0
hcbrrzx,0.0
hcbtved,1.0
hcbzlbe,1.0
hcceilp,1.0
hcclalq,1.0
hccoxoi,0.0
hccucpv,1.0
hcdkgez,1.0
hcdmcme,1.0
hcdmzdf,1.0
hcdvnac,1.0
hcdwebq,1.0
hcdzqww,1.0
hceefdi,1.0
hcegalj,1.0
hceswio,1.0
hcetosq,0.0
hcgcrwv,1.0
hcgeipv,1.0
hcggypf,1.0
hcgvbjs,0.0
hcgyxgg,1.0
hchjnou,1.0
hchkwes,1.0
hchogwn,1.0
hchpgev,1.0
hchrudl,1.0
hchyifn,0.0
hchzabw,1.0
hcidzhx,1.0
hcieqhi,1.0
hcinbgy,0.0
hcixxjw,1.0
hcjamsq,0.0
hcjkrdt,1.0
hcjpwmq,0.0
hckoirc,1.0
hclcdtg,1.0
hclcvfk,1.0
hclgaup,1.0
hclmiuh,1.0
hclzhkd,1.0
hclziym,0.0
hclzvkg,1.0
hcmhztz,1.0
hcmijzd,1.0
hcmiqiy,1.0
hcmwxij,0.0
hcnfrby,1.0
hcnjxut,1.0
hcnoylh,0.0
hcnycqk,1.0
hcnzvnc,0.0
hcoazwu,1.0
hcobmig,1.0
hcobseo,1.0
hcodrqq,0.0
hcohtgh,1.0
hcokcxb,0.0
hcorpcv,1.0
hcovjyw,1.0
hcoyvjx,0.0
hcpbejj,1.0
hcqkcgc,1.0
hcqkmca,0.0
hcqlure,1.0
hcqzxsr,1.0
hcrhnll,1.0
hcriowk,1.0
hcrlkwr,0.0
hcrnbts,1.0
hcroagy,1.0
hcsbjwl,1.0
hcsezvf,1.0
hcsqlcd,1.0
hcsuric,1.0
hctdwtt,1.0
hctjyph,1.0
hctnusr,1.0
hctvztv,0.0
hctxgpq,0.0
hcudove,1.0
hcugmvw,1.0
hcumllr,1.0
hcvdpzf,1.0
hcvgfei,0.0
hcvryci,1.0
hcwexmp,0.0
hcwiefj,0.0
hcwiygt,0.0
hcxdduu,0.0
hcxeohn,1.0
hcxkejp,0.0
hcxuhib,1.0
hcyhigz,1.0
hcyhrsn,0.0
hcynqlo,0.0
hcyujfu,1.0
hcyurdy,1.0
hczcort,0.0
hczqucb,1.0
hczxxin,0.0
hdaiwzx,1.0
hdaldvr,1.0
hdbdhay,1.0
hdbgqkp,1.0
hdbjjwg,1.0
hdbvfxy,1.0
hdbwdlm,1.0
hdbxofe,0.0
hdcuzev,1.0
hdcwmvc,0.0
hdcxluk,1.0
hddgltg,0.0
hddigyz,1.0
hddjhly,0.0
hddptnt,1.0
hddyitt,1.0
hdeahis,1.0
hdemkpr,1.0
hdewefa,1.0
hdfatay,1.0
hdfenmh,0.0
hdfjcgd,1.0
hdgktvw,1.0
hdgmamj,1.0
hdgnsyt,1.0
hdgqhtc,0.0
hdgtaoz,0.0
hdhlraw,0.0
hdhsknd,0.0
hdhwuzk,0.0
hdiyegx,1.0
hdjjefd,1.0
hdjmavz,1.0
hdjmfbd,0.0
hdjtnbq,0.0
hdkgycr,0.0
hdkiaiz,1.0
hdkyeec,1.0
hdldznb,1.0
hdlfmhf,1.0
hdlplml,1.0
hdlzmxz,1.0
hdmgfie,1.0
hdmkgov,1.0
hdmqcun,1.0
hdmvkpo,1.0
hdnkldh,1.0
hdnzsfd,1.0
hdofqft,1.0
hdolbok,1.0
hdolhjl,1.0
hdoqngo,1.0
hdoshqx,1.0
hdotehw,1.0
hdpgzoj,0.0
hdpsfbb,1.0
hdpwrsg,1.0
hdpzycs,0.0
hdqdgqf,1.0
hdqdyug,0.0
hdqioyi,1.0
hdqjokg,1.0
hdqqfpq,0.0
hdqrknr,1.0
hdqxvgu,1.0
hdrfayb,1.0
hdrmefr,1.0
hdrulky,1.0
hdscdyw,0.0
hdshuxa,1.0
hdsoxxf,0.0
hdswicr,0.0
hdtdfmj,1.0
hdtfxuq,1.0
hdtikjf,0.0
hdtprtf,1.0
hdufawr,1.0
hduthvi,1.0
hduymup,1.0
hdvadih,1.0
hdwbchw,0.0
hdwcfdx,0.0
hdwmwvi,1.0
hdwtebl,0.0
hdxdkgu,1.0
hdxuctl,0.0
hdxvnqi,1.0
hdxxwyx,0.0
hdyibsu,0.0
hdymyrl,0.0
hdyvfov,0.0
hdyxkra,1.0
hdzfrsp,1.0
hdztvpy,1.0
hdzvqgp,1.0
hdzvsdq,1.0
heabtzd,0.0
heatpds,0.0
heauoer,1.0
heayvbw,1.0
hebjpjo,1.0
hebrcgy,1.0
hechhmd,0.0
hecyahg,1.0
hecyzty,1.0
hedautr,1.0
heddtxe,1.0
hedftqz,1.0
heeikjj,1.0
heemxob,1.0
heerfyv,1.0
hefofct,1.0
hefqxra,1.0
hefrabr,1.0
hefsazt,1.0
hegebdy,1.0
hegpuxn,0.0
hegvceq,1.0
hegypsn,1.0
hehrlae,1.0
hehylse,0.0
hehyxsn,1.0
heiauxx,1.0
heijqll,1.0
heishkd,1.0
heiufvs,1.0
heizfyd,0.0
hejbaqq,0.0
hejkcur,0.0
hekbahb,1.0
hekevfk,1.0
hekngbt,0.0
helbpsk,1.0
helocko,1.0
hemevnq,0.0
hemfgax,0.0
hemfnau,0.0
hempkzh,0.0
hemupfz,1.0
henahms,1.0
hencsqv,1.0
henxpxm,0.0
heoeqbb,1.0
heojcxb,1.0
heoqgbd,1.0
heosgqd,1.0
hepdnsd,1.0
hepguus,0.0
hepjkrr,1.0
hepqxos,1.0
hepumzq,1.0
hepyjvc,1.0
heqbvnd,1.0
heqewfe,0.0
heqjuvt,0.0
hequyhn,1.0
herqmbi,1.0
herrwpz,0.0
herzxyz,1.0
heslkmc,0.0
hesxpot,1.0
hetfnii,1.0
hetgfbk,1.0
hetsqqm,0.0
hetxtyq,0.0
heujcft,1.0
heutmpg,1.0
heutohg,1.0
heuuutt,0.0
hevduxx,0.0
hevttlq,0.0
hewaddz,1.0
hewhsxd,1.0
hewrblq,1.0
hexfjlp,1.0
hexoohl,0.0
hexsoue,1.0
heyamle,1.0
heynaae,1.0
heyrmho,0.0
heyshgw,1.0
heytnbn,1.0
heyueqg,1.0
hezicjg,0.0
hezkfot,1.0
hezxzui,0.0
hfahleo,1.0
hfahree,1.0
hfandjq,1.0
hfavrro,0.0
hfbdpyl,1.0
hfbelfb,1.0
hfbhvqn,1.0
hfbledn,1.0
hfbmdzm,1.0
hfbqvae,0.0
hfcdgnp,1.0
hfchnbr,0.0
hfciqat,1.0
hfcjrtf,1.0
hfcujly,1.0
hfcwbmw,1.0
hfcwvtt,1.0
hfdlcxx,0.0
hfdlzrr,1.0
hfdomlw,1.0
hfdqkso,0.0
hfdujhe,1.0
hfdzgkz,1.0
hfehspc,1.0
hfelavg,0.0
hfesfvi,1.0
hfeuewj,1.0
hfezkkr,1.0
hfflcmn,0.0
hffqakg,1.0
hffwfab,1.0
hffzpiq,0.0
hfgcgle,1.0
hfggnsc,1.0
hfglftz,1.0
hfgyepf,1.0
hfhfgri,0.0
hfhgbys,1.0
hfhpdkz,1.0
hfhuvmh,0.0
hfidgna,1.0
hfiibif,1.0
hfikneh,1.0
hfioedw,0.0
hfitvem,1.0
hfiwqts,1.0
hfjimkq,1.0
hfjkrtg,1.0
hfjllmu,1.0
hfjtvcx,1.0
hfjwuta,0.0
hfkqdcp,0.0
hfksswb,0.0
hfkyovp,0.0
hflcoyp,1.0
hflntkv,1.0
hflrkrk,1.0
hflzhry,1.0
hfmiuzk,0.0
hfmqypz,1.0
hfmtlgh,1.0
hfndcan,1.0
hfnhclx,1.0
hfnuefu,0.0
hfnwmdp,0.0
hfokfpu,1.0
hfomkwh,0.0
hfooobd,1.0
hfoqnst,1.0
hfotugc,0.0
hfotuqp,0.0
hfozzmv,1.0
hfpgwgz,1.0
hfpmame,0.0
hfpsami,1.0
hfrrlam,1.0
hfrtljj,1.0
hfruxwf,0.0
hfrwlvc,0.0
hfrzklq,1.0
hfsagre,0.0
hfskbqt,1.0
hfsvgyz,0.0
hfsxhdo,1.0
hftphyf,0.0
hfuhrgk,0.0
hfukymk,0.0
hfutudt,1.0
hfuutbc,1.0
hfvfdrr,0.0
hfviuev,0.0
hfvlqnv,1.0
hfvypkf,1.0
hfwmduj,0.0
hfwmrjo,0.0
hfxahgk,1.0
hfxcidq,1.0
hfxmfkh,1.0
hfyestg,1.0
hfyfvwe,0.0
hfygyzn,1.0
hfyitei,1.0
hfyqwth,1.0
hfyurxp,1.0
hfyxasf,1.0
hfzljki,1.0
hfzrjzl,0.0
hfzvmik,0.0
hfzxcmy,1.0
hgakfay,1.0
hgatrpw,1.0
hgazlcn,1.0
hgbiets,0.0
hgbythv,1.0
hgdfcxt,0.0
hgdgvjs,1.0
hgdmgwp,1.0
hgdrduy,1.0
hgebsdb,1.0
hgenqdq,1.0
hgerhpg,1.0
hgfpofc,1.0
hgglhch,1.0
hggmebp,0.0
hggnlgk,0.0
hggqfwz,1.0
hggqhsi,0.0
hggylta,1.0
hghbzme,1.0
hghckak,0.0
hghwxte,0.0
hghzkey,1.0
hgicrmx,1.0
hgijzow,1.0
hgikbfp,0.0
hgiwqqd,1.0
hgjgvhu,1.0
hgjkgmw,0.0
hgjocmp,1.0
hgjsmqu,1.0
hgjvzxh,0.0
hgkwktr,1.0
hglfguw,1.0
hglfzeo,1.0
hgmepsl,0.0
hgmjfiw,1.0
hgmmcgy,0.0
hgmshxk,0.0
hgmsocl,0.0
hgmvbig,1.0
hgmxgqg,1.0
hgmygdt,1.0
hgngnhl,1.0
hgnqjtv,1.0
hgntzaa,0.0
hgnvwim,1.0
hgoalft,1.0
hgoehbm,0.0
hgoigfh,1.0
hgojhpq,1.0
hgovobe,1.0
hgpbveb,1.0
hgpfvvb,1.0
hgpmpmq,1.0
hgpoorp,1.0
hgpspwr,1.0
hgqhxyb,0.0
hgqieta,1.0
hgrrcbf,0.0
hgscvam,1.0
hgsfmls,1.0
hgskatf,1.0
hgsmqqx,1.0
hgsnets,1.0
hgsujpz,1.0
hgtbsbh,1.0
hgtgnal,1.0
hgtrmwq,1.0
hgucfms,1.0
hgucyaa,0.0
hguqpfa,1.0
hgurfvw,1.0
hguyoua,0.0
hgvauij,0.0
hgvejyb,1.0
hgvkapp,0.0
hgvmkhg,1.0
hgvrpos,1.0
hgwlhlg,1.0
hgwmiyr,1.0
hgwnmbc,1.0
hgxihss,1.0
hgxikai,1.0
hgxrioe,1.0
hgydrzb,0.0
hgyignr,0.0
hgymger,1.0
hgytrwg,1.0
hgyxeqd,1.0
hgzmhaw,1.0
hgzpzls,1.0
hhakibd,0.0
hhapezo,1.0
hhaqnwg,1.0
hhatogl,1.0
hhbiqcv,0.0
hhblgle,1.0
hhbmbhl,0.0
hhbpevx,1.0
hhbxrhi,1.0
hhbztoa,0.0
hhcbjeb,1.0
hhcdpkq,0.0
hhcjkno,1.0
hhdgcjj,1.0
hhdqbry,1.0
hhejcxf,1.0
hhejquy,1.0
hhemczx,1.0
hhemvcm,0.0
hhesmwr,1.0
hhfloca,0.0
hhgcklj,0.0
hhgfazk,0.0
hhghhkl,1.0
hhgjjmc,1.0
hhgjpim,1.0
hhgmqma,0.0
hhioqxu,0.0
hhixqhj,1.0
hhixzke,1.0
hhjinkk,0.0
hhkapyj,1.0
hhkdeyq,1.0
hhklsin,1.0
hhklyhx,0.0
hhljwlz,1.0
hhlvtro,1.0
hhmsgwg,1.0
hhmsjja,1.0
hhnaazh,1.0
hhnjvyq,0.0
hhnmpoc,1.0
hhntuet,1.0
hhnvorq,1.0
hhococp,1.0
hholnok,1.0
hhomshg,1.0
hhozduz,1.0
hhpbkxk,1.0
hhpgdhi,1.0
hhpqdur,1.0
hhpqzxg,1.0
hhpuogc,1.0
hhpvces,1.0
hhqfxoa,1.0
hhqhble,0.0
hhqhebe,1.0
hhqiroi,1.0
hhrbuxb,0.0
hhrliru,1.0
hhrmnwn,1.0
hhrngms,1.0
hhrolnx,0.0
hhrpkhq,1.0
hhsfpgg,0.0
hhsgbas,0.0
hhtbkya,1.0
hhtbtba,1.0
hhtdztn,1.0
hhthhwg,0.0
hhtiwhg,0.0
hhtyfyc,1.0
hhudqnx,1.0
hhunlvo,1.0
hhurggv,0.0
hhvfmnf,1.0
hhvmdiq,0.0
hhvzukl,0.0
hhwdrgh,0.0
hhwiujj,1.0
hhxfsrf,1.0
hhxlvls,1.0
hhxlyok,1.0
hhxsybx,1.0
hhxwarf,1.0
hhxwcxa,1.0
hhzahje,1.0
hhzahlj,1.0
hhzbihb,0.0
hhzgsaf,1.0
hhzugeu,0.0
hiaaclp,0.0
hiaelme,1.0
hiaktpo,1.0
hialbef,0.0
hiancqb,1.0
hiaowbg,0.0
hiapdjj,1.0
hiaqwtu,0.0
hiauofz,1.0
hiazlsg,1.0
hibemhu,0.0
hibmyxd,1.0
hibnzsy,1.0
hicbmhq,0.0
hiccuab,0.0
hicdwaz,0.0
hicfxea,0.0
hichlmm,1.0
hichqor,1.0
hichtet,1.0
hicmuqm,1.0
hicolso,1.0
hicsetj,1.0
hicxjcz,0.0
hicyata,0.0
hidgdqo,1.0
hidowle,1.0
hidxkez,1.0
hiemjyl,1.0
hifbkvu,1.0
hifhpoc,1.0
hifppef,0.0
hifznlj,1.0
higjvmm,1.0
higlwcv,1.0
higlytx,1.0
higqsqn,1.0
hihawht,0.0
hihkzmx,1.0
hihlgbi,1.0
hihtdyb,1.0
hiiyzjx,1.0
hijignc,0.0
hijonkc,0.0
hijphuq,1.0
hijxmvt,0.0
hikaeyn,1.0
hikbtrm,0.0
hikoasd,1.0
hikpqvn,1.0
hikvnuk,1.0
hikwcwj,1.0
hikwyvo,1.0
hikzmph,1.0
hilcbmu,1.0
hilgpkf,0.0
hiltefa,0.0
hilxmbl,1.0
hilytws,0.0
himbfjq,1.0
himlavx,1.0
himldpr,0.0
himtrwq,1.0
himudur,1.0
hinankb,1.0
hincpif,1.0
hineonk,1.0
hineyja,0.0
hinksdo,1.0
hinylnz,1.0
hioaxpb,1.0
hiogjfn,1.0
hioiaek,1.0
hiolpdp,1.0
hionbvn,1.0
hiowzdc,0.0
hipyybj,1.0
hiqawfh,1.0
hiqdwsa,1.0
hiqeolf,0.0
hiqnljz,0.0
hiquosl,1.0
hiqvpgg,1.0
hircrsz,1.0
hirepbu,0.0
hirfllu,1.0
hirpfio,1.0
hirqtqn,1.0
hirvypb,1.0
hirxcnv,1.0
hitazrt,1.0
hitbeqo,1.0
hitgcul,1.0
hitllod,1.0
hitpjvv,1.0
hitxxhe,0.0
hiucbcl,1.0
hiueiki,1.0
hiuhcny,1.0
hiuujqj,1.0
hiuvltz,1.0
hiuwron,1.0
hiuxnoo,1.0
hivgqmc,0.0
hivkzig,1.0
hivwuow,1.0
hiwmlgw,1.0
hiwrcmv,0.0
hiwzuqu,1.0
hixecay,0.0
hixwfaw,1.0
hiyhrko,1.0
hiymhom,1.0
hiynnwq,1.0
hizeobw,1.0
hizivkh,1.0
hizkwkl,1.0
hizoyxp,0.0
hiztwcu,0.0
hjabqew,0.0
hjbqmye,0.0
hjbqtpm,0.0
hjbqzuu,1.0
hjcezjd,0.0
hjciook,1.0
hjckikm,1.0
hjdajyq,1.0
hjdidyu,1.0
hjdozzk,0.0
hjdtoqc,1.0
hjduumu,0.0
hjdyohu,0.0
hjedzmr,1.0
hjeodwh,1.0
hjerpeq,0.0
hjessgh,1.0
hjevgjh,1.0
hjevzoe,1.0
hjfoukq,1.0
hjftpsd,1.0
hjgeadh,0.0
hjglwwb,0.0
hjgzuhx,1.0
hjhfqgk,1.0
hjhgxjr,1.0
hjhvqdz,0.0
hjibgmv,1.0
hjigjlt,0.0
hjipkog,0.0
hjjhanf,0.0
hjjsmsy,1.0
hjjxazy,1.0
hjjyoll,0.0
hjjysrm,0.0
hjjzhrv,1.0
hjkmlpy,1.0
hjkreio,0.0
hjksftf,1.0
hjkxhpl,0.0
hjldgrz,0.0
hjlocfc,0.0
hjmsopl,0.0
hjmtkio,1.0
hjmtojc,1.0
hjmwxol,1.0
hjochif,1.0
hjoddjc,1.0
hjolmeg,1.0
hjotnkd,1.0
hjovweq,1.0
hjplwzk,1.0
hjpongj,0.0
hjpqqad,0.0
hjpuogh,0.0
hjqjcep,0.0
hjrtvrs,1.0
hjsccax,1.0
hjsppxo,1.0
hjspyfa,1.0
hjsszbz,1.0
hjsyazj,0.0
hjtkfeq,0.0
hjtrabn,1.0
hjtzihb,1.0
hjudwdz,1.0
hjuetra,0.0
hjueuup,1.0
hjunteg,1.0
hjutbny,1.0
hjvifbj,0.0
hjvpjiy,1.0
hjwdzsa,0.0
hjwekbk,1.0
hjwfuad,1.0
hjwgcou,1.0
hjwixsd,1.0
hjwnham,1.0
hjxiqyp,0.0
hjxlhyx,1.0
hjxmyyc,1.0
hjxqlkm,0.0
hjxrgjh,1.0
hjxsbxp,1.0
hjxuejz,0.0
hjycfpc,1.0
hjyvyhi,0.0
hjyxtyv,1.0
hjyzyft,1.0
hjzfiqg,0.0
hjzodmb,0.0
hjzynyp,1.0
hkabmbi,1.0
hkahfgk,1.0
hkaiyex,1.0
hkalfhh,1.0
hkarhqs,1.0
hkbloko,1.0
hkcgpfg,0.0
hkdtvtm,0.0
hkdupxp,1.0
hkdwlly,1.0
hkfdkqy,1.0
hkfkgvx,0.0
hkflqkc,1.0
hkgjvvd,1.0
hkgkpap,1.0
hkhocjd,1.0
hkhvbho,1.0
hkhwluo,1.0
hkhxazx,1.0
hkhzqhd,1.0
hkifdsf,0.0
hkijcez,1.0
hkikwqg,1.0
hkiolvd,1.0
hkithbr,1.0
hkjdycw,0.0
hkjmdkw,0.0
hkjsxwi,1.0
hkkwcnp,1.0
hklghqr,0.0
hkllvfs,1.0
hklnbdr,1.0
hkmejlv,1.0
hkmlkjx,1.0
hkmogrp,1.0
hkmomkg,1.0
hknesgx,1.0
hkngtno,0.0
hknhpig,0.0
hknispa,1.0
hknklze,1.0
hknqsgf,1.0
hknttcc,0.0
hknuktm,1.0
hknwurv,1.0
hknzwfq,0.0
hkoovjw,1.0
hkovbxy,1.0
hkpeidg,1.0
hkpfine,1.0
hkplogs,1.0
hkpnbkp,1.0
hkqfoxo,1.0
hkqlkwn,1.0
hkrcyuf,1.0
hkrftfd,0.0
hkrgxmv,0.0
hkrojil,1.0
hkrquaj,1.0
hkrysmu,1.0
hkslktr,1.0
hkstumk,1.0
hksyjba,1.0
hkthkbo,0.0
hktojjk,1.0
hkttnuz,1.0
hktyskq,1.0
hkuccby,1.0
hkudcyz,1.0
hkughgb,1.0
hkuontp,1.0
hkuqpdc,1.0
hkuzsel,1.0
hkuztpm,1.0
hkvapst,1.0
hkvjiiz,1.0
hkvopxh,1.0
hkvpnza,1.0
hkvwkgb,0.0
hkwdahl,0.0
hkwflas,0.0
hkwhsdv,1.0
hkwmxii,0.0
hkwrfkx,1.0
hkxcffv,1.0
hkxfqjc,0.0
hkxleyi,0.0
hkxliqp,0.0
hkxycbf,1.0
hkxywni,1.0
hkyblhj,1.0
hkyjpvx,1.0
hkyuzeo,1.0
hkzdwsg,0.0
hkzfciq,0.0
hkzkimh,1.0
hkzoqdx,0.0
hkzqhmf,0.0
hkzwmxc,0.0
hladtvy,1.0
hlajxho,1.0
hlaottl,1.0
hlarxts,1.0
hlazrte,0.0
hlbfwhw,1.0
hlbsrpd,0.0
hlbzyia,1.0
hlcigeo,1.0
hlckrfz,1.0
hlcncbf,0.0
hlcospl,1.0
hlctige,1.0
hldftec,1.0
hldsqbm,1.0
hldxkns,1.0
hldytoj,1.0
hleflyo,0.0
hlejvtn,1.0
hlepgbi,0.0
hletmet,0.0
hlexvve,1.0
hleybtm,1.0
hlfeytm,1.0
hlfllah,0.0
hlfqhow,1.0
hlganvr,1.0
hlgqvhc,1.0
hlgwpkq,1.0
hlgxbgj,1.0
hlhedow,0.0
hlhfept,1.0
hlhfyll,1.0
hlhnpit,0.0
hlhpufa,1.0
hlhunep,1.0
hlikpwq,1.0
hlipavt,1.0
hliycyg,1.0
hljcgig,1.0
hljnmfd,1.0
hlkgqpu,0.0
hllbhlr,1.0
hllmhqj,1.0
hllmiek,1.0
hllnnwa,1.0
hllnpvz,1.0
hlmafcy,1.0
hlmmxvz,1.0
hlmokeu,0.0
hlmotvm,1.0
hlncbmz,1.0
hlnlbxx,1.0
hlnrlqa,1.0
hloeuhs,1.0
hlohvay,0.0
hloirsi,1.0
hlolexh,1.0
hlovotz,1.0
hlozfsp,1.0
hlpdyis,1.0
hlphgky,1.0
hlpiogh,1.0
hlpvnhf,1.0
hlpwqsg,0.0
hlpxsla,1.0
hlpzqwp,1.0
hlpzwtm,0.0
hlpzzqj,0.0
hlqsebp,0.0
hlqxhqk,1.0
hlrjrno,1.0
hlrmotf,1.0
hlrpqfj,1.0
hlrwogd,1.0
hlrwtmk,1.0
hlsbube,1.0
hlsocly,0.0
hlspivf,0.0
hlsuckv,1.0
hltdhxt,1.0
hltmpgn,1.0
hlttjzw,1.0
hlugsyc,1.0
hluxwno,0.0
hluycqw,1.0
hlvrvpp,1.0
hlvsppa,1.0
hlwuadc,1.0
hlxflno,1.0
hlximcc,1.0
hlxjkbu,0.0
hlxperm,1.0
hlxrgxv,0.0
hlyafog,1.0
hlyvjyt,1.0
hlywobv,1.0
hlzfumy,1.0
hlzhdnw,1.0
hlzisfc,0.0
hlzxhwr,0.0
hmaoupn,1.0
hmaozxc,0.0
hmaysgr,0.0
hmazovl,1.0
hmbpazx,1.0
hmbviqb,0.0
hmbysat,1.0
hmbzhmh,0.0
hmcmhsg,1.0
hmdksnx,1.0
hmdlbyw,1.0
hmdtmtz,1.0
hmduaix,1.0
hmefucl,1.0
hmeohiq,1.0
hmfacri,1.0
hmfekgx,1.0
hmfuhwt,1.0
hmfvwjf,1.0
hmfxdaf,0.0
hmghbuw,1.0
hmgkcsr,1.0
hmgkjhi,1.0
hmgndrh,1.0
hmgokba,1.0
hmgwadn,1.0
hmgzxzd,0.0
hmhdtis,1.0
hmhduon,0.0
hmhoxwg,1.0
hmhpoyn,1.0
hmhpxqk,1.0
hmiboep,0.0
hmibxir,1.0
hmievqa,0.0
hmijswz,1.0
hmirefi,0.0
hmjnbyr,1.0
hmjrvle,0.0
hmjszhr,1.0
hmjxnjw,1.0
hmkpqpc,0.0
hmlcbkk,0.0
hmleggw,1.0
hmlftha,1.0
hmlihhv,1.0
hmlysjn,1.0
hmmdkyd,1.0
hmmhdps,1.0
hmmupko,1.0
hmnlcpr,1.0
hmnxkqi,0.0
hmorufw,0.0
hmotlgs,0.0
hmpmvel,1.0
hmpxhag,0.0
hmpzyer,0.0
hmqtgvu,1.0
hmqvjwe,1.0
hmrtddi,1.0
hmrxdld,1.0
hmsctkq,1.0
hmsevzw,1.0
hmsowqq,0.0
hmsygdf,0.0
hmtbxhw,1.0
hmucusu,1.0
hmuibim,1.0
hmuxngk,1.0
hmvscxy,0.0
hmvxsod,1.0
hmvylya,1.0
hmwbxtg,1.0
hmwciga,0.0
hmwiyda,0.0
hmwqkho,1.0
hmxjakd,0.0
hmxpqqj,1.0
hmxxnjd,1.0
hmyelqo,0.0
hmyfedk,1.0
hmygrbd,0.0
hmyhvnx,1.0
hmyjckh,0.0
hmysrig,1.0
hmzbcxe,1.0
hmznjbv,1.0
hmzpbfk,1.0
hmzwrju,1.0
hmzytfe,1.0
hnagcko,1.0
hnaicig,0.0
hnaqcla,0.0
hnauabm,1.0
hnaxatf,1.0
hnbaulf,1.0
hnbbnzs,1.0
hnbivmv,1.0
hnbmalk,0.0
hnbrkto,1.0
hnbssce,1.0
hnbyzav,0.0
hncgioe,1.0
hnchkhm,0.0
hncobfi,0.0
hncrfbn,0.0
hncwdmh,1.0
hncyprm,0.0
hndaoit,1.0
hndastc,1.0
hndwhji,1.0
hndzuuf,1.0
hnedvlr,1.0
hnefjir,1.0
hnesfrr,1.0
hnfggkp,1.0
hnfmaxc,1.0
hnghwxe,0.0
hngsfks,1.0
hngsqfc,0.0
hngzstj,0.0
hnhfyul,0.0
hnhhsxo,0.0
hnhjuty,1.0
hnhrxhp,1.0
hnhuvrz,1.0
hnhwhvo,1.0
hnihrjf,1.0
hniioqp,0.0
hnjkbwl,1.0
hnjnnzh,0.0
hnjqzrq,1.0
hnjvcmq,1.0
hnkoqwg,0.0
hnkxslm,1.0
hnkyowy,1.0
hnluhdy,1.0
hnlxnrj,0.0
hnmatjw,1.0
hnmdcmb,1.0
hnmnwcq,0.0
hnmtncy,1.0
hnmxdtl,1.0
hnnmqbz,1.0
hnnnbtb,1.0
hnnxnbu,1.0
hnnyfcm,1.0
hnobrmg,0.0
hnoolji,1.0
hnpnuaq,1.0
hnprxag,0.0
hnpwwbw,1.0
hnqncrw,0.0
hnqpocv,0.0
hnqpyrj,1.0
hnrbdvn,1.0
hnrdgng,1.0
hnrhxrq,0.0
hnrjoas,1.0
hnsciza,0.0
hnsllce,1.0
hnsuccm,0.0
hntdywu,1.0
hntikcg,0.0
hntlhba,1.0
hnturto,0.0
hntzbgg,1.0
hnuauee,0.0
hnupnmf,1.0
hnuuofw,1.0
hnuvccq,1.0
hnviyqf,1.0
hnvluor,1.0
hnwaien,1.0
hnwedfq,1.0
hnwsjvp,1.0
hnwsvrn,1.0
hnwwjnq,1.0
hnxcdye,1.0
hnxdhyz,1.0
hnxfezp,1.0
hnxlsqa,1.0
hnxtojk,1.0
hnycgsi,1.0
hnycjuk,0.0
hnyjbif,1.0
hnykavo,0.0
hnymuma,1.0
hnyvwux,1.0
hnzadmd,1.0
hnzhath,1.0
hnzkeeb,1.0
hnzmbys,1.0
hnzusyd,0.0
hnzxkvr,1.0
hoaiwqz,0.0
hoalwup,1.0
hocfmnr,1.0
hocslpl,0.0
hocsxic,0.0
hoctcxq,1.0
hocvkgq,1.0
hoddybd,0.0
hodjpbj,0.0
hodnnri,0.0
hoechul,1.0
hoefwqt,1.0
hoegzyx,1.0
hoehjtc,1.0
hoenhlz,0.0
hoeoqme,0.0
hoeyoro,0.0
hofazrk,1.0
hofiuzu,1.0
hofmazg,0.0
hofrhws,0.0
hogchps,1.0
hogdiid,1.0
hoghukp,1.0
hogoxel,1.0
hogzqrl,1.0
hohdyfv,1.0
hohfcnk,0.0
hohhqck,1.0
hohncwh,1.0
hohrlbf,0.0
hoiexid,1.0
hoixghl,1.0
hojsgmz,1.0
hojuupt,1.0
hoklsdt,1.0
hokmiss,1.0
hokotzm,1.0
hokpcxx,1.0
hokrqyj,1.0
hokszgm,0.0
hokttof,1.0
holealf,1.0
hollrpd,0.0
holnscu,1.0
holxvax,1.0
homdbvr,0.0
homdnre,1.0
homejey,1.0
honeibj,1.0
hopobeh,1.0
hopooxm,1.0
hopxiqr,1.0
hoqeipz,1.0
hoqypot,1.0
horkwdu,1.0
horqdpg,1.0
horriwt,1.0
horvwub,0.0
hoshmxv,1.0
hosnlhd,1.0
hosvfiw,1.0
hotfmvf,1.0
hottonx,1.0
hotybot,1.0
hotykww,0.0
houfyrb,0.0
houhinn,0.0
houmpfh,1.0
hourplm,1.0
hovixhl,1.0
hovmarq,1.0
hovnzfm,0.0
hovtbhn,1.0
hovwzay,1.0
hovyzaq,1.0
howdozo,1.0
howfwfh,1.0
howjhwn,1.0
hownoxv,1.0
howxtei,1.0
howxubg,1.0
hoxagjd,1.0
hoxfvee,1.0
hoxgfkv,1.0
hoxjtit,1.0
hoxnasd,0.0
hoxoala,1.0
hoxxokl,0.0
hoyjcjl,1.0
hoyjcrx,0.0
hoyjfog,1.0
hozgtqp,1.0
hoztvjz,0.0
hozyulj,1.0
hpaedpi,1.0
hpafuiq,1.0
hpatqow,0.0
hpaxerd,0.0
hpbatal,1.0
hpclbqv,0.0
hpclwoo,1.0
hpdgjjn,1.0
hpdxbbc,0.0
hpepivw,1.0
hpergvr,1.0
hpewkqj,1.0
hpfpfdy,1.0
hpfszwt,0.0
hpfyqvg,1.0
hpgeowh,1.0
hpgmyic,1.0
hpgqdic,0.0
hpgttop,1.0
hpigjhx,1.0
hpitalv,0.0
hpiuslz,1.0
hpiwjgo,0.0
hpjjsbw,0.0
hpjzkfc,1.0
hpkatxj,1.0
hpkffox,1.0
hpkjkxi,1.0
hplkfvu,0.0
hplqjcm,1.0
hplsqkb,0.0
hplvmap,1.0
hpmfena,1.0
hpmnauu,1.0
hpndqua,0.0
hpnmotw,1.0
hpnujha,1.0
hpnxxil,1.0
hpofmdq,1.0
hpoizlg,1.0
hposzje,1.0
hppaodb,0.0
hppngci,0.0
hppzmcp,1.0
hpqhobu,1.0
hprbdkb,0.0
hprdzqn,1.0
hprqhgu,1.0
hprsewu,1.0
hprvisy,1.0
hprvsrs,0.0
hpsdthw,0.0
hpsgqto,1.0
hpshean,1.0
hpsjwis,1.0
hpsqihm,0.0
hptcpxo,1.0
hptlfrj,1.0
hptmseq,1.0
hptqree,1.0
hptvjvx,1.0
hptxgyu,1.0
hpuheze,0.0
hpupftj,1.0
hpuuvou,1.0
hpuxfke,1.0
hpuydwt,0.0
hpvfeiz,0.0
hpvmqgv,1.0
hpvxtdr,0.0
hpwbcqf,1.0
hpwiydj,1.0
hpxpmhs,0.0
hpxyboa,1.0
hpygdry,1.0
hpyjgqu,1.0
hpyohni,1.0
hpysfhk,1.0
hpyzxgx,0.0
hpzcalb,0.0
hpzfqis,1.0
hpzhtnq,1.0
hpzjsbw,1.0
hpzlhgf,1.0
hpzljmz,1.0
hpzqgvf,0.0
hqagbbw,1.0
hqatxbs,1.0
hqauooh,0.0
hqaxsdg,1.0
hqazeji,0.0
hqbcmuu,0.0
hqbfyms,1.0
hqbgwmw,1.0
hqbjmdp,1.0
hqbnkyy,1.0
hqccoux,1.0
hqcdcpm,1.0
hqciiuk,1.0
hqciyoj,1.0
hqckgpi,1.0
hqckmhg,0.0
hqcsunv,1.0
hqcyvjc,0.0
hqdckqj,1.0
hqdlbny,0.0
hqdmnbd,1.0
hqdrstl,0.0
hqeuerg,1.0
hqfbsjk,1.0
hqfmyud,1.0
hqfralq,0.0
hqfusvp,1.0
hqgkvsy,0.0
hqgldaa,1.0
hqgvamw,1.0
hqgvrns,0.0
hqhgnlg,0.0
hqhldnl,0.0
hqhtvvn,1.0
hqihgsx,1.0
hqiqcuu,1.0
hqiyomy,1.0
hqjhaak,1.0
hqjqjxa,1.0
hqkfmgw,1.0
hqkgtfh,1.0
hqkkybd,1.0
hqkrbbq,0.0
hqktuky,0.0
hqlfdix,1.0
hqlpjtm,1.0
hqlsmtn,1.0
hqlzcqi,1.0
hqmclep,1.0
hqmidyr,1.0
hqmlduf,0.0
hqmyuzr,1.0
hqnmbyi,1.0
hqonpqy,0.0
hqoqmqm,0.0
hqpasoe,1.0
hqpkmwd,1.0
hqpwxrm,1.0
hqqisab,1.0
hqqlpof,1.0
hqqlucl,1.0
hqqtuus,0.0
hqqwbkj,1.0
hqrbpsw,1.0
hqrezbw,1.0
hqrpgvz,1.0
hqrrsqr,1.0
hqrxgjr,0.0
hqryiub,0.0
hqsntne,1.0
hqsppuk,1.0
hqsrcbh,1.0
hqtudkr,1.0
hqudlhm,0.0
hqukqro,1.0
hqusdev,1.0
hqvajbl,0.0
hqvajea,1.0
hqvdjle,1.0
hqvgyrw,0.0
hqvnzsj,1.0
hqvpjmp,1.0
hqvsjqw,0.0
hqvszfu,1.0
hqvtjdy,0.0
hqvtxns,0.0
hqvungr,1.0
hqwtbsa,1.0
hqwuboq,1.0
hqwuuws,1.0
hqynkic,1.0
hqyxnau,0.0
hqzdjqw,0.0
hqzqfhx,1.0
hrbeorr,0.0
hrbmhuy,0.0
hrbpvnq,1.0
hrbszpn,0.0
hrbtgqh,1.0
hrbwpfk,1.0
hrbwsbm,1.0
hrbxdmc,1.0
hrchksh,0.0
hrciulx,0.0
hrdeipw,1.0
hrdftkg,1.0
hrebhce,0.0
hrefdun,1.0
hreforq,1.0
hrektxm,1.0
hrepfaz,1.0
hretmac,1.0
hrezqkp,1.0
hrfghez,0.0
hrgbxqk,1.0
hrgiyub,0.0
hrguqhn,1.0
hrgwdaa,1.0
hrgzzmu,1.0
hrhblag,1.0
hrhbwgh,1.0
hrhlunp,0.0
hrhndhr,1.0
hrhrxdy,1.0
hrhvcdk,1.0
hrhvtzx,1.0
hrialdg,0.0
hrifktq,0.0
hrinxzg,1.0
hrirwyp,1.0
hriryjx,1.0
hritwwt,1.0
hrivcvc,1.0
hrixafw,1.0
hrjteri,0.0
hrjyyql,1.0
hrkllmz,0.0
hrktpsp,1.0
hrkvkrz,1.0
hrkzwti,0.0
hrlerbj,1.0
hrlnxbe,1.0
hrlxhbn,1.0
hrmbbqf,1.0
hrmcdzx,0.0
hrmkxxt,1.0
hrmwkfc,1.0
hrncyoj,1.0
hrntehb,1.0
hrnzpwt,1.0
hrodipq,0.0
hrofeit,1.0
hrofmnv,1.0
hrohitz,1.0
hroqyse,0.0
hrowxjg,1.0
hroxrfk,0.0
hrpsswn,1.0
hrqepoe,0.0
hrrnybu,1.0
hrrqgzq,1.0
hrrszje,1.0
hrrvcev,1.0
hrstrwu,0.0
hrtgxid,1.0
hrtmisz,1.0
hruaqyo,1.0
hruegty,1.0
hruhlol,1.0
hruyapy,0.0
hrvkkfx,1.0
hrvmraz,1.0
hrwgdvy,1.0
hrwoseh,1.0
hrwrvnx,1.0
hrwygho,1.0
hrxbpng,1.0
hryilqy,1.0
hryparv,1.0
hryuivs,0.0
hryvpqe,0.0
hrywfmx,1.0
hryycci,1.0
hrzbidv,0.0
hrzgxby,1.0
hrzibkd,1.0
hrzszoq,1.0
hrzwtkv,1.0
hsaozig,1.0
hsarfcp,1.0
hsavpwk,1.0
hsbdpxx,1.0
hsbdusl,0.0
hsbndgv,1.0
hsbqhid,0.0
hscguiu,0.0
hscxcuj,0.0
hsdbilk,0.0
hsdgqgo,1.0
hsdzuwa,1.0
hsedqbb,0.0
hsehbki,1.0
hseiikn,0.0
hseitkd,1.0
hseylvt,1.0
hsgechz,0.0
hsgjbqe,1.0
hsgkmal,1.0
hsharov,0.0
hshcpow,1.0
hsicqqd,0.0
hsioqyw,1.0
hsjdfyp,1.0
hsjrgjs,1.0
hsjzngv,1.0
hskavtk,0.0
hskgnqt,0.0
hsklbfi,1.0
hslakvo,1.0
hslfttk,0.0
hsllkgo,1.0
hslzkfc,1.0
hsmfncj,1.0
hsmvgku,1.0
hsmwpxj,1.0
hsmxptf,1.0
hsnigdz,1.0
hsnktct,1.0
hsnldtl,1.0
hsowkkb,1.0
hspdzvl,0.0
hspxtcr,1.0
hspzugg,1.0
hsqapwr,1.0
hsqaqde,1.0
hsqfbpj,0.0
hsqkknc,1.0
hsrfgoq,1.0
hsrprlc,1.0
hssfyxc,1.0
hssjxks,1.0
hsslokq,1.0
hsssntp,1.0
hstbsuu,1.0
hstftfd,1.0
hstksuw,1.0
hstmjzc,1.0
hstqfqi,1.0
hstteso,0.0
hsttsys,1.0
hstxpgz,0.0
hsucyfk,1.0
hsumutp,1.0
hsupxxk,1.0
hsveben,0.0
hsvmjaw,0.0
hsvqnvw,1.0
hsvucbl,0.0
hswatua,1.0
hswbdgh,1.0
hswgskq,1.0
hswnxhg,0.0
hswxmvc,0.0
hsxbcah,1.0
hsxhteh,1.0
hsxifmw,0.0
hsxppoe,1.0
hsycedc,0.0
hsyifvb,0.0
hsyxgkm,0.0
hszkcve,1.0
hszkfrl,0.0
hszurvl,1.0
htabxmf,1.0
htbbwfy,0.0
htbsyix,1.0
htbvocc,1.0
htcfgke,1.0
htcjsqc,0.0
htckboe,1.0
htckycg,1.0
htckygw,1.0
htcmdse,1.0
htctrog,1.0
htdlcgy,1.0
htelkle,1.0
hteqrad,1.0
htetvws,1.0
htezswl,1.0
htfazzo,0.0
htfgjcm,1.0
htflvie,1.0
htfxyig,1.0
htggvnb,1.0
htgltek,1.0
htgnnfd,1.0
htguhns,1.0
htgxsvn,1.0
hthcmsq,1.0
hthgwdq,1.0
hthnfxj,0.0
hthzrfk,1.0
htiipma,0.0
htipnqm,1.0
htjevco,1.0
htjexzj,1.0
htjtedt,1.0
htkacew,1.0
htkbmba,1.0
htkcwkc,1.0
htkfjha,1.0
htkpwdv,0.0
htkwjqc,1.0
htkword,1.0
htkxoqb,0.0
htlceob,1.0
htljfcn,1.0
htlpsdl,0.0
htmcwkc,1.0
htmjsur,1.0
htmrdqv,1.0
htmwwic,0.0
htmycgj,0.0
htmzetx,1.0
htnphao,1.0
htoeusb,1.0
htoidpi,0.0
htpavyv,0.0
htpbdat,0.0
htppzux,1.0
htpuloy,0.0
htqfcif,1.0
htqkgey,0.0
htqxytu,1.0
htrwcze,1.0
htsijzz,1.0
htsrlpk,1.0
httcway,1.0
httiloc,1.0
httsnoj,1.0
httzkex,1.0
htuctbm,0.0
hturbse,1.0
htuvkbl,1.0
htvangd,1.0
htvyclc,1.0
htvztqh,1.0
htwezno,1.0
htwhxxp,1.0
htwjufx,1.0
htwtraf,1.0
htwwfwe,1.0
htxquut,0.0
htyarpi,1.0
htyebyb,1.0
htyjruy,0.0
htykhhn,1.0
htynojt,1.0
htynwfq,1.0
htyrgnm,0.0
htzncuu,0.0
htztmpc,0.0
huazaov,1.0
huazprr,1.0
hubbvkc,1.0
hubizhy,1.0
hubjxwr,1.0
hubmsur,1.0
hubtsqw,1.0
hubzmed,1.0
hucnnkt,1.0
hucpblu,1.0
hucsylq,1.0
hucvxsi,0.0
hucvxyt,1.0
hudkjry,1.0
hudlflv,1.0
hudnvah,1.0
hudoumm,1.0
hudqypm,0.0
hudrwmg,1.0
hudshju,0.0
hudshtn,1.0
huecsex,0.0
hueezpc,0.0
huefdzz,1.0
huemthd,1.0
hueoyvu,1.0
huevklu,1.0
huezspu,1.0
hufftkx,0.0
hufipis,1.0
huglyyu,1.0
hugtbgi,1.0
hugvclb,1.0
hugzklp,0.0
huhdxlw,1.0
huhswir,1.0
huhtmrf,1.0
huhuzhs,1.0
huhylfq,1.0
huifjnt,1.0
huihiye,1.0
huiljgz,1.0
huiltyl,1.0
huipksy,1.0
huirrfo,1.0
huivztw,1.0
hujeyhz,0.0
hujiizw,1.0
hujxukb,1.0
hujybjn,1.0
hukciuz,1.0
huknjgx,0.0
hukpxta,1.0
hukvuja,1.0
hukyxyy,0.0
hulfrlh,0.0
hulvost,1.0
humkrxk,0.0
humlhrq,0.0
hunmuaf,1.0
hunslcp,1.0
hunuafv,1.0
hunwies,0.0
huoakai,1.0
huodrhk,0.0
huomacc,0.0
huotkzw,1.0
hupcreo,1.0
hupqwyq,0.0
hupwmso,1.0
hupxwae,1.0
huqdlme,1.0
huqfpjd,0.0
huqqurv,1.0
huqslll,1.0
huqucof,0.0
hurkkej,1.0
hurommi,1.0
hurrvsy,1.0
husobhj,1.0
huswmob,0.0
hutbjao,1.0
hutmzir,0.0
hutrvhf,0.0
huughoc,0.0
huulvbc,1.0
huvevhd,1.0
huvfcui,1.0
huvkkbp,0.0
huvmegm,1.0
huvzvoc,1.0
huwlszm,1.0
huwrfvx,0.0
huxfjbo,1.0
huxlmnm,1.0
huxvtfs,0.0
huxynrk,1.0
huzggyf,1.0
huzizjd,1.0
huzqnlm,0.0
huztsxx,0.0
huzvfdf,0.0
huzvviw,1.0
hvaawnz,1.0
hvaaxrh,1.0
hvautmu,0.0
hvbhskt,1.0
hvbldmp,1.0
hvbnbwz,0.0
hvbqjka,0.0
hvbulrx,0.0
hvcahej,1.0
hvcjmse,1.0
hvcjqsf,1.0
hvcuxyz,1.0
hvcxbtl,0.0
hvdkfmv,1.0
hvdnjlp,1.0
hvdqilz,1.0
hvdsooa,1.0
hvdwrdh,1.0
hvdwxbh,0.0
hvedvqi,1.0
hvezwae,1.0
hvfgwcq,1.0
hvfzrok,1.0
hvgadln,1.0
hvgaphe,1.0
hvgfqnb,1.0
hvghixl,1.0
hvghsul,1.0
hvgiyxl,1.0
hvgzgen,1.0
hvhaqes,1.0
hvhlrwt,0.0
hvhluet,0.0
hvhnpwz,1.0
hvhoqxi,1.0
hvhqcov,0.0
hviiaqa,0.0
hvjeltd,1.0
hvjwdsc,1.0
hvkbtaf,0.0
hvkowld,0.0
hvkuoui,1.0
hvkvevm,1.0
hvkvgpf,0.0
hvkzuyh,0.0
hvliiya,0.0
hvlvuoh,1.0
hvlvycn,1.0
hvmmjjy,1.0
hvmqxiu,0.0
hvmwbeu,0.0
hvnbltc,1.0
hvnoekj,1.0
hvnogrb,1.0
hvnqiwo,0.0
hvoeapd,1.0
hvoeitp,1.0
hvoiuan,1.0
hvomnpd,1.0
hvopyqp,1.0
hvounda,0.0
hvozwfx,1.0
hvpigbd,1.0
hvppmmv,0.0
hvprhzq,1.0
hvqixtw,1.0
hvqolsr,1.0
hvqszxv,1.0
hvqzooi,0.0
hvrbjul,0.0
hvrgndp,1.0
hvrhbxb,0.0
hvrjrzx,1.0
hvrmjyp,1.0
hvrtydq,1.0
hvryviw,1.0
hvschgb,1.0
hvsfatz,1.0
hvsgsvc,1.0
hvsjapu,0.0
hvsjmkf,1.0
hvtatvb,1.0
hvtdttu,1.0
hvtilbk,0.0
hvtnbnc,1.0
hvubjvt,0.0
hvuhggj,1.0
hvuxrgk,0.0
hvvcnah,1.0
hvverlg,1.0
hvvlbhl,0.0
hvvnnug,1.0
hvvsxsr,1.0
hvwcpfb,1.0
hvwczgs,1.0
hvwhlwr,1.0
hvwkuvy,1.0
hvwmxbw,1.0
hvwmzoz,0.0
hvxcpcs,1.0
hvxkacm,0.0
hvxwelo,1.0
hvxwzpf,1.0
hvxzzay,1.0
hvyjgif,1.0
hvyszdp,1.0
hvywdhc,1.0
hvzbbpj,1.0
hvzjags,1.0
hvzvuoc,0.0
hvzytol,1.0
hwabajs,1.0
hwagqhs,0.0
hwbgicx,0.0
hwbmpor,1.0
hwbopob,1.0
hwcaeft,1.0
hwckmat,0.0
hwclnru,0.0
hwdaofg,1.0
hwdeche,1.0
hwdfdoq,0.0
hwdjpqd,1.0
hwdmboc,1.0
hwdtkfm,0.0
hweidxe,1.0
hwekokr,1.0
hwenwpd,1.0
hwepmzs,1.0
hweslme,0.0
hwevebj,1.0
hwfshcg,0.0
hwfudoe,1.0
hwgugmd,1.0
hwhailn,1.0
hwheadd,1.0
hwhimow,0.0
hwhofvu,0.0
hwhosxr,1.0
hwhrkfc,1.0
hwjesfy,1.0
hwjlfof,1.0
hwjrvvt,1.0
hwkixjz,1.0
hwkpami,1.0
hwldfdt,0.0
hwlnlpl,1.0
hwlodqn,0.0
hwlurvk,1.0
hwlyncv,1.0
hwlyujv,1.0
hwmihwp,1.0
hwmixod,1.0
hwmprps,1.0
hwmqdno,1.0
hwmvwap,0.0
hwniuph,1.0
hwnkhuw,1.0
hwnoggr,0.0
hwoeoam,0.0
hwoktjp,1.0
hwotomi,1.0
hwpkbzi,1.0
hwplznz,1.0
hwpqpqb,0.0
hwptnph,0.0
hwpudsw,1.0
hwpvcvm,1.0
hwqfmca,0.0
hwqngsq,1.0
hwqwowz,1.0
hwrbpeb,0.0
hwrqjof,0.0
hwsibqv,1.0
hwtacys,1.0
hwtclla,0.0
hwtfzny,1.0
hwthotb,0.0
hwuagmv,1.0
hwurcvx,1.0
hwuutzq,0.0
hwuwjxh,1.0
hwvrtys,1.0
hwwipek,1.0
hwwktix,1.0
hwwraqm,0.0
hwwxloe,1.0
hwwytwx,1.0
hwxaqas,0.0
hwxgjtv,1.0
hwxtbxb,1.0
hwxtyhd,1.0
hwyagbt,1.0
hwycrgu,0.0
hwycyop,0.0
hwylejb,0.0
hwzcdeq,1.0
hwzffcx,1.0
hwzotbi,1.0
hwzzimq,0.0
hxanyym,1.0
hxaqaih,1.0
hxbaopq,1.0
hxbkplv,0.0
hxbqhfv,0.0
hxbybgz,0.0
hxbyfim,1.0
hxccalv,0.0
hxdxvtq,1.0
hxeczny,1.0
hxeropx,1.0
hxeyzlw,0.0
hxeyztj,0.0
hxfdvmc,1.0
hxfgvsp,1.0
hxgbnzv,1.0
hxgmhyy,0.0
hxgnkgc,1.0
hxgtowm,1.0
hxgyvgm,1.0
hxhhamo,0.0
hxhmjno,1.0
hxijixo,0.0
hxixqiw,1.0
hxjbbni,1.0
hxjbrhd,1.0
hxjonry,1.0
hxjvplw,1.0
hxkbora,1.0
hxkhyfs,1.0
hxkikyq,0.0
hxkliaf,1.0
hxlapcl,1.0
hxlauci,1.0
hxlbjte,1.0
hxldgkp,1.0
hxlrkrg,1.0
hxltkja,1.0
hxmfmeu,1.0
hxmpebr,1.0
hxmrujm,1.0
hxmrvuw,1.0
hxmzpys,0.0
hxnaizk,0.0
hxnhywx,1.0
hxnmmba,0.0
hxnperm,1.0
hxnrteb,1.0
hxoetaj,1.0
hxoextm,0.0
hxojtqq,1.0
hxootix,0.0
hxotptq,1.0
hxoucam,1.0
hxpcinf,1.0
hxqbfgx,1.0
hxqcoxg,1.0
hxqdarf,1.0
hxqpozc,0.0
hxqvbzn,0.0
hxqyzba,0.0
hxqzcts,1.0
hxqzxws,1.0
hxrzlef,0.0
hxsacet,0.0
hxsbylw,1.0
hxsfhhy,0.0
hxtdotp,1.0
hxtrazg,1.0
hxttkar,1.0
hxualux,1.0
hxuislp,0.0
hxuqmfk,1.0
hxurupd,0.0
hxusugu,1.0
hxuuczn,1.0
hxuuruf,0.0
hxuuzxy,1.0
hxvzict,1.0
hxvzqbv,1.0
hxwmcpt,1.0
hxwstle,1.0
hxwtlui,1.0
hxwturr,1.0
hxwwghb,0.0
hxxmvld,1.0
hxxojsm,1.0
hxxrxhf,0.0
hxylxin,0.0
hxyughn,1.0
hxyxjbr,1.0
hxzljbt,0.0
hxzqazk,1.0
hyaawyy,1.0
hyadmps,1.0
hyapyog,1.0
hyarsdf,1.0
hyasxpm,1.0
hybcgtp,1.0
hybecpv,1.0
hybgxtr,1.0
hyblzfw,0.0
hybrvlz,1.0
hybxsjp,0.0
hycbpfe,1.0
hyccyhw,1.0
hychdew,1.0
hycifbx,0.0
hydkgld,0.0
hydlgfm,1.0
hydrufq,0.0
hyebcgn,0.0
hyedqqd,1.0
hyehwzl,1.0
hyewdrl,1.0
hyfcuia,1.0
hyfhrnl,1.0
hyfmjiz,0.0
hyfmtnz,0.0
hyghfqx,1.0
hygoezh,1.0
hygoneq,1.0
hyguumn,1.0
hygzvlu,1.0
hyikblv,1.0
hyiqmhr,0.0
hyjigot,1.0
hyjogfe,0.0
hyjxevm,0.0
hykkpva,1.0
hykyrtu,1.0
hylbfjo,1.0
hylfqhw,1.0
hylkrbc,1.0
hymeqgs,0.0
hymewxu,1.0
hymfqfg,0.0
hymgahs,1.0
hymljnf,0.0
hymopgu,1.0
hymprmu,1.0
hymyhfb,1.0
hynaoft,1.0
hynjuhs,1.0
hynpsvm,1.0
hynrzmk,1.0
hyoarkx,1.0
hyoejyv,1.0
hyonkpr,1.0
hyoowle,1.0
hyosiqd,1.0
hypcfyx,0.0
hypipqr,0.0
hypwlps,0.0
hyqhhja,1.0
hyqizja,1.0
hyqlprn,1.0
hyqmkes,1.0
hyqnoka,1.0
hyraksw,1.0
hyrgsyy,0.0
hyrqvds,1.0
hyrrlyw,1.0
hyrvkxj,0.0
hysamii,1.0
hysdnui,1.0
hysheus,1.0
hyskhtq,1.0
hyslnkj,1.0
hysyppz,1.0
hyterby,1.0
hyuydsd,0.0
hyviaoz,1.0
hyvvjyr,0.0
hyvwmgt,1.0
hywzkpm,0.0
hyxdnvg,1.0
hyxecrv,1.0
hyxhrgy,1.0
hyxigyx,1.0
hyxlbdd,0.0
hyxrszm,0.0
hyxrycr,1.0
hyyhlmi,1.0
hyywmgx,1.0
hyzubhk,0.0
hyzxtvm,1.0
hyzysgo,0.0
hzabgym,1.0
hzarcpk,0.0
hzbdoiq,1.0
hzbljdq,1.0
hzbwxgl,1.0
hzcekwu,1.0
hzcmfdm,0.0
hzctlnd,1.0
hzdbdzy,1.0
hzdhjxd,1.0
hzdpffb,1.0
hzdrsby,1.0
hzdxygp,1.0
hzebrae,0.0
hzeglum,0.0
hzemkql,1.0
hzetnjc,1.0
hzexnsx,1.0
hzeztel,1.0
hzffieu,1.0
hzggggg,0.0
hzglahv,1.0
hzgmjcy,1.0
hzhcoju,1.0
hzhlbjs,0.0
hzhoxjo,0.0
hzhpvzp,0.0
hzhqdhb,1.0
hzhugwq,1.0
hziobpb,1.0
hzipomc,1.0
hzjdgwq,1.0
hzjkign,1.0
hzjribw,0.0
hzjvnyt,1.0
hzkdykw,1.0
hzkhbxq,1.0
hzknmdg,0.0
hzkqwef,0.0
hzksxyv,1.0
hzlezuo,0.0
hzlpokr,0.0
hzlxnks,1.0
hzmfkss,0.0
hzmqhnl,1.0
hzmtsfr,1.0
hznmead,1.0
hznnpmw,1.0
hzobhmm,0.0
hzoqypm,1.0
hzosopy,1.0
hzozdyt,1.0
hzqkmpb,1.0
hzqktmu,0.0
hzqncfa,0.0
hzqoaho,1.0
hzquyzq,0.0
hzqzzoo,1.0
hzrmrtk,0.0
hzrrizm,1.0
hzsarbi,1.0
hzsicvb,0.0
hzszmqw,0.0
hzszsxl,1.0
hztdjui,0.0
hztubug,1.0
hzuetwn,1.0
hzuhdbz,1.0
hzuocxi,1.0
hzvcjwh,1.0
hzvdbum,0.0
hzviiqh,1.0
hzvjclm,1.0
hzvmkja,1.0
hzvsofn,0.0
hzvtedk,0.0
hzvwbxo,0.0
hzwieqp,0.0
hzwqdtk,0.0
hzxhqrv,1.0
hzxlmtw,1.0
hzxnlok,0.0
hzxpfoi,0.0
hzxuhlt,1.0
hzyoawb,1.0
hzyvtqm,0.0
hzzfquq,0.0
hzzgpou,0.0
hzzkwpg,1.0
hzzqhmp,0.0
hzzslmb,1.0
iaahjlf,1.0
iaapgbv,1.0
iaaupbd,0.0
iaauwxn,0.0
iaawhpb,1.0
iaaxgrg,0.0
iabeezi,0.0
iabgpkh,1.0
iabjkhc,1.0
iabwldw,0.0
iachsso,1.0
iacrzlz,1.0
iaczzzj,1.0
iadehuq,0.0
iadfouy,1.0
iadrfch,1.0
iaebkgd,1.0
iaeceha,1.0
iaepjek,1.0
iaetnpf,1.0
iaezltm,0.0
iafdgbr,0.0
iafhovq,1.0
iafqwoj,1.0
iagncjo,0.0
iagndpe,1.0
iagqisc,0.0
iagrxnd,1.0
iagtgfe,0.0
iagtlec,1.0
iaharbx,0.0
iahatcl,0.0
iahiwwx,1.0
iahswoo,1.0
iahxzef,1.0
iahzdqi,1.0
iainemb,0.0
iaioaxx,1.0
iaiwyia,1.0
iaiyeie,1.0
iajdsvu,1.0
iajejtk,1.0
iajfnrw,0.0
iajnpxu,1.0
iajzrna,1.0
iakboyq,1.0
iakrssv,1.0
ialctro,0.0
ialflto,0.0
ialkkpq,1.0
ialsvlt,1.0
iambkdb,1.0
iamctta,1.0
iamgbyh,1.0
iamgxls,1.0
iandqbk,1.0
ianfwkb,0.0
ianncir,0.0
iannkaw,0.0
ianwnid,0.0
ianzrnj,1.0
iaojncf,1.0
iaoqmlb,1.0
iaosajd,1.0
iaotluv,1.0
iaouheb,1.0
iaoyqdn,1.0
iapaniy,1.0
iapmjmv,1.0
iapqeuv,1.0
iapxjpv,0.0
iaqfxep,0.0
iaqrelp,0.0
iaqwcqa,1.0
iaqxebc,1.0
iascurd,1.0
iaslzlr,1.0
iasozsw,1.0
iasxica,0.0
iataogv,1.0
iatfcfo,1.0
iatfcmr,1.0
iatoyxf,0.0
iatreed,1.0
iatvgpz,1.0
iaucwzu,1.0
iavwxnd,0.0
iavyfof,1.0
iawbuut,1.0
iawiqtc,0.0
iawxodc,1.0
iawyirb,0.0
iaxeqdv,0.0
iaxhvms,0.0
iaxqbzv,1.0
iaxvcko,1.0
iayizdc,1.0
iayxbbd,1.0
iazdpji,0.0
iazeakn,1.0
iazljia,0.0
iaztrlx,1.0
iazvykf,0.0
iazzdab,1.0
iazzwpk,1.0
ibagbyf,1.0
ibagqry,0.0
ibalapw,1.0
ibalvtq,1.0
ibaolik,0.0
ibaoyqm,1.0
ibaqtwu,1.0
ibaywjx,0.0
ibbgwcp,0.0
ibbhqcb,1.0
ibbimal,1.0
ibbkplw,0.0
ibczdon,1.0
ibdiubb,0.0
ibdktgf,0.0
ibdogcp,1.0
ibdxcwc,1.0
ibedjpd,0.0
ibehsqj,1.0
ibepgtz,1.0
ibeqrug,1.0
ibfcasd,1.0
ibfirsq,0.0
ibghmzb,0.0
ibglumd,0.0
ibgnyoe,0.0
ibgoege,1.0
ibgrula,1.0
ibhcgwa,1.0
ibhclqu,1.0
ibhnqeq,0.0
ibhztpa,0.0
ibibfxy,0.0
ibidpms,0.0
ibithza,1.0
ibjjzxg,1.0
ibjnbyj,0.0
ibkbzpl,1.0
ibkoepd,0.0
ibksizl,1.0
ibkygzt,1.0
ibkzymp,1.0
iblbmua,1.0
iblbwaj,1.0
iblldsu,1.0
iblnpel,1.0
iblpmub,1.0
iblszkd,1.0
ibmeimc,1.0
ibmptmw,0.0
ibmqfrp,1.0
ibmrkcf,1.0
ibnifvn,1.0
ibnqiua,1.0
ibnqlzm,1.0
ibnvwlh,0.0
iboezvj,1.0
ibojgef,1.0
ibomkzb,1.0
ibpaiws,0.0
ibpauwk,1.0
ibpmehu,1.0
ibpmxrq,0.0
ibpnnti,1.0
ibpnwoi,1.0
ibqmznj,1.0
ibqnbdg,1.0
ibrejun,0.0
ibsvsfn,0.0
ibswtlp,1.0
ibtalkd,0.0
ibtnxjx,1.0
ibuecyp,1.0
ibufuqb,1.0
ibumskn,1.0
ibuveot,0.0
ibvjmtn,1.0
ibvklyy,1.0
ibvlpru,1.0
ibvmhyw,1.0
ibwegrj,1.0
ibwzmfr,1.0
ibxbonq,1.0
ibxgmge,1.0
ibxmzhb,0.0
ibxqzdj,1.0
ibxyyss,1.0
ibyedcq,0.0
ibygbvn,0.0
ibymycm,1.0
ibytxyn,1.0
ibytyyo,1.0
ibyzwfg,1.0
ibznvwi,1.0
ibzoavl,0.0
ibzzjmz,1.0
icabnru,1.0
icawshk,1.0
icaycwd,1.0
icayxwm,0.0
icbjavw,0.0
icbqwvw,1.0
icbtkov,0.0
icbwefw,1.0
icckioh,1.0
icdfcfy,1.0
icdikvk,1.0
iceaetg,1.0
icebhgp,1.0
iceuvef,0.0
icevuxc,1.0
icfavlu,1.0
icfdsim,1.0
icfeahd,1.0
icfeuzv,1.0
icfglhu,0.0
icfodpy,1.0
icfplwf,0.0
icgvatf,1.0
ichfawm,1.0
ichoxfg,1.0
ichsdri,1.0
ichvhqk,1.0
ichzxby,1.0
icibmlc,1.0
icibvon,0.0
icifbne,1.0
iciucxi,1.0
icjnjwd,0.0
ickcyag,1.0
ickesog,0.0
icketun,1.0
ickevhx,1.0
icknhui,1.0
ickpwmq,1.0
icldrrp,1.0
iclhkyg,1.0
iclmcwj,1.0
iclpdpu,1.0
icmjzog,1.0
icmnuvd,1.0
icmpgtc,1.0
icnbivi,1.0
icnhsvc,1.0
icnoffz,1.0
icoguom,0.0
icolajj,0.0
icollsv,0.0
icopxvf,1.0
icopywh,0.0
icornxa,0.0
icovsah,1.0
icovvkf,0.0
icpdoru,1.0
icpdywe,1.0
icpejtz,1.0
icplumq,1.0
icplvxa,1.0
icpmoqf,1.0
icpudbe,1.0
icpvoxu,1.0
icpyjsf,0.0
icpywme,1.0
icqfbby,1.0
icqgqaj,1.0
icqjfjc,1.0
icqkfsc,1.0
icqotxu,0.0
icqukzj,1.0
icqydpx,1.0
icqzqoa,1.0
icrbxyy,1.0
icrhqvd,0.0
icrnlzc,0.0
icrrbrm,0.0
icrybyo,0.0
icshybx,1.0
icswcqd,1.0
ictdvmk,1.0
ictpdwv,1.0
icufywm,1.0
icumzzg,0.0
icuofid,0.0
icvakbc,1.0
icvcswc,1.0
icwdgiy,1.0
icwmvmg,1.0
icwneed,1.0
icxbzko,1.0
icxlcwl,1.0
icxycyc,0.0
icyebaz,0.0
icyucis,1.0
icyvaxp,0.0
iczalsj,1.0
iczelif,0.0
iczjxyu,0.0
idabafu,1.0
idafhjz,1.0
idaymyx,0.0
idbswbv,0.0
idbvvqb,0.0
idcahet,0.0
idcbbow,1.0
idcopkh,1.0
idcqhdf,1.0
idcwdvj,0.0
idcwloo,1.0
idczmoq,1.0
iddscnv,1.0
iddtstb,1.0
idduuav,1.0
iddvefp,1.0
iddwgpc,1.0
idefvtn,0.0
ideqlgc,0.0
idfedde,1.0
idfrnua,1.0
idfzzru,1.0
idgcexs,1.0
idgdeuq,0.0
idgenwd,1.0
idgqmjf,1.0
idgvdrw,1.0
idgyaqm,1.0
idhoysy,1.0
idijqgi,1.0
idijvsj,1.0
idiojqp,1.0
idiprcs,0.0
idipwve,0.0
idjjksi,1.0
idjkgfb,1.0
idjtrda,1.0
idkmvhv,1.0
idkrzzh,1.0
idlbmny,1.0
idlbsxc,1.0
idluifj,1.0
idlwgqf,0.0
idlyagx,0.0
idlyxbs,0.0
idmcxxu,0.0
idmghxg,1.0
idmjaxq,1.0
idmtkdu,1.0
idmvlle,1.0
idnejgy,1.0
idnuwaw,1.0
idnzaey,0.0
idodvjg,1.0
idofxnk,0.0
idonded,1.0
idonfzx,1.0
idoscux,0.0
idosgdb,1.0
idosztz,1.0
idpecbk,1.0
idpmiwb,1.0
idqbrud,0.0
idqqipx,1.0
idqtfyx,1.0
idqzvws,1.0
idrhftx,1.0
idrkwqv,1.0
idrvllu,1.0
idsosvb,1.0
idsvggj,0.0
idtljnk,0.0
idtnnku,1.0
idtttin,0.0
idtvluw,1.0
idujcmn,1.0
iduomdt,0.0
iduyxdl,0.0
idvduvs,1.0
idvplvm,1.0
idvwhmn,1.0
idwahty,1.0
idwcdxl,1.0
idwniih,1.0
idwzyrk,1.0
idxizus,1.0
idxlibh,0.0
idxlyoa,1.0
idxtrxa,1.0
idxvnxu,1.0
idxyfki,0.0
idxzrkw,0.0
idyondo,1.0
idyssyz,1.0
idyvtps,1.0
idywala,1.0
idzclng,0.0
idzethj,0.0
idzezxb,1.0
idzfzqm,1.0
idztawf,1.0
idzvqsi,0.0
idzvtzi,1.0
ieapkwv,1.0
iebcksp,0.0
iebdutw,0.0
iebixcl,1.0
iebnzbj,0.0
iebpzqi,0.0
iebwxci,0.0
iebxpgv,1.0
iecibav,1.0
iecmhbm,1.0
iectctg,0.0
iedftrl,0.0
iedhdiq,1.0
iedjpsk,1.0
iedvfya,1.0
iedzggn,1.0
iedzsjb,1.0
ieebsuw,0.0
ieedlut,1.0
ieeilsg,1.0
ieevsvf,1.0
ieflrga,1.0
iefmnlp,1.0
iefogdq,1.0
iefxaaw,0.0
iefyjtp,1.0
iegdike,1.0
iegidhp,1.0
iegnbiq,1.0
iegqcwr,0.0
iehcwjf,0.0
iehiawz,1.0
iehkgsd,1.0
iehkhty,0.0
iehsvhs,1.0
iehtiim,0.0
iehzdjh,1.0
ieiocyd,1.0
iejcqux,1.0
iejehor,1.0
iejfrut,0.0
iejrwbx,1.0
iejtafr,0.0
iejukxx,0.0
iejybdt,0.0
iejzqzo,1.0
iekfzye,1.0
iekorhn,1.0
ielhtaq,1.0
ieloefu,0.0
ielppne,0.0
ielvjbz,1.0
iemaxxg,1.0
iemdket,1.0
iemitjp,1.0
iemllla,1.0
iemvgrr,0.0
iemvpcl,1.0
ienbvdj,1.0
iencmxi,1.0
iendrei,1.0
ienpcmc,1.0
ienpjux,0.0
ienzuzw,1.0
ieoailp,0.0
ieogwqy,1.0
ieoibvo,1.0
ieowxot,0.0
iepgjtr,0.0
iephdmr,1.0
iepolmr,1.0
iepwura,1.0
ieqcopi,0.0
ieqecws,1.0
ieqsazs,0.0
ierjrbb,1.0
ierkfqf,1.0
ierpahs,1.0
ierswyk,1.0
ierywap,0.0
iesegau,1.0
iesegvp,0.0
iesxsoj,1.0
ieszfaa,1.0
ietgrjj,1.0
ietheod,1.0
iettvhm,0.0
ieuiczs,0.0
iewdlxg,1.0
iewmjrv,1.0
iewxjxe,1.0
ieybfbn,1.0
ieybigw,1.0
ieymndd,0.0
ieyxtpo,1.0
ieyzjkb,0.0
iezexzp,0.0
iezietl,1.0
iezporf,0.0
iezzzkw,1.0
ifaitcd,0.0
ifakuwc,1.0
ifalshe,1.0
ifauerj,1.0
ifawnjj,1.0
ifbbixw,1.0
ifcbycg,1.0
ifccaoc,1.0
ifcdqem,0.0
ifdbkxx,0.0
ifdliin,1.0
ifdndpl,1.0
ifdwvxw,1.0
ifdxzmv,1.0
ifdztco,1.0
ifeivrc,1.0
ifernsk,0.0
ifeyhwa,1.0
ifezjgd,1.0
iffdolr,1.0
ifffuke,0.0
iffgcua,1.0
iffrbdf,0.0
iffyqrr,1.0
ifgawes,1.0
ifgcuck,1.0
ifgeogy,0.0
ifgmzoz,0.0
ifgyvgh,1.0
ifhdpzw,1.0
ifhhmyr,1.0
ifhrupd,1.0
ifhukpk,1.0
ifipyjb,0.0
ifjayuy,1.0
ifjhiro,0.0
ifjvirk,1.0
ifjxeky,1.0
ifkgqkj,1.0
ifkolql,0.0
ifkwsvc,1.0
ifkxjks,1.0
ifkyncr,1.0
iflacht,1.0
iflaydk,1.0
ifljnki,0.0
iflmozk,1.0
iflprbn,1.0
iflwfqc,1.0
ifmakir,1.0
ifmmpqu,0.0
ifmzcpr,1.0
ifnbrkz,1.0
ifnftpt,1.0
ifnjerx,0.0
ifnnhbw,0.0
ifobwhe,1.0
ifocciq,1.0
ifofvvx,1.0
ifogtec,1.0
ifoguqz,1.0
ifoizdp,1.0
ifomlhl,1.0
ifpepsi,0.0
ifphize,1.0
ifpthqh,1.0
ifpugft,1.0
ifpweeh,1.0
ifqaeaf,1.0
ifqeftw,0.0
ifqejxp,0.0
ifqgvce,0.0
ifqijlr,1.0
ifqlsea,0.0
ifqqszr,1.0
ifqxamx,1.0
ifrapwa,1.0
ifrimbq,1.0
ifrjair,1.0
ifsktne,1.0
ifsuzff,1.0
ifszrum,0.0
iftcwla,0.0
iftluna,1.0
iftvasz,0.0
iftvebu,1.0
ifumpdd,1.0
ifurbbx,1.0
ifuzxoz,1.0
ifvbuhj,0.0
ifvdvqc,1.0
ifvlvfo,0.0
ifvwoqg,0.0
ifwdrnv,0.0
ifwgkur,0.0
ifworee,1.0
ifwrath,1.0
ifwwphm,1.0
ifxrfhx,1.0
ifxrfqx,1.0
ifxypqu,1.0
ifyfhqb,0.0
ifyilst,1.0
ifypfnw,1.0
ifyurdo,1.0
ifzlupv,1.0
ifzpnzk,1.0
ifzpqgy,1.0
ifzvjpb,1.0
igakplc,1.0
igbiajw,1.0
igbqsdq,0.0
igbujyr,0.0
igcqalx,0.0
igcxxrc,0.0
igdkzbu,1.0
igdwerh,1.0
igegbrs,1.0
igehqfk,1.0
igesigc,1.0
igfebmj,0.0
igfjifo,1.0
igfoubb,1.0
igfqyns,0.0
igfuzcm,1.0
igggjlv,1.0
iggluvu,1.0
iggqmry,1.0
ighfsva,1.0
ighgmpx,1.0
ighucwr,1.0
igibwra,1.0
igiwfmh,1.0
igiyptn,0.0
igizrpn,0.0
igjadnw,1.0
igjldvu,1.0
igjlniv,1.0
igjmdav,0.0
igjrxul,1.0
igkwifg,0.0
igkyexx,0.0
iglbaig,1.0
iglewrk,1.0
iglghus,1.0
igmfdxj,0.0
igmihxg,1.0
igmirpf,1.0
igmwkjq,0.0
igmxgqd,1.0
ignjxtd,1.0
ignuucl,1.0
ignytax,1.0
igoaakx,1.0
igoahfz,1.0
igobbmr,1.0
igohvvk,0.0
igomuns,0.0
igoqvfh,0.0
igotxsn,1.0
igpixqz,1.0
igpmbaf,1.0
igppbgz,1.0
igpzkll,0.0
igqhcbl,0.0
igqiwze,1.0
igqlmce,0.0
igqumxx,1.0
igrfksa,1.0
igrover,1.0
igrshjo,1.0
igsbmyw,1.0
igsdcpu,1.0
igskjqd,1.0
igsmasm,1.0
igsnwyr,1.0
igtawdo,1.0
igtnivf,1.0
igttnrv,1.0
iguesms,0.0
iguezcx,1.0
iguilsc,0.0
igulsji,1.0
igutnow,1.0
iguwnca,1.0
igvaotf,0.0
igvcddl,1.0
igvmwgu,1.0
igvqpua,1.0
igwpifk,1.0
igwsypt,1.0
igwvjfx,1.0
igwvufw,1.0
igwwcpt,1.0
igxdzpw,1.0
igxexds,0.0
igxmcfm,1.0
igxohny,0.0
igxytwy,1.0
igygdfb,0.0
igyjxvr,1.0
igykwql,1.0
igyuese,0.0
igywqsb,1.0
igzdrtb,1.0
igzhiud,1.0
igzhnua,1.0
igzhurp,1.0
igzpsgg,0.0
igzxkvf,1.0
ihadppy,0.0
ihakuwg,0.0
ihavdza,0.0
ihavtlq,1.0
ihbicgt,1.0
ihbxbal,1.0
ihcspbd,0.0
ihcvkyo,1.0
ihczqkr,0.0
ihddsbv,1.0
ihdmijy,0.0
ihecvvq,0.0
iheddcr,1.0
ihefapn,0.0
iheitpi,0.0
ihekxdq,1.0
iheliky,1.0
iheoqwa,0.0
iheptnm,1.0
ihetqug,1.0
ihevfyx,1.0
ihfbtoh,1.0
ihfcqkd,0.0
ihfdpvu,0.0
ihfxczh,0.0
ihgglcj,1.0
ihglvuq,1.0
ihgykul,1.0
ihhaqih,1.0
ihhjxwl,1.0
ihhpmex,0.0
ihhxzij,1.0
ihhypus,1.0
ihigdqz,1.0
ihiiqwc,1.0
ihimjcs,1.0
ihinbty,1.0
ihiwlae,1.0
ihjvjak,1.0
ihjwnbx,1.0
ihkbkkk,1.0
ihkfzvo,1.0
ihkkpvv,1.0
ihktgan,1.0
ihkwghk,1.0
ihkxspl,1.0
ihlmpsu,1.0
ihlwgxb,1.0
ihmvxmc,1.0
ihndqxz,1.0
ihnhsjy,1.0
ihnlgvk,1.0
ihnnrmd,1.0
ihnpamd,0.0
ihnqbvv,0.0
ihnvmgs,1.0
ihoamkr,1.0
ihohxjf,1.0
ihooqcp,1.0
ihozltl,1.0
ihpdzkn,1.0
ihpflri,1.0
ihpktoc,1.0
ihplqrb,0.0
ihppdbj,0.0
ihptktu,0.0
ihqombw,0.0
ihrdowd,1.0
ihrikej,1.0
ihrkrgc,0.0
ihrnhxn,1.0
ihrnjxz,1.0
ihrpjac,1.0
ihsfnzr,1.0
ihssxjr,0.0
ihsvkpv,1.0
ihtjoui,0.0
ihtowad,0.0
ihtozxc,1.0
ihtpvwe,1.0
ihtvszu,1.0
ihugwad,0.0
ihuhcct,1.0
ihvdyuo,1.0
ihvhite,1.0
ihvjxnu,1.0
ihvwewk,0.0
ihwmfnl,1.0
ihwtgnh,0.0
ihwtivh,0.0
ihwzcbl,0.0
ihxcfsl,1.0
ihxsuur,1.0
ihxyxtd,1.0
ihyhzku,1.0
ihytllt,1.0
ihyxysm,0.0
ihzcfmp,0.0
ihzkcrj,1.0
ihzrovu,0.0
ihztfma,1.0
iiahhxo,1.0
iiavshv,1.0
iiaxxwt,1.0
iibvbxc,0.0
iibzftq,0.0
iibzpsd,1.0
iicmlyt,1.0
iicrfai,0.0
iidawwy,1.0
iidcewm,0.0
iidksst,1.0
iidllzd,1.0
iidsbqo,0.0
iieeoyd,0.0
iierxnk,1.0
iifulwo,1.0
iigbmhh,1.0
iigekob,1.0
iihbvtc,1.0
iihggrv,1.0
iihgjby,0.0
iihktpw,0.0
iihmcgn,0.0
iihqlxd,0.0
iihrmqn,1.0
iihyhhb,1.0
iiicwhy,0.0
iiinfov,1.0
iiipejf,1.0
iiivczv,0.0
iijbfff,1.0
iijbojj,1.0
iijdhck,1.0
iijjoel,0.0
iijrhwy,0.0
iijtbhx,0.0
iikieye,1.0
iiklupv,1.0
iikmpdr,1.0
iikrmkq,1.0
iikwyja,1.0
iilaqfd,1.0
iilavbz,1.0
iildtok,1.0
iilkmwq,0.0
iimxkxp,1.0
iingmey,1.0
iintfbt,1.0
iiomgwf,1.0
iioplug,0.0
iiorlml,1.0
iiqngwa,1.0
iiqqmna,1.0
iiraues,1.0
iirgwua,1.0
iirhvda,1.0
iirismv,1.0
iirwrgl,1.0
iisgyhs,1.0
iisjdzj,1.0
iiskhwd,1.0
iiswumx,1.0
iiswzih,1.0
iitwtnc,0.0
iiukznk,0.0
iiumlib,1.0
iiurcjk,1.0
iiuuybp,0.0
iivjlfo,1.0
iivqcwm,1.0
iivttsg,1.0
iiwczea,1.0
iiwdemv,1.0
iiwjjfe,1.0
iiwksil,1.0
iiwuwgs,1.0
iiwvdhr,0.0
iixcpdw,0.0
iixlstb,0.0
iixqktd,0.0
iixtznk,1.0
iiyhxqv,1.0
iiyrscb,1.0
iiyvaar,1.0
iiywfud,1.0
iizfbpz,0.0
iizfetm,1.0
iizgrlf,1.0
iizgssx,1.0
iizhcwr,1.0
iizpqew,1.0
iizqrtb,1.0
ijabdat,1.0
ijadjdg,1.0
ijahfuq,0.0
ijazsam,0.0
ijazuea,1.0
ijbqpzl,1.0
ijbxghi,1.0
ijbzqop,1.0
ijcjodn,1.0
ijconiw,1.0
ijcrmos,0.0
ijcvdwr,1.0
ijdcvql,0.0
ijddsjl,1.0
ijdosab,1.0
ijdpvur,0.0
ijdtrik,1.0
ijejjun,1.0
ijeuwqp,1.0
ijezlap,1.0
ijfowsd,0.0
ijftjns,0.0
ijfugkp,1.0
ijfvjzb,0.0
ijgectg,1.0
ijgiyxr,1.0
ijgpyzy,1.0
ijgwrsc,1.0
ijhfyai,1.0
ijhsspb,1.0
ijhvxqa,0.0
ijhypht,0.0
ijjeled,1.0
ijjjnka,1.0
ijjncep,0.0
ijjnrwz,0.0
ijjqsgh,1.0
ijjslhz,0.0
ijkcrjc,0.0
ijkdjfk,1.0
ijkffvr,1.0
ijknanv,0.0
ijksiye,1.0
ijksjch,1.0
ijktftk,1.0
ijkwbic,1.0
ijmbotn,1.0
ijmdxws,1.0
ijmebpy,0.0
ijmflzc,1.0
ijmgjqi,1.0
ijmjyux,0.0
ijmtegm,0.0
ijmtwdz,1.0
ijmwzxz,1.0
ijnfcbn,1.0
ijnfili,1.0
ijnfuqh,1.0
ijnreqf,0.0
ijnysyb,1.0
ijoatss,1.0
ijobvtx,0.0
ijoebcn,1.0
ijoibmk,1.0
ijommaj,1.0
ijoteba,1.0
ijovzjl,0.0
ijowtjc,0.0
ijoxqsv,1.0
ijoxxix,1.0
ijpiovb,1.0
ijpjshb,1.0
ijpryzm,1.0
ijpttlh,1.0
ijqfpoi,1.0
ijqgnzy,1.0
ijqhrkl,1.0
ijqokky,0.0
ijqxokw,1.0
ijqyjcx,0.0
ijrgamm,1.0
ijrkuiw,1.0
ijrkuvs,1.0
ijrrxeq,1.0
ijsdqsw,0.0
ijsihfd,0.0
ijsuipt,1.0
ijsyneq,1.0
ijtbhcd,0.0
ijtkatk,1.0
ijuoiig,1.0
ijvyxsw,1.0
ijwollk,1.0
ijwqqon,0.0
ijwvcik,1.0
ijwxisz,1.0
ijxewmf,0.0
ijxqxjm,1.0
ijxszhl,0.0
ijxubez,1.0
ijxvpsf,0.0
ijybinq,1.0
ijycwll,1.0
ijygbto,1.0
ijyoirr,0.0
ijypnat,1.0
ijyyyyi,1.0
ijzahty,1.0
ijzfncc,1.0
ijzjqmn,1.0
ijzkksn,1.0
ijzwwwf,1.0
ijzzzgi,0.0
ikafgln,1.0
ikaxtex,1.0
ikbbmno,1.0
ikbbxwg,0.0
ikbjflg,1.0
ikbymmh,1.0
ikcimkx,1.0
ikcnmtg,1.0
ikdggmt,0.0
ikdgvgq,1.0
ikdntpq,1.0
ikdooge,1.0
ikdxyum,1.0
ikelcwz,1.0
ikeqojb,1.0
ikeulli,1.0
ikfaozs,1.0
ikffhuz,1.0
ikfpdqh,0.0
ikfrktw,1.0
ikgqkrz,1.0
ikgwvwg,1.0
ikgycti,1.0
ikhdspx,0.0
ikhjrat,1.0
ikhpfnp,1.0
ikhxmip,1.0
ikhydra,1.0
ikipaok,1.0
ikiqpwh,1.0
ikirhyc,1.0
ikjfhry,0.0
ikjfryf,1.0
ikjfxmk,1.0
ikjxwud,1.0
ikjybpn,1.0
ikjzfop,1.0
ikjzxaw,1.0
ikkybmf,1.0
iklcnef,1.0
ikmdmtj,1.0
ikmjlif,1.0
ikmlgea,1.0
ikmnltv,0.0
ikmsynx,1.0
ikmwngy,1.0
ikmzzdr,1.0
iknfyxy,1.0
ikngdbt,1.0
iknpuan,0.0
ikokywd,1.0
ikornje,1.0
ikowowf,1.0
ikppwve,0.0
ikprugv,1.0
ikptqwd,1.0
ikpxbyj,1.0
ikpztgy,1.0
ikqdgim,1.0
ikqhyrt,1.0
ikqrsps,0.0
ikqwfwg,1.0
ikqyyli,0.0
ikradwu,1.0
ikrditt,1.0
ikrgabb,0.0
ikrnesa,0.0
ikrzooi,1.0
iksbjbr,1.0
iksfyjq,1.0
iksnjei,1.0
iksphnm,1.0
iksygor,0.0
iktbxkm,1.0
iktftta,1.0
iktjnmm,1.0
ikuemks,1.0
ikurkbq,1.0
ikuyjmb,1.0
ikvcwwn,1.0
ikvrpqj,1.0
ikwtdsz,0.0
ikwyzkm,0.0
ikxazyo,1.0
ikxnooc,1.0
ikxnxcb,1.0
ikxoyfs,1.0
ikxqqyo,0.0
ikxsiqh,1.0
ikylchf,0.0
ikymfnd,1.0
ikyqizu,1.0
ikyrdoc,1.0
ikyrfyf,0.0
ikyykrr,0.0
ikzcupj,1.0
ikzgiga,0.0
ikziaql,1.0
ikzpmns,1.0
ikzsfxh,1.0
ikzykex,1.0
ilayokw,1.0
ilbzisp,0.0
ilckggu,1.0
ilcmzmr,0.0
ilcsjju,1.0
ileaesv,1.0
ileeaai,0.0
ileepyw,1.0
ileofla,0.0
ilepzym,0.0
ilexljp,1.0
ilfasfq,1.0
ilfbjiz,0.0
ilfkyks,0.0
ilfotlk,1.0
ilftnqe,1.0
ilgfuap,0.0
ilghxdd,0.0
ilgoggb,1.0
ilgylez,1.0
ilhaaey,0.0
ilhclot,1.0
ilhedou,1.0
ilifwsp,0.0
iliotax,0.0
iliveae,1.0
iljbtlc,1.0
iljdqrj,1.0
iljiqin,0.0
iljonsq,1.0
iljqyfm,0.0
iljudqr,1.0
iljumlv,1.0
iljxvlz,1.0
ilkhjwa,1.0
ilkimcd,0.0
ilkkalv,0.0
ilkmokv,0.0
ilkzkhn,0.0
illemyl,1.0
illyhha,1.0
illyqqp,1.0
illzjub,1.0
ilmbwwb,1.0
ilmcpui,0.0
ilmiybe,1.0
ilmmsze,1.0
ilmogow,1.0
ilmqkwa,1.0
ilmqlbx,1.0
ilmxziw,1.0
ilmyvod,1.0
ilnimru,0.0
ilnjfyx,1.0
ilnmkkd,1.0
ilnrvaa,1.0
ilntwvp,0.0
ilnvrqj,0.0
ilodqer,0.0
ilofehg,1.0
iloljds,1.0
ilomwqe,1.0
iloqlfr,1.0
ilovnep,1.0
ilowoxq,1.0
ilpdvcv,1.0
ilpjkos,0.0
ilpkheg,0.0
ilpprwl,1.0
ilpwhtp,1.0
ilqxkmc,1.0
ilrdole,1.0
ilrefcj,0.0
ilrmjsr,1.0
ilrndrn,1.0
ilrqlbe,1.0
ilruifx,1.0
ilryelt,0.0
ilsbubc,1.0
ilsgpfm,1.0
ilsnoaq,1.0
ilsoejl,0.0
ilszilz,1.0
ilszpvv,0.0
iltnawf,1.0
ilubijy,1.0
iluekee,1.0
iluevvm,1.0
ilvjcfv,1.0
ilvjzbq,1.0
ilwcfsu,0.0
ilwcvvu,0.0
ilwmqev,1.0
ilxesbp,0.0
ilxifyt,1.0
ilxkkgf,0.0
ilymnvu,1.0
ilyowne,1.0
ilzbemn,1.0
ilzllqj,1.0
ilzpcjc,1.0
ilzppsc,1.0
ilzswwh,1.0
imajslj,1.0
imalytl,1.0
imapvlb,1.0
imbcyvb,0.0
imbdmjf,1.0
imbppcq,0.0
imbyapl,0.0
imcjtma,0.0
imcmxho,1.0
imdhjli,1.0
imdlqsd,1.0
imdquio,1.0
imdyaoz,0.0
imeftzc,0.0
imehmrx,1.0
imerxqx,0.0
imghrko,1.0
imglrsj,1.0
imgxsof,0.0
imgzjrg,0.0
imhdsvf,1.0
imhkcmb,1.0
imhqcph,1.0
imhqylq,1.0
imhqzqq,0.0
imhsygg,0.0
imhtjnl,1.0
imhuesu,1.0
imjiopy,0.0
imjkqgo,1.0
imkcxwx,1.0
imkdfsu,1.0
imkxjyf,0.0
imlcviq,0.0
immbock,1.0
immpflg,1.0
immrrsj,1.0
immtelt,1.0
immvqkx,0.0
imndiue,1.0
imnhjqa,1.0
imnjcxp,0.0
imnjqjw,1.0
imoethh,1.0
imohwjf,0.0
imokprd,1.0
imolcdr,1.0
impfxux,1.0
imqitao,1.0
imqmaeu,1.0
imqxvwq,0.0
imrcorq,1.0
imrevru,0.0
imrmtjd,1.0
imrshul,0.0
imsqqki,1.0
imswulz,1.0
imsyhov,0.0
imszbzj,1.0
imtcegs,0.0
imteoxg,1.0
imtstmw,1.0
imunlyk,0.0
imuplxr,0.0
imutqih,1.0
imvfchu,1.0
imvofrx,1.0
imwiwui,1.0
imwrmps,1.0
imwwilh,1.0
imwxyxq,1.0
imxytio,1.0
imydvmv,0.0
imykxdk,1.0
imyogzq,0.0
imytttm,0.0
imzgiep,1.0
imzglxw,1.0
imzgtck,0.0
inabcuv,0.0
inaflco,1.0
inbhias,0.0
inbrbzy,1.0
incerxw,0.0
inckkcx,1.0
incqbes,0.0
incsrfr,1.0
inctvyd,1.0
incvgyu,0.0
indgjdo,1.0
indoaot,1.0
indrhpc,1.0
indvwwp,1.0
inehhek,1.0
inekcpd,1.0
inemlhy,1.0
inesitz,0.0
inevqxc,1.0
ineydvj,1.0
inffutd,1.0
infnmef,1.0
infrlbp,1.0
infulpx,1.0
ingjkis,1.0
ingmxya,1.0
ingsggp,0.0
ingxvyp,1.0
ingzkda,1.0
inhkoak,1.0
inhoiny,1.0
inhwrhb,0.0
inieheb,0.0
inievuz,1.0
inijofx,1.0
injgcog,1.0
injljkh,1.0
inkazxn,0.0
inkbjyb,1.0
inkbwdb,1.0
inkcmyo,0.0
inkrpku,1.0
inkysib,0.0
inlibuf,1.0
inllcln,0.0
inltqdn,0.0
inlzmxz,0.0
inmfxzp,0.0
inmlnqn,0.0
inmvmtg,1.0
inmyuiy,1.0
inneryq,1.0
innfbvb,1.0
innjphu,1.0
innvilx,1.0
innwdvx,0.0
inohlmy,1.0
inojggz,1.0
inokmch,1.0
inoudwf,0.0
inoxbfj,1.0
inoyqjo,0.0
inozibw,1.0
inpawgx,1.0
inpgssl,0.0
inpnjez,1.0
inprake,0.0
inpucai,1.0
inpunjt,1.0
inrcemm,1.0
inrcieq,1.0
inrfark,1.0
inrjwqj,1.0
inrktgi,1.0
inrqanp,1.0
inrsask,1.0
inrtdxl,1.0
inrwthp,1.0
insaokw,1.0
instquz,1.0
intkulj,1.0
intlacv,1.0
intngrk,1.0
intqfyf,1.0
intxzgo,1.0
inuacpq,0.0
inuasfg,0.0
inufczz,1.0
inufntj,1.0
inurmet,1.0
inuxrgm,1.0
inuzbgu,1.0
inuzjuf,1.0
invibnh,0.0
invidyh,1.0
invncmu,0.0
invnvkg,1.0
inwjppw,1.0
inwkdzi,0.0
inwpdam,0.0
inxayic,0.0
inxkrxc,0.0
inxpmkx,0.0
inyaieo,0.0
inycmzv,1.0
inyjvus,1.0
inyneui,0.0
inyuzbm,1.0
inzbsnn,1.0
inzichl,1.0
inzkmip,1.0
inzlbsx,1.0
inzqiaa,0.0
ioabiju,1.0
ioaeyxq,1.0
ioaisdx,0.0
ioamenk,0.0
ioaxjny,0.0
ioayyxi,1.0
iobiknh,0.0
iobmcax,1.0
iobtgzz,0.0
iocannh,1.0
iodbprc,1.0
iodeice,1.0
iodkowc,1.0
iodrxgg,1.0
ioeamsz,0.0
ioegqbs,1.0
ioeivim,1.0
iofqadb,1.0
iofqioe,1.0
iofwkle,1.0
iogsnbs,0.0
iohkxob,0.0
iohtihd,1.0
ioidpjb,1.0
ioifttl,0.0
iojvgsm,1.0
iojzvta,1.0
iokjqwv,1.0
ioklnma,1.0
iokmdws,1.0
iokmskq,1.0
iomcovd,0.0
iomkwhq,0.0
iomphdb,0.0
iomtyes,1.0
ionkztx,1.0
ionlkxn,1.0
ionrgfk,1.0
iontfaq,1.0
iontmqb,1.0
iooceqk,1.0
ioococy,1.0
ioojcvi,1.0
iooonur,1.0
ioovscs,1.0
ioowpjs,0.0
iopavxu,0.0
iopgidc,1.0
iopmetx,0.0
iopnwjp,0.0
iopxqwe,1.0
iopysiv,1.0
ioqcsig,1.0
ioqhmat,0.0
ioqhnlh,0.0
ioqhpbq,1.0
ioqrnug,1.0
ioqvwmk,1.0
iordovh,0.0
iortxig,1.0
iosfaut,0.0
iospebs,1.0
iosrcky,0.0
iostwdu,0.0
iotihzq,1.0
iotjabz,1.0
iotjfrd,1.0
iotrhxi,1.0
iottfbl,1.0
ioulrbb,0.0
iousokm,1.0
iovafvw,0.0
iovgakk,1.0
ioviwka,1.0
iovqudg,1.0
iovudmg,1.0
iovzcvd,1.0
iowbxgf,1.0
iowqaqj,1.0
iowwylu,1.0
ioxehuw,1.0
ioxjjcj,1.0
ioxohqa,0.0
ioxtwxe,1.0
ioxywsh,0.0
ioykani,1.0
ioyqtcu,1.0
iozaetp,1.0
iozaftc,0.0
iozdxhx,1.0
iozfyty,0.0
iozlegu,0.0
iozpqto,1.0
ioztcbc,0.0
iozzmmk,0.0
ipaiwus,1.0
ipasimy,0.0
ipazudj,0.0
ipbfdsc,0.0
ipbjezw,1.0
ipbjndh,1.0
ipbmeno,1.0
ipbsxea,1.0
ipbzrqf,0.0
ipcgklm,1.0
ipcnoop,1.0
ipcpcbp,0.0
ipdebze,1.0
ipdiftq,1.0
ipdrdit,1.0
ipdwbzm,0.0
ipdwcnj,1.0
ipeulis,1.0
ipffzjc,0.0
ipfruyt,1.0
ipgbedd,1.0
ipgerwq,1.0
ipgezqy,1.0
ipggqcy,1.0
ipglbew,1.0
ipgqwbb,1.0
iphczza,1.0
ipitbun,0.0
ipiyeyz,1.0
ipjagda,1.0
ipjaqbt,1.0
ipjzldz,1.0
ipjzucq,1.0
ipkiive,1.0
ipktokw,1.0
iplcbig,1.0
iplisfl,0.0
iplmctd,0.0
iplroot,1.0
iplszul,1.0
iplxxal,0.0
ipmbxpv,1.0
ipmzzaj,0.0
ipnfddj,1.0
ipnxpub,1.0
ipobtbs,0.0
ipoeagr,1.0
ipoepgu,0.0
iponpfv,1.0
ippawly,0.0
ippdrtj,1.0
ippjokw,1.0
ipqyayc,0.0
iprgvbe,1.0
iprnncz,1.0
ipsfpim,1.0
ipswlpc,1.0
ipsygde,0.0
iptphap,0.0
iptqzkm,1.0
iptycqs,1.0
ipucsrh,1.0
ipugpbt,1.0
ipulpjl,1.0
ipupxmb,1.0
iputebz,0.0
ipuuvaz,1.0
ipuxrzl,1.0
ipvlnfh,1.0
ipvlnrz,0.0
ipvpaip,0.0
ipvrmhz,1.0
ipvubpc,1.0
ipwiddr,0.0
ipwikvd,0.0
ipwtraj,0.0
ipwupfk,1.0
ipwwqft,1.0
ipxegod,1.0
ipxnbws,0.0
ipxpkyo,0.0
ipxxieq,0.0
ipxxydf,0.0
ipyiqok,0.0
ipyjyxh,1.0
ipznxsv,0.0
ipzyjht,1.0
iqarhfs,0.0
iqaujje,0.0
iqawkjg,1.0
iqbcxrp,1.0
iqbeiox,1.0
iqbewiu,1.0
iqbiryb,1.0
iqbwdca,1.0
iqbxxqd,1.0
iqcgfsw,1.0
iqclaek,1.0
iqctvsm,1.0
iqdbnrl,1.0
iqdjfhm,0.0
iqdlvmr,1.0
iqdsocj,1.0
iqdvcre,0.0
iqdznlt,0.0
iqdzotw,1.0
iqeimkh,1.0
iqfbabj,1.0
iqfevfs,1.0
iqffjoy,1.0
iqffvcr,1.0
iqfmrzv,1.0
iqfwhkb,1.0
iqhncqc,0.0
iqhohyi,1.0
iqhyxvs,1.0
iqihlds,1.0
iqippgi,1.0
iqizhce,1.0
iqizmqt,1.0
iqjbpwc,1.0
iqjigce,0.0
iqjpxrb,0.0
iqjqdrp,1.0
iqjwgnu,1.0
iqjyweq,1.0
iqkemwn,1.0
iqkhyck,0.0
iqkrpme,1.0
iqltltz,0.0
iqlwlfb,1.0
iqlzqqe,0.0
iqmoypt,1.0
iqmpqxq,0.0
iqmrzix,0.0
iqncpol,0.0
iqnebsg,1.0
iqnflev,0.0
iqnkbei,1.0
iqnuhyv,1.0
iqnvijk,1.0
iqoiqie,1.0
iqpejlg,1.0
iqqoniw,0.0
iqqyzmz,1.0
iqrdesh,1.0
iqrejfv,0.0
iqrkhij,1.0
iqrnjro,1.0
iqrtikz,0.0
iqsdthm,1.0
iqsicly,0.0
iqskfmr,1.0
iqskwyn,1.0
iqsndnc,1.0
iqsrtop,1.0
iqssmqq,0.0
iqtefth,0.0
iqtepmr,1.0
iqtjhmn,1.0
iqtmwzy,0.0
iqttlvi,1.0
iqtvagm,1.0
iqtvtph,1.0
iqulhhp,1.0
iquljpf,1.0
iquodce,1.0
iqutajd,1.0
iquzaax,1.0
iquzsir,1.0
iqvhhzj,0.0
iqvmkjt,1.0
iqwfbyg,1.0
iqwhuco,1.0
iqwkljt,1.0
iqwmwyl,1.0
iqwpwde,0.0
iqxauuu,0.0
iqxdplo,1.0
iqxhhey,1.0
iqxidgn,1.0
iqxuzoe,1.0
iqxvqkv,1.0
iqycbaz,1.0
iqymrum,0.0
iqyngdj,1.0
iqyoxet,1.0
iqypbyv,1.0
iqzfihq,1.0
iqzhqgf,1.0
iqzniix,1.0
iqzvtiy,1.0
irakvqg,1.0
irascjn,1.0
irbciko,1.0
irbinbt,1.0
irbldqq,0.0
irbmowl,0.0
irbpdcm,1.0
irbpfvi,1.0
irbpkax,1.0
irbqglv,1.0
irbukrr,1.0
ircaubr,0.0
irciswr,1.0
ircjctz,1.0
ircnczc,1.0
irdqehs,1.0
irdqggf,1.0
irdydry,0.0
irdzfuj,1.0
irekcmp,0.0
irepudp,1.0
irepupv,0.0
iresslu,1.0
irexltf,1.0
irfgchq,0.0
irfhoko,1.0
irfpjkm,0.0
irfprrc,1.0
irfxvxj,1.0
irghdjo,1.0
irgnorz,0.0
irgsvpb,1.0
irhczdi,1.0
irhmuof,0.0
irhsyzf,0.0
irhwwys,1.0
iribswj,1.0
irivmua,1.0
irjeznz,1.0
irjftau,1.0
irjhkgn,0.0
irjjpit,1.0
irjkrps,1.0
irjmshk,1.0
irjmuhc,0.0
irjohnp,1.0
irjtkrn,1.0
irjuvby,1.0
irjwwmm,1.0
irjxzmr,1.0
irkckmb,0.0
irkjprf,1.0
irkmhuk,1.0
irkrgbp,1.0
irlawsv,0.0
irlhuju,1.0
irlivrg,0.0
irlpixu,0.0
irlqgha,1.0
irlzxxw,1.0
irmaywo,1.0
irmbbgi,1.0
irmdhst,0.0
irmgrpz,1.0
irmxnms,0.0
irneahi,0.0
irnjyii,1.0
irnjzzd,0.0
irnneju,1.0
irnoobc,1.0
irnuaqa,1.0
irnykmj,0.0
iroxwou,0.0
iroyiet,1.0
irpblbe,0.0
irppaor,1.0
irprnsr,1.0
irpzfaq,1.0
irqadbt,0.0
irqahjj,1.0
irqhpys,0.0
irqhvja,1.0
irqkdln,0.0
irqxfvu,1.0
irrretk,1.0
irrssln,1.0
irrtdfa,1.0
irseqsy,1.0
irshxyi,1.0
irsqvpc,0.0
irsxxzv,1.0
irtrhgu,0.0
irtygnk,0.0
irubgvz,1.0
irucgqm,1.0
irvofui,1.0
irvybod,0.0
irwewgw,1.0
irwexye,1.0
irwfcya,0.0
irwgcqs,1.0
irwkfzk,0.0
irwrzra,1.0
irwztza,1.0
irxetea,1.0
irxhwzc,0.0
irxjpkq,1.0
irxtjhk,0.0
iryjteu,0.0
irzcvsf,0.0
irzfelh,1.0
irzpfqc,0.0
irzvxxm,0.0
irzwyvu,0.0
irzyaky,0.0
isacuix,0.0
isaeeop,1.0
isaepkl,1.0
isaeuul,0.0
isagvub,1.0
isakygm,0.0
isbhbom,1.0
isbvlta,1.0
iscbozz,1.0
iscdcpy,1.0
iscofxh,1.0
iscyhsj,1.0
isdflsc,1.0
isdfygh,1.0
isdoalo,1.0
isdyivt,1.0
isdzqeb,1.0
isefpjw,1.0
isepswt,1.0
isevnav,1.0
isezfsv,0.0
isfcypl,1.0
isfnzun,1.0
isfpqye,0.0
isfujlb,1.0
isfvrbt,1.0
isgevsq,1.0
isglvpx,1.0
isgpnys,0.0
isgrfel,1.0
isgsthv,1.0
isgwhvh,1.0
isgwnzd,1.0
ishfpnx,0.0
ishkulq,1.0
ishlazt,0.0
ishlqui,1.0
ishlvkd,1.0
ishowti,0.0
ishptlv,1.0
isiacmp,1.0
isigfxf,0.0
isjasay,1.0
isjlbhb,1.0
iskcydo,1.0
isknljb,0.0
iskppzi,1.0
iskwwtq,1.0
islcqvx,0.0
islkpcs,1.0
islysca,1.0
ismclwr,1.0
ismfwyt,1.0
ismohan,0.0
ismvsss,1.0
isndmzy,1.0
isnhtyt,1.0
isnlfas,1.0
isnofak,1.0
isogwbv,1.0
isorsxs,0.0
isownwx,0.0
ispdhpp,1.0
ispxvka,1.0
isqdkha,1.0
isqpcjz,0.0
isrfnii,1.0
isrhnoh,1.0
isrlakf,0.0
issjmll,1.0
issmkol,1.0
issyyjy,0.0
istbrue,0.0
istefke,0.0
istthmi,0.0
istyaax,1.0
isufmjr,1.0
isuutel,1.0
isuvilv,1.0
isuwjkb,1.0
isuwkqi,1.0
isvajhb,1.0
isvgvek,1.0
isvopln,1.0
isvwfuk,1.0
iswkbnb,1.0
isxbmpo,0.0
isxdkgj,0.0
isxjveb,1.0
isxzcko,0.0
isyotic,1.0
iszevks,0.0
iszuvtt,1.0
itailqw,0.0
itaohua,1.0
itbcguc,1.0
itbgrne,0.0
itcoumq,1.0
itcpefs,1.0
itcqoxw,1.0
itcqtjy,1.0
itcyuuu,0.0
itdbcev,0.0
itdbwze,1.0
itdojpp,0.0
iteciho,0.0
itedeai,1.0
itevgtp,0.0
iteylgr,0.0
itflwma,1.0
itfthed,1.0
itgdyri,0.0
itgjhef,1.0
itgkcsy,1.0
itgvtth,1.0
itgzhdn,1.0
ithjpjk,1.0
ithongp,1.0
itihetk,0.0
itihogd,0.0
itiirxu,0.0
itinzgp,1.0
ititais,1.0
itizcam,0.0
itizdrq,0.0
itjadxv,0.0
itjhxpn,1.0
itjmcks,1.0
itjnegm,0.0
itjztms,0.0
itkassu,1.0
itlbccw,1.0
itlsnme,1.0
itlxkmt,0.0
itmagte,1.0
itmbalc,0.0
itmbymj,0.0
itmdymd,1.0
itmiqsq,1.0
itmsfkg,1.0
itmudfc,1.0
itmyicc,1.0
itmzctt,0.0
itnaqxq,1.0
itngqpd,1.0
itnoeds,0.0
itnpzbp,0.0
itnzfpu,1.0
itomcxt,1.0
itosuhq,0.0
itotthh,1.0
itpcwbn,1.0
itplixk,1.0
itpokqx,1.0
itpskno,0.0
itqbiup,0.0
itqkzyh,0.0
itqolhh,1.0
itqrtha,1.0
itqvyhu,1.0
itqwesh,0.0
itrbgxa,1.0
itriuyb,1.0
itrqvrx,0.0
itrttja,0.0
itsbhmg,1.0
itsfxcl,1.0
itsivld,1.0
itslgms,0.0
itsxoni,1.0
ittasli,1.0
ittfzog,1.0
ittituz,1.0
ittqujv,1.0
ittxbhg,0.0
itucjom,1.0
itudcky,0.0
ituibbx,1.0
itukvit,0.0
iturddn,1.0
ituzivt,1.0
itvmdds,0.0
itvnqlv,1.0
itwcwof,1.0
itwlfjf,1.0
itwtekn,1.0
itxecrb,1.0
itxtoaj,1.0
itxwtat,1.0
itxwvld,0.0
ityaopu,0.0
ityjdvy,1.0
ityjjid,0.0
ityvwmq,0.0
itzlqhu,1.0
itzqawx,1.0
itzudzc,1.0
iuaezzd,0.0
iubflyr,0.0
iubjvsj,0.0
iubylfj,1.0
iubzawr,1.0
iucmqqv,1.0
iucsfmd,1.0
iucwbyj,1.0
iudcdri,1.0
iudewmd,1.0
iudijcq,1.0
iudjklm,1.0
iudkkhr,0.0
iudwlzs,1.0
iudxutz,1.0
iueltso,1.0
iufcfod,1.0
iufjdvj,1.0
iufnaay,1.0
iufqzbt,1.0
iufuqxo,1.0
iufuvmo,1.0
iufvumt,1.0
iufzhla,1.0
iugafzg,1.0
iugixre,1.0
iuglqaz,1.0
iugrwbr,1.0
iuhlhho,1.0
iuhlqti,1.0
iuhqezj,0.0
iuihkcy,0.0
iuiitpt,0.0
iujthtx,1.0
iujvibk,1.0
iujvqxn,1.0
iujvxpc,1.0
iukcxzd,0.0
iukdtbi,1.0
iukdxfr,0.0
iukfpgj,1.0
iukgozx,1.0
iukpxxt,1.0
iukvvvr,1.0
iuldius,1.0
iuliehx,1.0
iulixbt,1.0
iuljvxa,1.0
iulncka,1.0
iulqdtu,1.0
iumhcqw,0.0
iumhota,0.0
iumienb,1.0
iumsgdy,1.0
iunffmg,0.0
iunotec,1.0
iunqfzc,1.0
iunqjwm,0.0
iunzaps,1.0
iuofvdy,1.0
iupeoma,0.0
iupnfby,1.0
iupspvp,1.0
iupvnlp,0.0
iurbbay,0.0
iurkqam,1.0
iurqzuo,1.0
iurwzpc,1.0
iurxoce,1.0
iuscgix,1.0
iusocig,0.0
iuszqtn,1.0
iutdfsk,0.0
iutpbhy,1.0
iutqewx,1.0
iutsbjf,1.0
iuuczhs,1.0
iuugshc,1.0
iuukuwt,1.0
iuulvwx,1.0
iuushpk,1.0
iuuvazk,1.0
iuuyvqy,1.0
iuuzbri,0.0
iuvatyh,1.0
iuvazbz,1.0
iuvdkdq,1.0
iuwmcvb,1.0
iuxbprb,1.0
iuxlpmd,1.0
iuxnfbr,1.0
iuxtquj,1.0
iuyfvkd,1.0
iuysqoi,0.0
iuyyoak,1.0
iuzczhn,1.0
iuzeywk,1.0
iuznqsm,0.0
ivaejut,1.0
ivajozv,1.0
ivakvds,1.0
ivbehsj,1.0
ivbjsrq,1.0
ivcdpmi,1.0
ivclpam,0.0
ivcqrio,1.0
ivcrqnh,1.0
ivcshjn,1.0
ivcthbf,1.0
ivcucpi,1.0
ivdwmep,1.0
ivdyhgc,0.0
ivfhlic,1.0
ivfjlsq,1.0
ivfloqb,0.0
ivfpkus,0.0
ivfqivv,0.0
ivfxkht,0.0
ivgcddn,1.0
ivgmlzv,1.0
ivgomuh,1.0
ivhagxd,1.0
ivhlbap,0.0
ivibrsr,1.0
ivihebq,1.0
ivirkue,1.0
iviswwy,1.0
iviwdre,1.0
ivjaxap,0.0
ivjdfra,1.0
ivjgewi,1.0
ivjjzrw,1.0
ivjmbdu,0.0
ivjnpeo,1.0
ivjqmxq,1.0
ivjuksr,1.0
ivjuykp,1.0
ivjvdtq,0.0
ivjwtwq,0.0
ivkacfk,1.0
ivkcqzg,0.0
ivkextu,0.0
ivkgbxl,1.0
ivkjguz,1.0
ivkovpb,1.0
ivkqkbf,0.0
ivkriao,1.0
ivlbcst,1.0
ivlckiw,1.0
ivlczia,0.0
ivliykv,0.0
ivlkczc,1.0
ivmclba,1.0
ivmjoyv,1.0
ivmrmaa,1.0
ivmsveu,0.0
ivnwglc,1.0
ivnwlxb,0.0
ivorjjp,1.0
ivotwdh,0.0
ivpfljk,1.0
ivptxrl,1.0
ivqmdyk,0.0
ivqnolk,0.0
ivqouer,0.0
ivqsglq,0.0
ivqtlji,1.0
ivqweog,0.0
ivrdzwu,1.0
ivrkvjk,1.0
ivrleqr,1.0
ivrssbk,0.0
ivrvwfc,0.0
ivsaunw,1.0
ivsbacn,1.0
ivsjsvg,1.0
ivsmcmg,0.0
ivsnzyk,1.0
ivspcep,1.0
ivspvfn,1.0
ivswhhz,1.0
ivtcccp,1.0
ivteser,1.0
ivtjazj,1.0
ivtqfnu,1.0
ivucfen,1.0
ivuwgsr,1.0
ivvjlii,1.0
ivvoiss,1.0
ivwdmtj,1.0
ivwijuy,1.0
ivwlliq,1.0
ivwpjde,1.0
ivwsuit,1.0
ivwxqet,1.0
ivxaxat,0.0
ivxgkwa,1.0
ivxhqgb,1.0
ivxlgex,1.0
ivxoflj,1.0
ivxwxxk,0.0
ivxxpfc,0.0
ivyrvhv,1.0
ivyshyf,0.0
ivzkvrp,1.0
ivzuaag,0.0
ivzucks,1.0
iwafvmg,1.0
iwaisjx,1.0
iwajzbd,1.0
iwakltt,0.0
iwbeufy,1.0
iwbmdxg,1.0
iwbsaeu,0.0
iwbtixi,1.0
iwbwtjn,0.0
iwbygep,1.0
iwcqscg,1.0
iwcxhli,1.0
iwdafmq,1.0
iwdijjl,1.0
iwdjayt,1.0
iwdmimn,1.0
iwdmoec,1.0
iwdvykj,1.0
iwefxot,0.0
iwegpnk,0.0
iwenmkp,1.0
iwfiwsv,0.0
iwfuzbw,1.0
iwfxlaf,1.0
iwggigk,1.0
iwgogvn,1.0
iwgopmy,1.0
iwgwjvq,0.0
iwhdrtb,1.0
iwhhqdy,1.0
iwhrglj,0.0
iwhwbal,0.0
iwihpzs,1.0
iwiomcf,1.0
iwisrro,1.0
iwixjuj,1.0
iwjcsts,0.0
iwjhkar,1.0
iwkellr,1.0
iwkomcy,1.0
iwkxcku,1.0
iwmeiky,1.0
iwmggiw,1.0
iwmnjup,1.0
iwmpxno,1.0
iwmqxcq,0.0
iwmyspy,0.0
iwnkfwe,1.0
iwnkyxm,0.0
iwnpjws,1.0
iwnrfdv,1.0
iwnwore,1.0
iwodjks,1.0
iwogcqt,1.0
iwoncqy,1.0
iwonzec,1.0
iwpddgx,0.0
iwpdzuv,1.0
iwpmgix,1.0
iwpolab,1.0
iwpumsd,1.0
iwpwvyt,1.0
iwqefku,1.0
iwqkejc,1.0
iwqruex,1.0
iwqwhlb,1.0
iwripej,1.0
iwrnowe,1.0
iwrpqma,1.0
iwrrkiy,1.0
iwrsiaj,0.0
iwsabom,1.0
iwscxdu,0.0
iwskuit,0.0
iwspzmh,1.0
iwswyir,0.0
iwtaocb,1.0
iwtbeik,1.0
iwttajp,1.0
iwtvjpe,1.0
iwtwskw,0.0
iwuhlvm,1.0
iwuibcw,0.0
iwuipcs,0.0
iwumfyn,1.0
iwuwlmp,0.0
iwvgbao,1.0
iwvvihh,1.0
iwwghqq,0.0
iwwnrsd,1.0
iwwocwb,1.0
iwwzmqr,0.0
iwxfvft,1.0
iwxmekz,1.0
iwxuynv,0.0
iwxzfbd,1.0
iwycclx,1.0
iwyjblu,1.0
iwykwvx,0.0
iwyleta,1.0
iwymhut,1.0
iwzdgoq,0.0
ixacphs,1.0
ixacrcd,1.0
ixamcno,1.0
ixbnogf,1.0
ixbqdnw,1.0
ixcwuka,1.0
ixdojxj,1.0
ixdrrjw,0.0
ixdttih,1.0
ixeaerz,1.0
ixefnbb,1.0
ixenylc,1.0
ixepyrm,0.0
ixewgzo,0.0
ixfejuk,0.0
ixfmxup,0.0
ixgcesl,0.0
ixgfppr,0.0
ixggbsc,0.0
ixgzrdj,0.0
ixiagce,1.0
ixingpg,1.0
ixipnbl,0.0
ixivmfl,0.0
ixiwuaj,1.0
ixjbfpr,0.0
ixjdhyp,1.0
ixjdnkr,1.0
ixkagbk,1.0
ixkbfrq,0.0
ixkczbm,1.0
ixkdpsq,1.0
ixkifhp,0.0
ixkklfm,0.0
ixklycv,0.0
ixksjqp,1.0
ixlfoik,1.0
ixlgbot,1.0
ixlyrnx,1.0
ixlzsox,1.0
ixmbkid,1.0
ixmhlfj,0.0
ixmvumr,1.0
ixmwcrt,0.0
ixmzzps,0.0
ixoaurj,1.0
ixohius,1.0
ixovxgz,1.0
ixozlza,0.0
ixpbstb,1.0
ixpedek,1.0
ixpkvar,0.0
ixpmxkv,0.0
ixppsrn,0.0
ixpuznk,1.0
ixqnwbl,1.0
ixrawrl,1.0
ixrcjwx,1.0
ixrfryu,0.0
ixrjeqj,1.0
ixrmjfi,1.0
ixrpdlp,1.0
ixrpghw,0.0
ixrqomp,1.0
ixrrrct,0.0
ixrvxrm,0.0
ixsgabm,1.0
ixslqol,0.0
ixstihf,1.0
ixsynnh,1.0
ixszpud,0.0
ixszubh,1.0
ixtdart,0.0
ixtotoe,1.0
ixtpfny,1.0
ixtqand,1.0
ixtvdrp,1.0
ixtvjsc,0.0
ixtzcce,1.0
ixuihhn,1.0
ixuylcf,1.0
ixvdnwa,0.0
ixvdsgd,0.0
ixvlfyp,1.0
ixvoeee,1.0
ixvvxrf,0.0
ixwalnl,0.0
ixwhgun,1.0
ixwloft,1.0
ixwscla,0.0
ixwwykz,1.0
ixwyiey,0.0
ixxmagk,1.0
ixycdxw,1.0
ixyfltf,1.0
ixyospr,1.0
ixzeszy,1.0
ixzgvou,0.0
ixzinay,1.0
ixzptwx,1.0
ixzqbne,1.0
ixzsouy,1.0
ixztetr,0.0
iyabixt,1.0
iyamtaa,1.0
iyavjio,1.0
iybfdzt,1.0
iybifvj,1.0
iybrkzu,1.0
iybvxep,1.0
iybzhsl,0.0
iycgkoq,0.0
iycksom,1.0
iycmnhx,1.0
iycqgxj,0.0
iyctstx,1.0
iycwedh,1.0
iydjulr,1.0
iydlave,1.0
iydppot,1.0
iydudnt,1.0
iyduzfl,1.0
iydvmli,0.0
iydznft,0.0
iyebkwn,0.0
iyfbzna,1.0
iyfeiwb,0.0
iyfgxaq,1.0
iyfjcrf,1.0
iyfjufr,1.0
iyfyagf,0.0
iygvysw,0.0
iygweez,1.0
iyhbpam,1.0
iyhgfhx,1.0
iyhhlwn,1.0
iyhmxcj,1.0
iyhtyiv,1.0
iyiblvu,0.0
iyirlqs,1.0
iyitjrc,1.0
iyivcdi,1.0
iyizgpy,1.0
iyjinry,1.0
iyjqmeq,1.0
iykjtho,0.0
iykkxzs,1.0
iykophf,1.0
iykxlbf,0.0
iylayej,1.0
iylbxdz,1.0
iylfczu,1.0
iylfpbx,1.0
iylmscn,1.0
iymbbvq,0.0
iymcqay,0.0
iymhzht,1.0
iymixuz,1.0
iymnyow,1.0
iymruti,1.0
iymuvjg,1.0
iynlbib,1.0
iyocgmx,1.0
iyocwnf,1.0
iyokgns,1.0
iyorjxv,0.0
iyosdgc,1.0
iyoyxzp,1.0
iypbkfg,0.0
iypjkhs,1.0
iypmxwu,0.0
iypqktv,1.0
iypvwuc,0.0
iypwtpz,0.0
iypyssa,1.0
iyqjehj,0.0
iyqrano,1.0
iyqslgc,1.0
iyrcxqa,0.0
iyrgaff,1.0
iyrmqmn,1.0
iyrspoq,1.0
iyslogk,0.0
iystack,0.0
iysxwgy,1.0
iytpttq,1.0
iytwstz,0.0
iytylkf,1.0
iyudttv,1.0
iyuiepl,1.0
iyukgbq,0.0
iyumrie,1.0
iyuqtgx,1.0
iyuutcv,0.0
iyvbrxp,1.0
iyvfiss,0.0
iyvixos,1.0
iyvqqiu,1.0
iywbxqr,1.0
iywhymx,1.0
iywiamh,1.0
iywobpa,0.0
iywsgzq,0.0
iywtbku,1.0
iyxaqes,0.0
iyxdvrj,0.0
iyxgpuf,0.0
iyxonum,1.0
iyyajep,1.0
iyyebcd,0.0
iyyhdnp,1.0
iyytzfa,0.0
iyyuifr,1.0
iyzgllm,1.0
iyzndnr,1.0
iyzszyf,1.0
izaelgm,0.0
izaptsa,0.0
izbhczp,1.0
izbielj,0.0
izbklhs,1.0
izbmlhm,1.0
izbvjny,1.0
izbxnto,1.0
izchkuf,1.0
izciklx,1.0
izcnqmm,1.0
izczels,0.0
izdcdee,1.0
izdjrkd,1.0
izdthho,0.0
izduvbt,1.0
izdvlay,1.0
izdwpzi,0.0
izeroyo,0.0
izfnjeh,1.0
izfnvcp,0.0
izfubmz,1.0
izfwdir,1.0
izfxpse,0.0
izgagav,1.0
izhyhzd,0.0
iziawwo,0.0
iziomzj,1.0
iziposn,0.0
iziqvuw,1.0
iziyuzc,1.0
izjxmbv,1.0
izkjxok,1.0
izkrzvf,1.0
izkxfmx,0.0
izlaawd,1.0
izledmz,1.0
izlhaus,1.0
izlsofm,1.0
izltfoo,0.0
izmbclg,0.0
izmegdg,0.0
izmswuu,1.0
iznmhlc,0.0
iznrugo,1.0
iznxdcr,1.0
izogtac,0.0
izohwqw,1.0
izoohhj,1.0
izoqmex,1.0
izovcrs,1.0
izpapji,0.0
izpflbh,0.0
izpkfrm,1.0
izplisy,1.0
izppwua,0.0
izpzvjo,0.0
izqdoer,1.0
izqxdga,1.0
izqyuel,1.0
izrfztf,1.0
izrnpuf,1.0
izroyrq,1.0
izscheq,1.0
izsdhqv,1.0
izsdpwv,1.0
izsetyv,1.0
izshufv,0.0
izsqoji,1.0
izswyhg,1.0
iztaehk,1.0
iztgdpx,1.0
iztkzue,1.0
iztwtnq,0.0
izulpdd,1.0
izvwtjg,1.0
izvxlgf,1.0
izvydtu,1.0
izwbvit,0.0
izwhrpi,1.0
izwkwmi,1.0
izwwcoc,0.0
izwwxei,0.0
izwynwy,1.0
izxanzn,0.0
izxglrr,1.0
izxmchj,1.0
izxmzuc,1.0
izxuiul,1.0
izxukwy,0.0
izxvyek,0.0
izyheuw,1.0
izyoqlk,0.0
izyrity,1.0
izzhkcs,1.0
izzihnv,1.0
izzjner,1.0
izzpeoz,1.0
izzsfto,1.0
jaadsjl,1.0
jabcaiu,1.0
jabehjg,0.0
jabjgke,1.0
jabqbfl,1.0
jabsypz,1.0
jachtel,0.0
jacjmce,1.0
jacnpqx,1.0
jacomjs,1.0
jacpgkg,0.0
jacqzcg,0.0
jadbmya,1.0
jadctkt,1.0
jadkgts,1.0
jadoepx,1.0
jadojnf,1.0
jaebckw,1.0
jaehafy,0.0
jaeijtz,1.0
jaejfah,1.0
jaeqzzt,0.0
jaeurkw,1.0
jaeznpo,0.0
jafbnpb,0.0
jafvkbl,1.0
jafxjkr,0.0
jagjnua,1.0
jagrydm,1.0
jagxfld,1.0
jagxkpq,1.0
jagyykz,1.0
jahemle,1.0
jahmmoq,1.0
jahoxmv,1.0
jaijgqn,0.0
jaivdcd,1.0
jaivkyi,0.0
jaiwjiq,1.0
jaizduw,0.0
jajbjvl,0.0
jajdfzw,1.0
jajmwju,1.0
jakxwlk,1.0
jaldspn,1.0
jalnfey,1.0
jalrjaq,1.0
jalwroj,1.0
jalysza,1.0
jameqln,0.0
jamqtfm,0.0
jamstim,1.0
janxrpq,0.0
jaoihpe,1.0
jaoirvr,1.0
jaoqdut,0.0
jaosyvl,0.0
jaoucuz,1.0
jaowirn,1.0
japorvj,1.0
japrvoo,1.0
japyxyu,1.0
jaqbmwc,0.0
jaqjnxd,1.0
jaqllbx,0.0
jarxdsu,1.0
jasctne,0.0
jasklhi,1.0
jasuqxq,1.0
jaszcxa,0.0
jatdtsm,1.0
jatgmqd,1.0
jatgxhz,1.0
jatnguj,1.0
jatpokh,1.0
jaucwqy,0.0
jauobxj,1.0
javjmnc,0.0
javpcfv,1.0
javubvd,1.0
javznhy,1.0
jawbufe,1.0
jaxcgos,0.0
jaxdapx,1.0
jaxnabx,1.0
jaxqtiw,1.0
jaxvhdi,1.0
jaxvjud,1.0
jaxzexk,0.0
jazahrp,1.0
jazgiwi,1.0
jazlehl,1.0
jazwavm,1.0
jbaatrk,0.0
jbahgtl,0.0
jbajokt,0.0
jbbfnzo,1.0
jbblwhm,1.0
jbbmnpe,1.0
jbbuttg,1.0
jbbwnaz,0.0
jbcalmn,0.0
jbcghgn,0.0
jbckkgw,0.0
jbckwtb,1.0
jbclgta,0.0
jbcztcd,1.0
jbddwzz,0.0
jbdeokv,1.0
jbdetmi,1.0
jbdghfc,1.0
jbdkplz,0.0
jbdpnsm,1.0
jbdvkrr,1.0
jbdvtit,0.0
jbejubv,0.0
jbfluhh,1.0
jbfnkel,0.0
jbgexya,0.0
jbgihvl,1.0
jbgotba,1.0
jbgthbv,1.0
jbguckq,1.0
jbgvmxk,1.0
jbgwese,0.0
jbgyrnz,1.0
jbhgkte,1.0
jbihwwi,1.0
jbipdvl,0.0
jbirzmm,0.0
jbiyqxn,0.0
jbiyxdn,1.0
jbjdzxz,1.0
jbjencb,1.0
jbjkxzz,0.0
jbjyjpk,0.0
jbkthtr,1.0
jbllurx,1.0
jblongl,1.0
jblslai,1.0
jbltibw,1.0
jblwoat,0.0
jblxryp,0.0
jbmtpdl,1.0
jbnbpgj,1.0
jbndjrt,0.0
jbnedap,0.0
jbnfdij,1.0
jbnigku,1.0
jbniiar,1.0
jbogwdj,0.0
jbohuid,0.0
jbolstr,1.0
jboojmh,0.0
jbosyad,1.0
jbpcvdg,0.0
jbpfnkz,1.0
jbphbgu,1.0
jbpnqjk,0.0
jbpnqwk,0.0
jbpqaut,1.0
jbqlbzo,0.0
jbqutmi,1.0
jbranvs,1.0
jbravrg,1.0
jbrfkso,0.0
jbsmapz,0.0
jbsnvae,1.0
jbsqzkm,1.0
jbsrwqh,1.0
jbssisf,1.0
jbstalr,1.0
jbthczr,1.0
jbtmrev,1.0
jbtzvlb,1.0
jbulwiy,1.0
jbuoxlx,0.0
jbupxxh,0.0
jbuqfkl,0.0
jbuqfwv,0.0
jbushcq,0.0
jbuwxvc,1.0
jbvfbaw,1.0
jbvnxql,1.0
jbvyjqd,0.0
jbwecfp,1.0
jbwgphh,1.0
jbwotvr,0.0
jbxfdoo,0.0
jbxiksp,1.0
jbxlmya,1.0
jbxxyhk,0.0
jbxykur,1.0
jbybwyf,1.0
jbyhjcv,0.0
jbyylcn,1.0
jbzcpxo,1.0
jbzwzuc,0.0
jcabauf,0.0
jcarepq,1.0
jcazryg,1.0
jcbgyug,1.0
jcbqmzv,1.0
jcbslly,1.0
jcbswur,0.0
jcbyuqk,1.0
jccfrjo,1.0
jccmlme,1.0
jccplce,1.0
jccrnle,1.0
jccuabi,0.0
jcddbtv,1.0
jcdejva,1.0
jcdeomc,1.0
jcdisdo,1.0
jcdlnaj,1.0
jcdzqli,0.0
jcehuds,1.0
jcemkmv,0.0
jcepwvq,1.0
jcevkhv,0.0
jcevwtd,1.0
jcfgndr,0.0
jcfovdh,1.0
jcfvdry,1.0
jcfwgzg,1.0
jcgaipd,0.0
jcgjqcf,1.0
jcgkxcs,1.0
jchgfas,1.0
jcigsqu,1.0
jcinzbi,1.0
jcisjnk,1.0
jcisymr,1.0
jciteby,1.0
jcjbvvl,1.0
jcjfhvh,1.0
jcjkcng,1.0
jcjocpi,1.0
jckvezt,0.0
jckvoff,0.0
jclcexg,1.0
jcleetl,1.0
jclefjb,0.0
jcllmer,0.0
jcltrar,1.0
jcmgjza,1.0
jcmjqbk,1.0
jcmpuxk,1.0
jcmrreu,0.0
jcnbhxb,1.0
jcnllcb,1.0
jcnntqw,1.0
jcnpnja,0.0
jcnxbil,1.0
jcnycic,0.0
jcoanwm,0.0
jcobpyq,1.0
jcofgtb,1.0
jcopnup,1.0
jcorbqm,1.0
jcosjll,1.0
jcotoxp,1.0
jcoxqvl,1.0
jcphavq,1.0
jcpiphs,0.0
jcplgye,1.0
jcpmoto,1.0
jcqcgxk,0.0
jcqcwga,1.0
jcqkmho,1.0
jcqloku,1.0
jcqpayc,0.0
jcqsocx,0.0
jcqyfyp,1.0
jcrbtri,1.0
jcrcvoj,1.0
jcrgiwq,0.0
jcrhmzg,0.0
jcryaof,1.0
jcscxkl,0.0
jcskcmn,1.0
jcsssbd,1.0
jcszlid,0.0
jctgala,1.0
jctkute,1.0
jcueiwa,1.0
jcufxcb,1.0
jculvan,0.0
jcuwcmc,0.0
jcvecyr,1.0
jcvjwft,1.0
jcvnnau,1.0
jcwcvwn,1.0
jcwfbzo,1.0
jcwfosh,1.0
jcwqyvl,1.0
jcycayg,1.0
jcydtpf,0.0
jcykviu,0.0
jcylmlo,1.0
jcyniqq,1.0
jcywcqn,1.0
jcywywa,1.0
jczagbn,1.0
jczbvxl,0.0
jczjcvs,1.0
jcznpdq,1.0
jczuesw,1.0
jdalvsl,1.0
jdalynx,1.0
jdbbqtz,0.0
jdbmwxs,0.0
jdbwvge,1.0
jdbxgic,1.0
jdccmqb,1.0
jdciyir,1.0
jdcomes,0.0
jdcpqox,1.0
jdcwmpz,0.0
jddcmta,0.0
jdddgik,0.0
jddihom,1.0
jddixdb,0.0
jddjvey,1.0
jddmysz,0.0
jddpaug,1.0
jddvppc,1.0
jdetlir,0.0
jdeyvti,1.0
jdfjzyx,1.0
jdfzrnz,1.0
jdgoovq,1.0
jdgyntt,1.0
jdhiokj,1.0
jdhpjvx,1.0
jdhrfhv,1.0
jdihybe,1.0
jdipagr,1.0
jdirudi,0.0
jdjcnmx,1.0
jdjlndo,1.0
jdjplpq,1.0
jdjykhn,1.0
jdjzxbl,1.0
jdkpbnn,0.0
jdlecmf,0.0
jdlgygm,0.0
jdlhauj,0.0
jdlsdmt,1.0
jdmbpgy,1.0
jdmjtjk,1.0
jdmrcsr,1.0
jdmsjzk,1.0
jdmutrl,1.0
jdnabxf,1.0
jdnfswp,1.0
jdnhrnb,0.0
jdodoqt,1.0
jdonizi,1.0
jdpialo,1.0
jdqgbcy,0.0
jdqzloo,0.0
jdrcoce,1.0
jdrggih,1.0
jdrjqcp,0.0
jdrmvpf,0.0
jdrpuow,1.0
jdrqihy,0.0
jdrvcvh,1.0
jdrzerb,1.0
jdscgwe,0.0
jdsgfzk,1.0
jdsicgj,1.0
jdsnppo,1.0
jdstqsv,1.0
jdtbbcn,1.0
jdtghsg,1.0
jducroh,1.0
jduisvr,1.0
jdunzku,1.0
jduslbx,0.0
jduzsis,1.0
jduztti,1.0
jdvqnoa,0.0
jdvqrli,1.0
jdvtwpl,1.0
jdvynlv,0.0
jdwktiz,0.0
jdwlnnc,1.0
jdwpztf,0.0
jdwtnoa,1.0
jdxkaua,1.0
jdxmlql,0.0
jdxvjnm,1.0
jdyedxz,1.0
jdyubda,1.0
jdyvrzt,1.0
jdywyem,0.0
jdzgfwz,1.0
jdzhkkz,1.0
jdzmnbo,1.0
jdznaoh,1.0
jdzrjlv,0.0
jdzxbkv,1.0
jeanndx,1.0
jeaolgf,1.0
jeapqvk,0.0
jebbvoy,1.0
jebewwi,1.0
jebgrkf,1.0
jebokpx,1.0
jebpeiu,1.0
jebsfzw,1.0
jecqteh,1.0
jecqwmk,0.0
jecvzku,0.0
jecwymx,0.0
jecyiee,1.0
jedhybs,1.0
jedidth,1.0
jedlzay,1.0
jedsyzl,0.0
jedtfho,0.0
jedzxfn,1.0
jeedwge,1.0
jeehpgq,1.0
jeeuyoh,1.0
jeexdlj,1.0
jeffvbf,0.0
jefmbrg,0.0
jeftpbb,1.0
jefucoz,0.0
jefwxjk,1.0
jegadhr,0.0
jehulzn,1.0
jeiennk,0.0
jeisbdj,1.0
jeiwqfs,1.0
jeizwlv,1.0
jejayxm,1.0
jejbmxe,0.0
jejgnwz,1.0
jejmcut,1.0
jejqnou,0.0
jejymuw,0.0
jekdqgk,1.0
jekyytu,0.0
jelerff,1.0
jelhkse,0.0
jelycwk,1.0
jemdsyn,1.0
jemfvjf,1.0
jemlplv,1.0
jemvnmn,0.0
jemxlqr,0.0
jenkiea,0.0
jeoblag,0.0
jeokspk,1.0
jeorvri,1.0
jeppnje,0.0
jeqeldi,0.0
jeqskwm,1.0
jerdzol,1.0
jervuyi,1.0
jesacsx,1.0
jesjryu,0.0
jetetjx,1.0
jetkqzn,0.0
jetxtls,1.0
jeugagw,0.0
jeuhmuw,1.0
jeunrmn,0.0
jeutohi,0.0
jeutxjp,1.0
jevyvkf,1.0
jevzofe,1.0
jeweduu,1.0
jewhwbw,1.0
jewitqq,1.0
jewvffk,1.0
jewwcsf,0.0
jewxpvr,1.0
jexciqn,1.0
jexivoq,0.0
jexpehg,0.0
jexwhmf,0.0
jeyeabm,1.0
jeypgvy,0.0
jezcbzb,0.0
jfabwds,0.0
jfaiuht,1.0
jfakgap,1.0
jfanggf,1.0
jfauhhm,1.0
jfazfcs,1.0
jfbesdl,1.0
jfbkbhk,1.0
jfbnrqq,1.0
jfbtshn,1.0
jfbvfzj,0.0
jfcineb,0.0
jfckjwz,1.0
jfcsntm,0.0
jfcvnli,1.0
jfdbgdj,0.0
jfdooaw,1.0
jfdtnpt,1.0
jfefgrq,1.0
jfelohn,1.0
jffrzsb,1.0
jffulhe,1.0
jfgskky,1.0
jfgszbz,1.0
jfhfjoc,1.0
jfibmqg,1.0
jfiewah,1.0
jfigjwe,1.0
jfikzfo,0.0
jfinlnr,0.0
jfjfljz,0.0
jfjyyun,1.0
jfkknhd,1.0
jfkkyjs,1.0
jfkswll,0.0
jfkvsba,0.0
jflgjlp,1.0
jflkfon,1.0
jflpdyt,1.0
jflrvzj,1.0
jfmdspg,1.0
jfmhddd,1.0
jfmlxjz,1.0
jfmqcrt,0.0
jfmxuhi,0.0
jfmyygf,1.0
jfncupa,1.0
jfnmays,1.0
jfnrukw,1.0
jfnurnw,1.0
jfocxqg,0.0
jfoegnw,0.0
jfofjnc,1.0
jfooxpp,1.0
jfpocmi,1.0
jfpropo,0.0
jfqcvdk,1.0
jfqmuab,1.0
jfqtiyz,0.0
jfqtkms,1.0
jfrbdnk,1.0
jfrjkfi,1.0
jfroqdo,1.0
jfrxatf,1.0
jfsbnvk,1.0
jfscusk,1.0
jfsdfya,1.0
jfskkvg,0.0
jfszvar,1.0
jftjvez,1.0
jftloxy,1.0
jftmdmd,0.0
jftvnzy,1.0
jftwsws,1.0
jfuapzl,1.0
jfuhbju,0.0
jfuowpk,1.0
jfvkuhy,1.0
jfwehrg,1.0
jfwhbjp,1.0
jfwifhc,1.0
jfwnvui,1.0
jfwpaoc,1.0
jfwyzts,1.0
jfxbomh,1.0
jfxfury,1.0
jfxjpzo,1.0
jfxoezu,1.0
jfxpmkw,0.0
jfxrvka,1.0
jfxsqhu,1.0
jfxxaqa,0.0
jfxzluv,1.0
jfycytd,1.0
jfykhcp,0.0
jfynjhv,1.0
jfyraos,1.0
jfyyhyv,0.0
jfzcjhw,1.0
jfzvimm,1.0
jfzvnto,1.0
jgadmxs,0.0
jgaypss,0.0
jgbbrbx,0.0
jgbbwpa,0.0
jgbtvhr,1.0
jgbwgpb,1.0
jgbyvsp,1.0
jgcjwkn,0.0
jgcnpey,1.0
jgctlqr,1.0
jgdazmq,1.0
jgdgwea,0.0
jgdxoxx,1.0
jgdyoji,0.0
jgednvg,1.0
jgepxtw,0.0
jgeyino,1.0
jgfhhbw,0.0
jgfpsjx,1.0
jgfrxrz,1.0
jgftnwc,1.0
jgfvlmq,1.0
jggmhfz,0.0
jggpoks,1.0
jggsczu,1.0
jghpbnz,1.0
jghrqdu,1.0
jgibkiy,0.0
jgibojo,1.0
jgijahh,0.0
jgikqyw,1.0
jgizivx,1.0
jgjgkjw,1.0
jgjmxsg,0.0
jgjmydx,0.0
jgjstsc,1.0
jgjuycz,1.0
jgkglbb,1.0
jgkjoft,0.0
jgkoznl,1.0
jgkrdst,1.0
jglaffs,0.0
jglhwyt,1.0
jgljddc,1.0
jglneaw,1.0
jglrcas,0.0
jgltlxj,0.0
jglvpkh,0.0
jglynip,1.0
jgmqcyh,1.0
jgnonjh,0.0
jgnozqd,1.0
jgolvmi,1.0
jgovkyg,1.0
jgpelnr,1.0
jgpgwar,1.0
jgpnpin,1.0
jgqdahn,1.0
jgqguxf,1.0
jgquesx,1.0
jgrenbd,0.0
jgrnanq,1.0
jgrwaqa,1.0
jgrwffr,0.0
jgsuwqm,0.0
jgtcjxf,0.0
jgterli,0.0
jgtlioh,1.0
jgtpxul,1.0
jgumfdj,1.0
jgunovw,0.0
jguzqln,1.0
jgvjbro,1.0
jgvmzzu,1.0
jgvvveg,1.0
jgwalov,0.0
jgwhwen,1.0
jgwumre,1.0
jgwxsre,1.0
jgxdzjs,1.0
jgxfdlc,1.0
jgxlfri,1.0
jgxsjgz,1.0
jgyebhv,0.0
jgyhkjt,1.0
jgykamh,1.0
jgynhzm,0.0
jgyoble,0.0
jgywiag,0.0
jgywiwa,0.0
jgyxjrd,1.0
jgzaolc,0.0
jgzbdrn,1.0
jgzhoim,1.0
jgzpevj,1.0
jhacdsy,1.0
jhagdcr,0.0
jhajrkv,1.0
jhalgws,1.0
jhaoada,0.0
jhaumvi,0.0
jhaveqy,1.0
jhazmzz,1.0
jhbjuev,0.0
jhbmbax,1.0
jhbuvgn,1.0
jhcobig,0.0
jhcpnxg,1.0
jhcqjtt,1.0
jhcygwy,1.0
jhddhhb,1.0
jhdkgoj,1.0
jhdkgrq,1.0
jhdmxaf,1.0
jhdydzv,0.0
jhdzyib,1.0
jhepydf,0.0
jhfdfcn,1.0
jhfioeb,0.0
jhfnlht,0.0
jhfozxm,1.0
jhfqrif,0.0
jhfzlbp,1.0
jhgetcj,1.0
jhgfuoy,1.0
jhgmide,1.0
jhgtjxx,0.0
jhgvast,1.0
jhhlxal,1.0
jhhmllx,1.0
jhhqgwg,1.0
jhhrtcw,1.0
jhhuxlf,1.0
jhiranv,1.0
jhitgya,1.0
jhjcfql,1.0
jhjzgzu,1.0
jhkjspi,1.0
jhknkiu,1.0
jhkxgyf,0.0
jhlabeg,1.0
jhlrfii,1.0
jhlulbt,1.0
jhlutjr,1.0
jhmfguv,1.0
jhmjwoj,0.0
jhmmnih,0.0
jhmrhcy,1.0
jhnfuhc,1.0
jhngaui,0.0
jhorkpw,0.0
jhprsei,1.0
jhpvmqx,0.0
jhpvxsx,1.0
jhqelai,1.0
jhqicoz,1.0
jhqmjkz,0.0
jhqrlet,1.0
jhqrnfz,1.0
jhrrifs,1.0
jhrteuc,1.0
jhrzkfz,0.0
jhsmbto,0.0
jhsyccf,0.0
jhtabir,1.0
jhtctol,1.0
jhtghhd,1.0
jhtobju,0.0
jhtstzk,1.0
jhtydzg,1.0
jhuiult,1.0
jhusulw,1.0
jhuvxpb,1.0
jhuwqfi,0.0
jhvracm,1.0
jhvxkug,1.0
jhwchla,0.0
jhwltqr,1.0
jhxpfjo,0.0
jhxpflh,0.0
jhxpojs,1.0
jhxwjtc,1.0
jhyedma,0.0
jhyqagb,1.0
jhyzbge,1.0
jhzhlnc,1.0
jhzkmiu,1.0
jhzqyna,1.0
jhzrgmt,1.0
jiauiuo,1.0
jiazamr,0.0
jiboxjy,0.0
jicfqzc,1.0
jicjvmf,1.0
jickgjw,1.0
jidebqj,1.0
jidoxjy,0.0
jiduipa,1.0
jieianz,1.0
jiejmre,0.0
jiespka,1.0
jifienz,0.0
jifkvhe,1.0
jifmpdp,0.0
jiftlfr,1.0
jifwozr,0.0
jigccbf,1.0
jigdlyz,1.0
jiguqgv,1.0
jihziyw,0.0
jiianhb,1.0
jiicbiw,1.0
jiijktc,1.0
jiitxgl,1.0
jijitmy,1.0
jijnhps,0.0
jijqeei,1.0
jijrnqy,1.0
jikhllu,1.0
jikwqsc,1.0
jikzxhx,1.0
jilhfzw,0.0
jilktnj,1.0
jillhqx,0.0
jilqgti,1.0
jilqult,1.0
jiltivn,1.0
jilwpgs,1.0
jimcroc,1.0
jimftrr,1.0
jinuibl,1.0
jiodyqb,1.0
jiogexg,0.0
jiokwtb,0.0
jiokyyx,1.0
jiowgrs,1.0
jiozapb,1.0
jipbsme,1.0
jipkwkf,1.0
jiqdhwe,1.0
jiqivbp,1.0
jiqnqit,1.0
jiqogkh,1.0
jirejaa,1.0
jirngzs,1.0
jirowwv,1.0
jirqljf,1.0
jirqmox,1.0
jirrbvv,1.0
jirsakh,1.0
jirwhnc,1.0
jisagzy,1.0
jisbvpv,1.0
jiscvup,1.0
jisdeuw,1.0
jiszyws,1.0
jithiai,1.0
jiucssk,1.0
jiuewds,1.0
jiupykd,0.0
jiuyvbf,1.0
jivbzxv,0.0
jivehbp,1.0
jivqwxc,0.0
jivxaym,1.0
jivylux,0.0
jiwblbo,0.0
jiwkrhf,0.0
jiwqrtz,1.0
jiwsgub,1.0
jixdaur,1.0
jixhpcj,1.0
jixjcko,1.0
jixscgr,0.0
jixtzvi,1.0
jixxyhz,1.0
jiydnqu,1.0
jiyhnmu,1.0
jiylabl,1.0
jiywhhc,1.0
jiyxbbn,1.0
jizdebd,1.0
jizdjrh,1.0
jizhvuj,1.0
jizvnma,1.0
jjaxgwj,1.0
jjbdtng,0.0
jjblmmg,1.0
jjblodu,1.0
jjbzfcd,1.0
jjbzrmq,1.0
jjcbrjg,1.0
jjccqjb,0.0
jjcdccr,1.0
jjcghxo,0.0
jjcgvek,1.0
jjcickd,1.0
jjcqaah,1.0
jjcxntk,1.0
jjdbpok,0.0
jjddzgu,1.0
jjdninc,1.0
jjdomwz,1.0
jjdsilr,0.0
jjdukqh,1.0
jjeahsk,1.0
jjeblog,1.0
jjedqhl,1.0
jjejgne,1.0
jjejnap,1.0
jjemvyn,1.0
jjeqvqq,0.0
jjertgl,1.0
jjfgccs,1.0
jjfmbef,0.0
jjfters,0.0
jjgdvxb,1.0
jjgirox,1.0
jjgnlpm,0.0
jjgozvw,1.0
jjgslad,1.0
jjgtrwa,0.0
jjhdqhk,1.0
jjhdyfn,1.0
jjhiwvb,0.0
jjhnaxl,1.0
jjhptkn,0.0
jjhuhcl,1.0
jjhzuta,0.0
jjijjpj,0.0
jjjgych,0.0
jjjirak,0.0
jjjwgtl,1.0
jjkssor,0.0
jjkzboy,0.0
jjlbilp,0.0
jjlshnt,1.0
jjmagxw,1.0
jjmhimq,1.0
jjnhbdh,1.0
jjnobxv,1.0
jjnqpkr,1.0
jjnsojb,0.0
jjntlhw,0.0
jjnumih,1.0
jjnzrwx,0.0
jjoiqga,1.0
jjopoix,0.0
jjoybdz,1.0
jjpiiur,1.0
jjpijdh,1.0
jjpybsr,0.0
jjqxmzz,1.0
jjqzepa,0.0
jjraqgy,1.0
jjrbngs,1.0
jjrqsfp,1.0
jjsbshz,1.0
jjsuffw,1.0
jjtdzlz,0.0
jjtwmcu,1.0
jjtwxwx,1.0
jjugqll,0.0
jjulgpp,1.0
jjuoewm,0.0
jjutjkn,0.0
jjvbuwi,0.0
jjvjklx,1.0
jjvlvjj,0.0
jjvqkbp,1.0
jjvsced,1.0
jjwdidl,1.0
jjwnyai,0.0
jjwskrn,1.0
jjxksff,0.0
jjxpiuc,1.0
jjxqovs,1.0
jjypbco,1.0
jjypyyt,1.0
jjyqaxw,1.0
jjzcmyc,0.0
jjzemlf,0.0
jkadzef,1.0
jkafyrg,0.0
jkahamu,1.0
jkayxwv,1.0
jkbplbr,1.0
jkbxhbc,1.0
jkcjtws,1.0
jkcmwmq,1.0
jkcmztn,1.0
jkcsnwk,0.0
jkcuiyg,0.0
jkddyqf,1.0
jkdftte,0.0
jkducex,0.0
jkejzuq,1.0
jkelevq,1.0
jkesfdc,0.0
jkfaanc,1.0
jkfftqh,0.0
jkgdtkp,0.0
jkgpxbu,1.0
jkgsdth,0.0
jkgwkun,0.0
jkgywcz,1.0
jkhieif,1.0
jkhsyfh,0.0
jkhyqho,1.0
jkhzbpy,1.0
jkiexnn,1.0
jkiksen,0.0
jkiptbt,1.0
jkiwpgs,1.0
jkjtgeh,0.0
jkjuzsp,1.0
jkjvwja,1.0
jkkcdjs,0.0
jkkprji,0.0
jkldkwu,1.0
jkljznk,1.0
jkllhut,0.0
jklnesk,1.0
jklpxoo,0.0
jklqzho,1.0
jklrwxu,0.0
jkltqvh,1.0
jkltszc,1.0
jkmlkvy,0.0
jkmsgdg,0.0
jkmwmaz,1.0
jknoeut,0.0
jkntkik,1.0
jkntons,1.0
jknyndu,1.0
jkocmmq,1.0
jkomscv,0.0
jkopsrj,1.0
jkoptbw,1.0
jkovdma,1.0
jkozqlj,1.0
jkppqdw,1.0
jkpqibw,1.0
jkpznud,1.0
jkqhinb,0.0
jkrcpyh,0.0
jkrpmqz,1.0
jkrqgcn,0.0
jkrwhzu,1.0
jkrxzpw,0.0
jksdymd,0.0
jkshilv,1.0
jksrmgm,1.0
jktnzlf,1.0
jkttprw,0.0
jktwouo,1.0
jkuncdf,1.0
jkuxmdr,0.0
jkvbrlp,1.0
jkvovxs,1.0
jkwhmef,1.0
jkwvvxu,0.0
jkwzwle,1.0
jkxccci,0.0
jkxmkys,1.0
jkycpfb,1.0
jkyegiz,0.0
jkyfwqb,1.0
jkyqqjz,0.0
jkyulkm,1.0
jkywxcx,1.0
jkzazaj,1.0
jkzjcqi,1.0
jlaafbv,1.0
jlaaqsg,0.0
jlacubg,1.0
jladdhq,0.0
jladlfr,1.0
jlamtwy,1.0
jlavuld,1.0
jlbjwxv,0.0
jlblkva,1.0
jlbmueg,1.0
jlbsodh,1.0
jlcdelz,1.0
jlcdloe,1.0
jlcecrb,1.0
jlcfeml,1.0
jlcmjkv,1.0
jlcpghk,1.0
jlcyang,1.0
jldnhug,0.0
jldsklo,1.0
jldsupk,1.0
jlejzrl,1.0
jlewpvg,0.0
jlfoqcb,1.0
jlgjigo,1.0
jlgjqnt,0.0
jlgsxof,1.0
jlgvnlo,1.0
jlhdjyl,1.0
jlhdxve,1.0
jlhelcm,1.0
jlhhdle,1.0
jlhrraf,0.0
jlhrtlp,1.0
jliezpe,1.0
jlilzvm,1.0
jlimtkg,0.0
jlislfa,0.0
jlisydw,0.0
jlivnqw,1.0
jljajdc,1.0
jljezku,1.0
jljjvuh,1.0
jljthze,1.0
jlkaejl,1.0
jlkkskk,1.0
jlkmawr,1.0
jlkmeap,0.0
jlkqtbx,0.0
jllarmu,0.0
jllbgny,1.0
jlldrme,1.0
jllisyz,1.0
jllmrud,1.0
jllwnpr,1.0
jlmdeuj,1.0
jlmggin,1.0
jlmwtpy,0.0
jlmydpf,0.0
jlnelbk,0.0
jlnvxee,0.0
jloflwo,1.0
jlofmvn,0.0
jlofqof,0.0
jloivzt,1.0
jlokhyg,0.0
jlokkuv,0.0
jloovmn,0.0
jlouogw,1.0
jlouzvh,0.0
jlozefv,1.0
jlozqcn,1.0
jlpjuhc,1.0
jlppdsg,1.0
jlpqdjh,1.0
jlqdevj,0.0
jlqjzih,1.0
jlqnqlk,1.0
jlqrfnl,0.0
jlqsjzf,1.0
jlqtggk,0.0
jlqvdbe,1.0
jlqvsls,0.0
jlqywxn,1.0
jlracoj,1.0
jlrjbcb,1.0
jlsfriq,1.0
jlskiau,1.0
jlsonlm,0.0
jltozsj,1.0
jltsaha,0.0
jluqalu,0.0
jlusmtn,1.0
jlvadqt,0.0
jlvalpv,1.0
jlvuhde,1.0
jlvxgym,1.0
jlwdolo,0.0
jlwekrc,1.0
jlwmqzz,1.0
jlwwvxi,1.0
jlwzsms,1.0
jlxgnvw,0.0
jlxllmy,1.0
jlxyeuh,1.0
jlydzto,0.0
jlynqxk,1.0
jlzdoua,0.0
jlziwro,0.0
jlzmfjc,1.0
jlzvabr,1.0
jlzwtuv,0.0
jlzzblm,0.0
jmaghxr,0.0
jmbbeqt,0.0
jmbmsvl,1.0
jmbwvow,0.0
jmcmlci,1.0
jmcuvck,1.0
jmdcciq,1.0
jmdcuja,0.0
jmddmzb,0.0
jmdfmel,1.0
jmehink,0.0
jmehznb,0.0
jmeicto,1.0
jmelsrw,1.0
jmeoiva,1.0
jmeomjd,1.0
jmepujs,0.0
jmeshrg,1.0
jmevnaf,1.0
jmexduj,1.0
jmfbepu,0.0
jmffcks,0.0
jmfzjsn,1.0
jmgddnp,1.0
jmhllkn,0.0
jmhmcoz,0.0
jmhmvcg,1.0
jmhsvtq,1.0
jmidpxf,1.0
jmiebck,1.0
jmikmhf,1.0
jmiwdse,0.0
jmixaup,0.0
jmiylhd,0.0
jmjfrzw,1.0
jmjkcst,1.0
jmjumav,1.0
jmjyrwv,1.0
jmkjcvw,1.0
jmkqbpe,1.0
jmktivv,0.0
jmkzyeq,0.0
jmlepzb,1.0
jmliajf,1.0
jmloatv,1.0
jmmdawc,1.0
jmmrkxp,1.0
jmnhhzc,0.0
jmnqebk,0.0
jmoazua,1.0
jmoiasz,1.0
jmotyni,1.0
jmowzab,1.0
jmphuik,1.0
jmpmlor,0.0
jmqbzhj,1.0
jmqqihx,1.0
jmqsvxl,0.0
jmqvwti,0.0
jmreiii,1.0
jmrjesw,1.0
jmrlsrv,1.0
jmrmzoj,0.0
jmrrhob,0.0
jmscmrk,1.0
jmsdcbm,0.0
jmshllk,1.0
jmsvidi,1.0
jmsxwwq,1.0
jmtfwuy,1.0
jmthsjp,1.0
jmtnjyh,1.0
jmtrrit,1.0
jmtwzsk,1.0
jmtxbgx,1.0
jmtzelp,1.0
jmuelps,0.0
jmuexdv,1.0
jmujxsp,1.0
jmukako,0.0
jmuleil,0.0
jmuzlfv,1.0
jmvmpkc,0.0
jmvpfdo,0.0
jmvsixh,1.0
jmvwoqs,1.0
jmvyknb,1.0
jmvyttb,0.0
jmxetip,1.0
jmxhakn,0.0
jmxpwfu,1.0
jmxsxcg,0.0
jmxusfk,1.0
jmylsvr,0.0
jmzeopv,1.0
jmzhxfa,1.0
jmzkgdp,1.0
jmzmcwn,1.0
jnaaxkt,1.0
jnafven,1.0
jnalyar,1.0
jnbgrak,1.0
jnbgvxq,1.0
jnbwady,1.0
jnbzhse,0.0
jncbfef,1.0
jncdzmm,1.0
jnchhzq,1.0
jncmozv,1.0
jncpiav,1.0
jnczddr,0.0
jndcesh,1.0
jndfwrs,0.0
jndweuq,1.0
jndwjgo,1.0
jndybyx,1.0
jneodda,0.0
jnfgtwh,1.0
jnfleei,1.0
jngogaw,1.0
jnhauzk,1.0
jnhdpdv,1.0
jnhehau,0.0
jnhmhen,1.0
jnhsxmr,1.0
jnijecl,1.0
jnikroj,1.0
jnilyib,1.0
jnitnyi,1.0
jniunxw,0.0
jnizgnp,1.0
jnizspv,1.0
jnjabff,0.0
jnjaczv,1.0
jnknomu,0.0
jnkpshl,1.0
jnkypbr,1.0
jnluscb,1.0
jnlzznp,1.0
jnmffrz,1.0
jnmjras,0.0
jnmwtug,1.0
jnmxjnv,1.0
jnmxmis,1.0
jnnbhco,1.0
jnncbsm,0.0
jnnhkbx,1.0
jnnhydj,1.0
jnnkqcg,1.0
jnnmthd,1.0
jnnyvkk,1.0
jnognwk,0.0
jnojndu,0.0
jnoqocd,1.0
jnptgzs,1.0
jnptjtu,1.0
jnpucbu,0.0
jnpvfnw,1.0
jnpzlzs,1.0
jnpzqix,1.0
jnqggnh,1.0
jnqlusl,1.0
jnqnnit,0.0
jnqrysn,1.0
jnqxvie,1.0
jnrapzy,1.0
jnrlgat,1.0
jnsiwpr,1.0
jnsndew,1.0
jnsvefl,0.0
jntadpf,1.0
jntcgjl,1.0
jntheaz,0.0
jntmpln,1.0
jnueshv,0.0
jnujeng,1.0
jnulfmx,1.0
jnuvqea,0.0
jnvjotq,1.0
jnvjzzd,0.0
jnvkgmw,0.0
jnvskpp,0.0
jnwfnkk,0.0
jnwktge,1.0
jnwmgme,1.0
jnwsrew,1.0
jnwswns,0.0
jnwwacw,1.0
jnxcldy,0.0
jnyadnx,1.0
jnyawrk,0.0
jnycuhh,1.0
jnydlqp,1.0
jnydnyb,1.0
jnyudfe,0.0
jnyufmv,1.0
jnyycws,0.0
jnzckfh,1.0
jnzhyxv,1.0
jnzpzlf,0.0
jnzrcko,0.0
jnzvasx,1.0
jnzvfio,1.0
jnzzorh,1.0
joahzjg,0.0
joaptdj,1.0
joarcjq,0.0
joasymg,1.0
jobfare,1.0
jobfgyq,0.0
jobtryl,1.0
jocbbwg,1.0
joctazu,1.0
jocvcia,1.0
jocvyke,1.0
joddcxx,0.0
jodmbeq,1.0
jodnkte,1.0
jodrbjw,1.0
joesips,1.0
jofauna,0.0
jofhhzb,0.0
jofjbwq,1.0
jofmajw,1.0
jofnztr,1.0
jogaocz,1.0
jogbucu,1.0
jogcrzi,1.0
jogdlfp,0.0
joggyzj,1.0
joghcqg,0.0
jogvjrv,1.0
johgwrj,1.0
johjcrj,1.0
johpypy,1.0
johqixq,1.0
joieuwy,1.0
joimyks,1.0
joisvqo,1.0
joisxvj,1.0
joiulhe,1.0
joiuosz,0.0
jojccop,1.0
jojhdfi,0.0
jokapqg,1.0
jokdine,1.0
jokhucr,1.0
jokjpbp,1.0
joldacm,1.0
jolfiej,1.0
jolgudj,0.0
jolkyqb,1.0
jolseza,0.0
jomdqpn,1.0
joneffl,1.0
jonidch,1.0
jonkdai,1.0
jontwzn,1.0
jonvekt,0.0
joopgha,1.0
joovxcm,0.0
jopeefy,1.0
jopfbgs,1.0
jopjzmp,1.0
joplkbk,0.0
jopmthe,0.0
jopndey,0.0
jopteiz,1.0
joptqoa,1.0
jopvkig,0.0
joqhgrf,1.0
joqpzxp,0.0
joqqjrw,0.0
joqvfzv,1.0
joqzndh,1.0
jorayaw,0.0
jorcwvb,1.0
jorjglk,1.0
jorvter,1.0
josaofh,0.0
josxyrn,1.0
josznry,0.0
jotdpyv,1.0
jotndvo,0.0
jottwlj,1.0
jotzerp,0.0
jouafye,1.0
jouqxkx,0.0
jouvjzh,1.0
jouvqav,1.0
jouycxi,0.0
joveuvk,1.0
jovfcdf,1.0
jovsdve,1.0
jovvlrg,1.0
jowfsxb,1.0
jowlssi,1.0
jowmxty,0.0
jowobix,1.0
joxgekk,0.0
joxlugz,0.0
joxsirr,1.0
joxsqos,1.0
joxtccn,0.0
joyfirl,1.0
joyiqfp,1.0
joyiwyf,1.0
joykjpz,1.0
joynaey,1.0
joyvoee,1.0
jozhfsc,1.0
joziikt,1.0
jozmpbh,1.0
jozsdez,1.0
jpaobnk,1.0
jpbblrx,0.0
jpbnghg,0.0
jpbpiac,1.0
jpbuydp,1.0
jpcefyx,1.0
jpcftan,0.0
jpcgdcn,1.0
jpciubn,1.0
jpdotzb,0.0
jpebgea,0.0
jpefsjs,0.0
jpehdwm,0.0
jpesekw,1.0
jpevzhn,1.0
jpfiaya,0.0
jpflqen,1.0
jpfpfgl,1.0
jpfshyv,0.0
jpfurai,1.0
jpfzrbw,1.0
jpgixgp,1.0
jpgnqqy,0.0
jpgxyka,0.0
jpgyqit,1.0
jphclpy,1.0
jphecxl,1.0
jphprpc,0.0
jphzwdg,1.0
jpijlnd,1.0
jpinckr,1.0
jpipcrx,1.0
jpiuuyt,1.0
jpjhexc,1.0
jpjvsnj,1.0
jpjzhxk,1.0
jpkpjdg,1.0
jpkqmez,1.0
jpkxyqr,1.0
jplceqk,1.0
jplksof,0.0
jploeop,0.0
jplwebu,1.0
jplxqeq,0.0
jpmjenx,1.0
jpmljsk,1.0
jpmovtp,1.0
jpmukpw,1.0
jpmvmcz,1.0
jpnbybs,1.0
jpnevgh,1.0
jpnsnhn,1.0
jpntefp,1.0
jpobmvo,1.0
jpodklc,1.0
jpojzuw,0.0
jposbot,1.0
jposgco,1.0
jpovtgz,0.0
jppjrbg,1.0
jppnltt,1.0
jppoxts,1.0
jppwigm,1.0
jpqoqvn,1.0
jpqunlu,1.0
jpqxqgq,1.0
jprffna,1.0
jprvpkl,0.0
jprysqb,1.0
jpsapyt,0.0
jpsohwz,1.0
jpsomvm,0.0
jpswodj,1.0
jptswho,0.0
jpuezpr,1.0
jpvircy,1.0
jpvonuj,1.0
jpvrpht,1.0
jpvrpku,1.0
jpwglbc,1.0
jpwmixn,1.0
jpwnsmf,0.0
jpwwmtq,1.0
jpxlmwg,1.0
jpxnlnq,1.0
jpxxbeh,0.0
jpyehxp,0.0
jpyhamw,1.0
jpyjsko,1.0
jpytxbo,1.0
jpyugpu,1.0
jpzhevk,1.0
jpzmvmv,1.0
jpztqhh,1.0
jqamaay,1.0
jqanmvs,1.0
jqaqeek,1.0
jqaulqo,1.0
jqbfhqq,1.0
jqbmasu,1.0
jqbokow,1.0
jqbzjlx,0.0
jqchsjo,1.0
jqcixce,1.0
jqdcntx,1.0
jqdeprj,1.0
jqdnbzp,1.0
jqdtsqr,0.0
jqedfur,0.0
jqeegtc,1.0
jqefesg,1.0
jqekphj,0.0
jqemtpq,1.0
jqerlyc,0.0
jqeydjk,1.0
jqfpotu,1.0
jqfpwdu,1.0
jqgergj,0.0
jqgotbz,1.0
jqgqllz,1.0
jqhirbf,0.0
jqhtxlk,0.0
jqigixj,1.0
jqiinhj,0.0
jqiirmp,1.0
jqiivmn,0.0
jqioapx,1.0
jqirqht,1.0
jqkfupm,1.0
jqkjfxk,1.0
jqkmdgs,1.0
jqkmmsh,1.0
jqknwrw,1.0
jqkpttu,1.0
jqkropp,0.0
jqkxqig,1.0
jqlatkr,1.0
jqlipbc,1.0
jqmckkk,1.0
jqmeqip,0.0
jqmkbkf,1.0
jqmozzj,1.0
jqmpwtr,1.0
jqmwrko,0.0
jqnlfsd,1.0
jqnuahk,1.0
jqoljoo,1.0
jqoqelv,1.0
jqoysfn,0.0
jqriyhi,0.0
jqrkysj,1.0
jqrrlkq,1.0
jqryjrz,1.0
jqshcjj,1.0
jqsmskm,1.0
jqsqixb,0.0
jqsshql,1.0
jqtblmg,1.0
jqtjwkd,0.0
jqtmcaf,0.0
jqtrzxp,0.0
jqtvlnn,0.0
jqurifs,1.0
jqutgqh,1.0
jquueze,1.0
jqvbbhf,1.0
jqvdgru,0.0
jqvfbtx,1.0
jqvnbyw,1.0
jqwcsop,1.0
jqwcyji,1.0
jqwotxo,0.0
jqwyjfx,1.0
jqxevdn,1.0
jqxkroj,1.0
jqyqxpd,1.0
jqzfhyq,1.0
jqzkckn,1.0
jqzmrlz,1.0
jqzrjym,0.0
jqzvthr,1.0
jqzzfix,0.0
jrahswt,1.0
jrasokt,0.0
jravhuu,1.0
jravzce,1.0
jrazjvy,1.0
jrazmdc,1.0
jrbbubk,0.0
jrbkezs,1.0
jrbnfmt,1.0
jrbtcvc,1.0
jrcjqsa,1.0
jrcnamk,1.0
jrdkrha,1.0
jrdvfya,0.0
jrdwxsk,0.0
jrecmek,0.0
jredcpz,1.0
jredvbt,1.0
jreevec,1.0
jrehwaq,1.0
jrfvuxt,0.0
jrgrhum,0.0
jrhtgjz,1.0
jriggsg,1.0
jrijjuf,0.0
jrijzze,1.0
jrilrbi,1.0
jriqltk,0.0
jriyxgn,1.0
jrjeetq,1.0
jrjpdxf,1.0
jrjywex,1.0
jrkgwqz,0.0
jrkksyv,0.0
jrkviaa,1.0
jrkyrwu,1.0
jrkyuoq,1.0
jrlbtmo,1.0
jrlifov,1.0
jrlrsxa,1.0
jrlsbrx,0.0
jrmrsfv,1.0
jrmzpda,0.0
jrnclnk,1.0
jrnlnio,1.0
jrnxcuq,1.0
jrofvok,0.0
jrokfsx,1.0
jrosicc,1.0
jroucwx,1.0
jrpjsch,1.0
jrpjuqk,0.0
jrpvdtt,1.0
jrqasnj,1.0
jrqepkl,1.0
jrqhekc,0.0
jrqvhqa,1.0
jrqzobz,0.0
jrrhiob,0.0
jrrtlbk,1.0
jrsdyip,1.0
jrsfsqn,0.0
jrsmouh,1.0
jrsxxar,1.0
jrtcvcv,1.0
jrtghjd,1.0
jrtmode,1.0
jruakqu,1.0
jruhmlz,1.0
jruukmm,1.0
jruyyzx,0.0
jrvevha,1.0
jrvfllc,1.0
jrvfvgy,1.0
jrvthti,0.0
jrvxueu,0.0
jrwcigb,1.0
jrwgdyl,0.0
jrwiobk,1.0
jrwnunx,1.0
jrwpvex,1.0
jrxkgbk,0.0
jrylirs,1.0
jrysfno,1.0
jrzhgmh,1.0
jrzmegh,1.0
jrzozrw,1.0
jsafvhg,1.0
jsaiild,0.0
jsainli,1.0
jsamytr,1.0
jsasvwe,1.0
jsbaizm,1.0
jsbazza,1.0
jsbhhjk,1.0
jsbloix,1.0
jsbmznr,1.0
jscattb,0.0
jscdhls,0.0
jscfffs,1.0
jsclsrw,1.0
jscltkr,1.0
jscmtkc,1.0
jsczcsb,1.0
jsdbzye,1.0
jsdfsrd,1.0
jsdjdne,0.0
jsdmxyq,1.0
jsdtoes,1.0
jsdufmo,0.0
jseerpc,0.0
jsejihv,0.0
jsfccuv,0.0
jsfdbqm,0.0
jsfiigi,1.0
jsfofci,1.0
jsforoc,1.0
jsfskak,1.0
jsfvdxk,1.0
jsgkyxd,1.0
jsgphdl,0.0
jsgqppu,1.0
jsgvzqe,1.0
jsgxrfm,0.0
jshfnnt,0.0
jshoipz,1.0
jshqvsx,1.0
jshwxwc,1.0
jsialtg,0.0
jsidygc,0.0
jsijyxf,1.0
jsiotoh,1.0
jsjgpar,1.0
jsjjxhq,1.0
jsjnphl,1.0
jskqcaw,0.0
jskvgbn,1.0
jslgybx,1.0
jslkjvn,1.0
jslldvo,1.0
jslmkpe,0.0
jsltrty,0.0
jsmbksw,1.0
jsmuuxu,0.0
jsmyycg,1.0
jsnheuh,1.0
jsogsjh,1.0
jsojgvq,1.0
jspaxcw,1.0
jspnhnq,1.0
jspujyk,1.0
jspussq,0.0
jsrchfo,1.0
jsrqoio,0.0
jsrxurr,1.0
jsrzgcg,1.0
jsstrsx,1.0
jssvguy,1.0
jstmyny,1.0
jsuigdq,1.0
jsusehw,0.0
jsuzbzt,0.0
jsvgfuh,0.0
jsvgoaf,1.0
jsvicre,1.0
jsvsduv,0.0
jsvstve,0.0
jswgbat,1.0
jswxdde,1.0
jsxjpjy,1.0
jsxqtln,1.0
jsxrqrk,1.0
jsyjpxp,0.0
jsyttjo,1.0
jszcpfu,1.0
jszetbn,0.0
jsztled,0.0
jsztvnq,1.0
jszubnd,1.0
jtaacxg,0.0
jtabnpq,1.0
jtaikew,1.0
jtajfvt,1.0
jtasdzo,1.0
jtawius,1.0
jtazuge,1.0
jtbcchf,1.0
jtbmtof,1.0
jtbnmxp,1.0
jtboemm,1.0
jtbqorl,1.0
jtbtxjy,1.0
jtbwbeh,0.0
jtbwcdd,1.0
jtbxlah,1.0
jtcebnc,1.0
jtceuaj,1.0
jtdbwdr,1.0
jtdkiyu,0.0
jtdmter,1.0
jtdnwny,0.0
jtdpoco,1.0
jtdtoqn,1.0
jtdtprh,0.0
jtdwtaq,1.0
jteasfd,0.0
jtedwcn,0.0
jtegecc,0.0
jtepjzi,0.0
jtevyxx,1.0
jteyiwi,1.0
jtfbfoi,1.0
jtfiosc,1.0
jtfkfty,1.0
jtflvvl,1.0
jtfqexc,1.0
jtfrpab,1.0
jtgmogh,1.0
jtgnkow,0.0
jtgtmog,1.0
jtguuzs,0.0
jthdmow,1.0
jthjrlp,0.0
jthogod,1.0
jtiasge,1.0
jtimpzz,1.0
jtipxjc,1.0
jtjloog,1.0
jtjmzgf,0.0
jtjzdvt,1.0
jtkscco,1.0
jtlipll,1.0
jtlomhd,1.0
jtltirw,1.0
jtmfmli,1.0
jtmmbxt,1.0
jtmqpeo,1.0
jtnhnox,1.0
jtnnkzd,0.0
jtnqnir,1.0
jtnsltb,1.0
jtodoob,1.0
jtoptat,0.0
jtoyera,1.0
jtoymlt,1.0
jtozqdy,1.0
jtpkucb,1.0
jtpqwxz,0.0
jtqegwh,1.0
jtqhato,0.0
jtqjlvq,0.0
jtrdrbl,1.0
jtrmkvz,1.0
jtrtace,0.0
jtrvbjz,1.0
jtrveks,1.0
jtryjsd,0.0
jtslsnd,0.0
jtsxdlk,1.0
jttpfyi,1.0
jttvrzo,1.0
jtupjkv,1.0
jtuxuuq,1.0
jtvbftk,1.0
jtviwhk,1.0
jtvjrrg,1.0
jtvxdml,0.0
jtwbqqq,1.0
jtwoltx,1.0
jtwpshs,1.0
jtwqoop,0.0
jtwqpat,0.0
jtxgarf,1.0
jtxryig,1.0
jtxscqi,1.0
jtylxxm,0.0
jtymsox,0.0
jtyrlns,0.0
jtyxulc,1.0
jtzbsuj,0.0
jtzilje,1.0
jtznegi,1.0
jtzqmmm,1.0
jtzwylj,1.0
juaffgu,1.0
juaoijr,1.0
juatjeo,1.0
juaxkcg,1.0
jubhvhi,1.0
jubjjro,0.0
jubtmvc,1.0
jubyxqd,1.0
jucedld,1.0
jucjxms,1.0
jucqckp,1.0
jucxdsi,1.0
judfvfo,1.0
judhlvb,1.0
judmooy,1.0
judognn,1.0
juegwqd,1.0
juegzni,0.0
juetfoe,0.0
jueupbg,1.0
jueyzqc,0.0
jufdpyz,0.0
jufqood,1.0
jugovxv,1.0
jugrxsl,1.0
jugsoej,0.0
jugwohz,1.0
juhfnax,1.0
juhsydn,1.0
juhvfrh,1.0
juikcig,1.0
juiowfm,0.0
juiqgxg,1.0
juisext,1.0
jujaerf,1.0
jujhmlj,0.0
jujufcu,1.0
jujulwg,0.0
jujvqdu,1.0
jukbkdj,1.0
jukmtjd,1.0
jukrpiy,0.0
juktswb,1.0
juljpop,1.0
julktxt,1.0
julyjcc,0.0
jumdaur,0.0
jumdxcc,1.0
jumglpm,1.0
jumjgqd,1.0
junbnro,0.0
junjpnf,0.0
juobdut,1.0
juonzxp,1.0
juovqgf,1.0
juoyrso,0.0
juoztec,1.0
jupgqvs,1.0
jupldpl,1.0
jupnqul,0.0
jupzooo,0.0
juqjhhd,1.0
juqjtum,1.0
juqkykn,1.0
juqwmso,0.0
jurbplv,1.0
jurjwih,0.0
jusbedt,1.0
jusgldc,0.0
jushwpm,1.0
jusljxd,1.0
jusmqpa,1.0
jusowzs,1.0
justgqn,1.0
juswcnc,1.0
juudbqv,0.0
juuocpm,1.0
juuvfyp,1.0
juuxizj,1.0
juuyauy,1.0
juvdzru,1.0
juvkikd,1.0
juwdngb,1.0
juxkbfa,1.0
juxyove,1.0
juybuid,0.0
juyjnlj,1.0
juyohml,0.0
juyrejh,1.0
juysmtq,1.0
juywgcm,1.0
juzwzbh,1.0
jvaiycf,1.0
jvaiyyy,1.0
jvajcny,1.0
jvasmlg,1.0
jvaupjt,1.0
jvbcykb,1.0
jvbgbiy,1.0
jvbpqbb,0.0
jvbveom,0.0
jvchqur,0.0
jvdlzgt,1.0
jvdqyur,1.0
jvexkgb,0.0
jvfhsns,1.0
jvfsiwk,0.0
jvgbkou,1.0
jvgcrbj,1.0
jvgdmud,1.0
jvgeogd,1.0
jvgrhve,1.0
jvgscoq,0.0
jvgsqmz,1.0
jvhfrky,1.0
jvhlwmu,1.0
jvhoxqj,0.0
jvhvrsv,1.0
jvhzinw,1.0
jviehan,1.0
jvihdjy,1.0
jviuutb,1.0
jviyuiz,1.0
jvjmtlp,1.0
jvjvjrg,0.0
jvkgxgf,0.0
jvkhhic,0.0
jvklrje,1.0
jvkncal,0.0
jvknkzh,0.0
jvkojkf,0.0
jvkxtvc,1.0
jvlbtib,1.0
jvlgadk,0.0
jvlmthh,1.0
jvmhuwl,1.0
jvmppjw,1.0
jvnavzf,1.0
jvnjbik,1.0
jvnrsjh,1.0
jvnxtkl,1.0
jvobkqb,1.0
jvodnnu,1.0
jvofszp,1.0
jvofuja,1.0
jvohrkf,0.0
jvokbpu,1.0
jvorlpc,1.0
jvoumei,1.0
jvovwdj,0.0
jvoylmd,1.0
jvozhlf,1.0
jvpctpt,1.0
jvpgecd,0.0
jvpizxu,1.0
jvpukyy,1.0
jvqaace,0.0
jvqedox,0.0
jvqmnxr,0.0
jvqpphv,1.0
jvqpplb,0.0
jvrajxl,0.0
jvrgyhg,1.0
jvrqsxb,1.0
jvrqzhb,0.0
jvsfier,1.0
jvshvtj,1.0
jvstwcn,1.0
jvswdih,1.0
jvswgmj,0.0
jvticnq,0.0
jvtlmld,1.0
jvtpifm,0.0
jvtwjvr,1.0
jvtzewd,1.0
jvudeba,0.0
jvuiiij,1.0
jvuoela,1.0
jvutqzx,1.0
jvvaufg,1.0
jvvcaqw,1.0
jvvcepn,1.0
jvvowiz,0.0
jvwotaz,1.0
jvwphkv,1.0
jvwxspo,1.0
jvwyzin,0.0
jvxwfcs,0.0
jvxwnzz,0.0
jvyffmh,1.0
jvyhuqe,0.0
jvzvskh,0.0
jvzwffr,1.0
jwaholw,0.0
jwajbfu,1.0
jwajqur,1.0
jwaktuc,1.0
jwambnx,1.0
jwbglgk,0.0
jwcdtml,1.0
jwcfdva,1.0
jwchihs,0.0
jwckaeb,1.0
jwclsir,1.0
jwcmocm,1.0
jwcnmkr,1.0
jwctmuh,1.0
jwcwoau,1.0
jwdbvbq,0.0
jwdhptv,1.0
jwdjsnf,1.0
jwdllrl,1.0
jwdpcjp,1.0
jwdqeni,1.0
jwdqewv,1.0
jwdybvs,0.0
jweavrg,1.0
jwedarp,1.0
jwegltf,1.0
jweizrh,1.0
jwekkjg,0.0
jwemiwu,0.0
jwemxge,0.0
jwewuwg,0.0
jwewvzs,1.0
jwexavf,0.0
jwfeizc,0.0
jwfssod,1.0
jwftbmz,1.0
jwgveir,1.0
jwhazcv,1.0
jwhfcub,1.0
jwhkhzd,1.0
jwhsaej,1.0
jwhuebk,0.0
jwhwasb,1.0
jwhyayv,1.0
jwidesi,0.0
jwidvys,0.0
jwiftwx,0.0
jwiwzph,1.0
jwjktpx,1.0
jwjytwn,1.0
jwkkwuf,1.0
jwkopve,1.0
jwkrfio,0.0
jwkwkvb,0.0
jwlksyq,1.0
jwlnncj,1.0
jwlohwv,1.0
jwmcepl,0.0
jwmklpg,0.0
jwmlmpw,1.0
jwmyekl,1.0
jwnicoy,0.0
jwnosla,1.0
jwnpkfn,0.0
jwnxosr,1.0
jwpdptl,0.0
jwpljlq,1.0
jwpygmm,0.0
jwqfgkm,1.0
jwqggbv,1.0
jwqieff,0.0
jwqvriw,1.0
jwrnrvg,1.0
jwrrwyj,1.0
jwrtqvy,0.0
jwrvzca,1.0
jwsbdyx,0.0
jwshhwg,1.0
jwtcdoc,1.0
jwterhv,1.0
jwtkthq,0.0
jwueice,1.0
jwuialf,0.0
jwuvagc,1.0
jwuwkah,1.0
jwvcygk,0.0
jwwbtzv,1.0
jwwgest,0.0
jwwgmik,1.0
jwwjbul,1.0
jwwkflx,1.0
jwwsofl,1.0
jwwzwat,1.0
jwxoggj,0.0
jwxrhtb,1.0
jwyirzn,1.0
jwyohfh,0.0
jwyqelh,1.0
jwyzucf,1.0
jwzetmr,1.0
jwzgwbe,1.0
jwzjmsa,1.0
jwznklg,0.0
jwzutye,1.0
jxafcpl,1.0
jxamttp,1.0
jxblbav,1.0
jxcdxzv,1.0
jxcfxdk,1.0
jxcnkly,1.0
jxcuski,1.0
jxcvubm,1.0
jxealzj,1.0
jxeggul,1.0
jxeirjp,1.0
jxenzka,1.0
jxeqorj,1.0
jxfgggf,0.0
jxfhbyy,1.0
jxfkvji,1.0
jxfqbnq,1.0
jxfqpvf,1.0
jxfszpg,0.0
jxhaamb,1.0
jxhorgs,0.0
jxhqzvi,0.0
jxhsfno,1.0
jxhwajy,1.0
jxiewfn,1.0
jxihskk,0.0
jxjqihy,1.0
jxjvakb,1.0
jxkcmco,1.0
jxkgkun,1.0
jxkglfc,0.0
jxkldyh,0.0
jxkqwin,1.0
jxkwjmo,0.0
jxlaycn,1.0
jxlfmow,1.0
jxlgfiw,0.0
jxlnfzu,1.0
jxlqtrc,1.0
jxlyerc,0.0
jxmiryy,0.0
jxmlaoc,0.0
jxmwsgp,1.0
jxnebmz,0.0
jxnlucd,1.0
jxnqepm,1.0
jxnrsjs,0.0
jxnuxcw,1.0
jxnyaef,1.0
jxokitz,0.0
jxokmaw,1.0
jxonnbq,1.0
jxoutbz,0.0
jxoyksv,1.0
jxpaboq,0.0
jxpjbvw,1.0
jxpsfmq,1.0
jxpukpq,1.0
jxqajus,0.0
jxqfqxc,1.0
jxreoph,0.0
jxrylud,1.0
jxryrgj,1.0
jxshkog,1.0
jxsvnzb,1.0
jxswoov,1.0
jxsxmfl,0.0
jxszzgk,1.0
jxtpdwn,1.0
jxtrclg,1.0
jxtwlpg,0.0
jxtwxvn,1.0
jxudjgr,1.0
jxukvvf,1.0
jxupcin,0.0
jxusdse,1.0
jxuszrn,1.0
jxvhkia,1.0
jxvvanf,1.0
jxwdtxg,1.0
jxxfqnx,1.0
jxxjxyr,1.0
jxxkhoh,1.0
jxxorko,1.0
jxybvda,0.0
jxyckyf,1.0
jxydmil,0.0
jxyrrrq,0.0
jxytlku,1.0
jxyvlkp,1.0
jxzdlgr,1.0
jyamhja,0.0
jybawno,1.0
jybmngd,0.0
jybqjjj,0.0
jycbzxi,1.0
jycdeqd,1.0
jycdgtb,1.0
jyciuep,1.0
jydzpxo,0.0
jyegmdq,1.0
jyetvip,1.0
jyevepu,1.0
jyeviuh,0.0
jyeyxwr,1.0
jyfcycp,1.0
jyfdylp,1.0
jyfpvcd,0.0
jyfrwcw,1.0
jyfxqbj,0.0
jygeecj,1.0
jyhpfrt,1.0
jyhscbi,1.0
jyhxktt,1.0
jyhzbeb,1.0
jyinwwy,0.0
jyiqcos,0.0
jyistla,0.0
jyixqhl,0.0
jyizhjq,1.0
jyjhiqf,1.0
jyjoabs,0.0
jykblts,1.0
jykclgj,1.0
jykziqx,1.0
jylfmfq,1.0
jylnluh,1.0
jylvjwh,1.0
jylwhul,0.0
jymmzhq,1.0
jymnjnw,1.0
jymxthy,0.0
jynahyl,1.0
jynlega,0.0
jynlezw,1.0
jyohgqt,0.0
jyoiksw,0.0
jyopxzg,1.0
jypcgbk,1.0
jyqcllf,1.0
jyqfoiv,1.0
jyqqdpy,1.0
jyqrveb,1.0
jyqyxfr,1.0
jyrghqx,1.0
jyrjllz,1.0
jysngbr,0.0
jysotiu,1.0
jytclmn,1.0
jytnsjr,1.0
jytqebs,0.0
jytrbbw,1.0
jytrbzd,1.0
jyuqhio,1.0
jyuqzsn,1.0
jyuwofz,1.0
jyvbigy,0.0
jyvdmub,1.0
jyvilye,1.0
jyvqhmc,1.0
jywflzu,1.0
jywkgzf,1.0
jyxamtx,0.0
jyxcqal,1.0
jyxoslx,1.0
jyxrmrs,0.0
jyxzgju,1.0
jyydkcs,1.0
jyyedvw,0.0
jyyjcyv,1.0
jyyjljc,1.0
jyykqqc,0.0
jyylvde,1.0
jyyxwsn,1.0
jyzoepf,1.0
jyzsynj,1.0
jyzycqq,1.0
jzacfwl,1.0
jzagkhh,0.0
jzauwyq,1.0
jzbcykd,0.0
jzbmhfo,1.0
jzbofas,0.0
jzbsobn,1.0
jzcejqa,1.0
jzcptft,1.0
jzcuwlb,1.0
jzdahmt,1.0
jzdezof,1.0
jzdgere,1.0
jzdixly,1.0
jzelvhy,1.0
jzerigw,1.0
jzetqkc,0.0
jzfdsji,1.0
jzfiszb,0.0
jzfnjrt,1.0
jzfoysd,1.0
jzfsuqp,1.0
jzgflel,1.0
jzgukfr,1.0
jzgvezy,0.0
jzhdpvq,1.0
jzhiedj,0.0
jzhmqiy,1.0
jzhzeyw,1.0
jzifhfb,1.0
jzihbqj,1.0
jzikits,1.0
jzimetr,0.0
jzixnoy,1.0
jzjczco,1.0
jzjprzd,1.0
jzjqekd,0.0
jzjywzf,1.0
jzkefmq,1.0
jzkeqlj,1.0
jzkiuns,1.0
jzkpxlj,1.0
jzkyzxs,0.0
jzljhkb,1.0
jzlmsva,1.0
jzlxbai,1.0
jzmlgnv,1.0
jzmpmpz,1.0
jznbthw,0.0
jznebus,1.0
jznecik,1.0
jznewog,1.0
jznjqux,1.0
jznmwya,1.0
jznxllb,1.0
jzoiige,0.0
jzonwqu,1.0
jzopied,1.0
jzouxzi,0.0
jzovupt,1.0
jzpccuc,0.0
jzpliuj,1.0
jzpoaot,0.0
jzpqjnk,1.0
jzptfvf,0.0
jzqdjjk,1.0
jzqirhb,1.0
jzqnsei,1.0
jzqwxrz,1.0
jzrdltp,1.0
jzrocdw,1.0
jzrpzql,0.0
jzsbdji,1.0
jzslsel,1.0
jzsqvqe,0.0
jzsrqrs,0.0
jzstwfr,0.0
jzsuppz,1.0
jztbdfm,1.0
jztebbx,0.0
jztemep,1.0
jztjkne,0.0
jztvgwx,1.0
jzuhaas,1.0
jzuixrh,1.0
jzvavdu,1.0
jzvjcvc,0.0
jzvjhjv,1.0
jzwbxlk,1.0
jzwjcfh,1.0
jzwllzd,1.0
jzwqcrm,1.0
jzwvxcz,1.0
jzxhyew,1.0
jzxrrwx,1.0
jzyczxl,1.0
jzyjjvf,1.0
jzysgxj,1.0
jzyvpey,1.0
jzyylzb,1.0
jzzffbx,1.0
jzzxgly,1.0
jzzzlan,1.0
kaaainv,1.0
kaabiez,1.0
kaaogsm,0.0
kaapntt,1.0
kaashpu,1.0
kabhvsk,1.0
kabigkz,1.0
kabqhiv,0.0
kabuqnz,1.0
kabwgnb,1.0
kabycor,1.0
kacnkcz,0.0
kadaobk,1.0
kadckye,1.0
kadxyst,1.0
kaegwbs,1.0
kaegyey,1.0
kaelyyt,1.0
kaermsp,1.0
kaevxxw,0.0
kafenbo,1.0
kafwgma,1.0
kagdblm,1.0
kagomcm,1.0
kagvfsd,1.0
kagwnfh,1.0
kagyxwy,1.0
kahcfon,1.0
kahpnvq,1.0
kahpojh,1.0
kaigqdp,1.0
kajiofg,1.0
kajmhub,1.0
kajplxh,1.0
kajqvly,1.0
kajshqe,1.0
kajwpqr,1.0
kajytao,1.0
kakcwbu,1.0
kakekzp,1.0
kakqtut,1.0
kaktgvz,0.0
kalbcay,1.0
kamhtsj,0.0
kamstic,1.0
kamwacl,0.0
kanbjej,1.0
kancuaz,1.0
kanizfx,1.0
kankyrx,0.0
kannxni,1.0
kansexj,1.0
kanvhlu,1.0
kaocxpm,1.0
kaogzha,1.0
kaokswu,1.0
kaottem,1.0
kaoztlq,1.0
kapbspr,1.0
kapnwqh,0.0
kapoioc,0.0
kapqiuq,1.0
kaptjss,1.0
kaqafcc,1.0
kaqbybs,0.0
kaqxgpd,1.0
kaqzpub,0.0
karavqm,1.0
karlvyq,0.0
karuhwz,0.0
kashcqf,1.0
kasintp,0.0
kasjihn,1.0
kasknjp,1.0
kaskoqn,0.0
kasnvvh,0.0
kasuxyh,1.0
kathths,1.0
katkpyz,0.0
kaucdvf,1.0
kauepyj,1.0
kaugpyw,1.0
kaumkyd,0.0
kavcqmi,1.0
kavehdz,1.0
kavmsih,1.0
kavnlxx,0.0
kawcxqg,1.0
kawkfvy,1.0
kawmasy,1.0
kawolka,1.0
kawsclg,0.0
kawwvkc,1.0
kaxhegb,1.0
kaxkmgd,0.0
kaxlqqk,1.0
kaxsubu,0.0
kaxwmkt,1.0
kaxyrno,1.0
kaycqdq,1.0
kaykidi,0.0
kayofse,1.0
kayucpr,1.0
kaywqdk,1.0
kazqbqx,1.0
kazrqgu,0.0
kazslqk,1.0
kazykvs,0.0
kbaevqn,1.0
kbafbbm,0.0
kbascxf,0.0
kbavybf,0.0
kbbkwwp,1.0
kbbnkrf,1.0
kbbwuun,0.0
kbccxtn,1.0
kbcgscj,1.0
kbcijms,0.0
kbckgzr,1.0
kbcpxff,0.0
kbcutxc,1.0
kbcuxjy,1.0
kbeauoh,1.0
kbexggw,1.0
kbfhaus,0.0
kbfmjiz,0.0
kbfsoec,0.0
kbgakns,1.0
kbgbvak,0.0
kbgjoct,1.0
kbgpaoh,1.0
kbhhcra,1.0
kbhikpp,1.0
kbhlsqk,1.0
kbhomea,1.0
kbhstha,0.0
kbhvwpq,0.0
kbijevj,1.0
kbikrdn,1.0
kbimvvm,1.0
kbjidrn,1.0
kbjiiti,1.0
kbjsoyf,0.0
kbjtjws,1.0
kbjtxkp,1.0
kbjylag,1.0
kbkjcth,1.0
kbkkqtr,1.0
kbklunf,1.0
kbkpgsr,1.0
kbkriwd,0.0
kblhdyj,1.0
kblmfci,1.0
kbmonrs,0.0
kbmvscr,1.0
kbmvynp,1.0
kbnbxqk,1.0
kbncaqy,0.0
kbneexb,0.0
kbnjwfl,0.0
kboaaoj,1.0
kboeelm,1.0
kbojtrt,1.0
kbokkog,0.0
kbonqak,1.0
kbouxkm,1.0
kbowxvm,1.0
kbpdzps,1.0
kbpjmxn,0.0
kbqchox,1.0
kbqfqqc,0.0
kbqqtpr,1.0
kbqrygu,1.0
kbrbhqk,1.0
kbrgmrl,1.0
kbrhbhc,0.0
kbrwsrn,1.0
kbryfle,1.0
kbsaqwi,1.0
kbshpqm,1.0
kbsjjdt,1.0
kbskirr,0.0
kbsrffn,1.0
kbssnlk,1.0
kbtdxyq,0.0
kbteoik,1.0
kbtrzln,1.0
kbtudvr,1.0
kbtyfob,1.0
kbuaojh,1.0
kbustwc,1.0
kbvfxub,1.0
kbvqdbq,1.0
kbvqfra,1.0
kbvxbdb,0.0
kbwcras,0.0
kbwgttk,0.0
kbwlpyk,0.0
kbworak,1.0
kbwzguc,1.0
kbxfiwp,1.0
kbxgxgi,1.0
kbxpqdb,0.0
kbxsmhq,1.0
kbyjkca,1.0
kbynyaz,0.0
kbyvwdn,1.0
kbzmijt,1.0
kcaabuc,1.0
kcafwlf,1.0
kcakzkh,0.0
kcaswlx,0.0
kcaumbu,1.0
kcbnxhs,1.0
kcbstqf,0.0
kcbxlmx,0.0
kcbzszi,0.0
kccjupb,1.0
kcdkufc,1.0
kcdsxqo,1.0
kcefhvs,0.0
kceoqbg,0.0
kceuzsr,0.0
kcgdcqw,1.0
kcgfiku,0.0
kcgxmez,1.0
kcgyrac,0.0
kchvdbg,0.0
kcickjs,0.0
kcijqvk,0.0
kcjubpi,1.0
kckgcwu,1.0
kckknsk,0.0
kcknlwq,1.0
kckqdce,0.0
kckzhnq,0.0
kclevrr,0.0
kclsftu,1.0
kcmunov,1.0
kcndlww,0.0
kcneibr,1.0
kcnlkco,0.0
kcntayo,1.0
kcoblja,1.0
kcovymx,0.0
kcpckgu,0.0
kcpeyjl,1.0
kcqapih,1.0
kcqmsdj,0.0
kcqmtaa,0.0
kcqnfcy,1.0
kcrauej,1.0
kcrjqmr,1.0
kcroqaa,1.0
kcrpnjz,0.0
kcrroow,0.0
kcrwbsr,0.0
kcsdcxu,0.0
kcsenjs,1.0
kcsfhej,0.0
kcsicjw,1.0
kcsmjjb,0.0
kcuaasv,1.0
kcufmst,1.0
kcuutei,1.0
kcuxvoh,0.0
kcvvtrw,1.0
kcvyvcr,1.0
kcwlyiz,1.0
kcxasrk,1.0
kcxbenf,0.0
kcxlpij,1.0
kcxpyxi,1.0
kcyexcf,1.0
kcyhmwu,0.0
kcyvddo,0.0
kczhtbx,1.0
kczqgiz,1.0
kczrwkj,1.0
kdagbhk,1.0
kdaopoc,1.0
kdayqju,1.0
kdbbspg,1.0
kdbbxho,1.0
kdbvqud,1.0
kdciias,0.0
kdcmbhr,1.0
kddbqpt,0.0
kddkpxf,1.0
kddxgkw,1.0
kdebjxz,1.0
kdecfgd,1.0
kdeqbgt,1.0
kdesqgg,1.0
kdeugek,1.0
kdfcztb,0.0
kdfdacd,0.0
kdfizem,0.0
kdfndvp,1.0
kdfrztt,1.0
kdfzzlh,1.0
kdgdirk,1.0
kdghfrt,1.0
kdgjewi,1.0
kdgmerp,1.0
kdgzelr,0.0
kdhbuqs,0.0
kdhddbp,1.0
kdhrxvb,0.0
kdhsrey,0.0
kdidpjp,1.0
kdieqes,1.0
kdioqpw,1.0
kdisusf,1.0
kdizjxz,1.0
kdjqpdm,1.0
kdjrjjd,1.0
kdjxkna,1.0
kdkbzqw,0.0
kdkjsbc,1.0
kdkutnp,1.0
kdlkvkx,1.0
kdmapvy,1.0
kdmesfe,1.0
kdmhmeh,1.0
kdmippo,0.0
kdmjhib,1.0
kdmjqbo,1.0
kdmrimy,1.0
kdmtqkh,1.0
kdnnkro,0.0
kdnqgem,1.0
kdobblf,1.0
kdobnze,1.0
kdofghy,1.0
kdolfnd,1.0
kdootei,1.0
kdoqqdc,0.0
kdpkpgg,1.0
kdppoby,1.0
kdpqelw,0.0
kdpstkj,1.0
kdqhqyd,1.0
kdqrxhy,0.0
kdqwqgd,1.0
kdqwtcm,1.0
kdrbauk,0.0
kdrdjqj,1.0
kdsdugw,1.0
kdsrlym,0.0
kdswces,1.0
kdtfvve,1.0
kdtmgdf,0.0
kdtuhnu,0.0
kdtyakn,1.0
kdtydpv,1.0
kduvsuc,1.0
kdvdwsp,1.0
kdvgjna,1.0
kdvlbwj,1.0
kdvxkps,1.0
kdwihol,1.0
kdxegxx,0.0
kdxizpn,0.0
kdxnxjy,1.0
kdxpvfv,1.0
kdxrnwi,1.0
kdxskff,1.0
kdxvvck,1.0
kdyarcx,1.0
kdyslxz,1.0
kdysqwo,1.0
kdysydo,1.0
kdyzhbw,1.0
kdzfueu,1.0
keadlpb,1.0
keadzpj,1.0
keawbyt,0.0
kebgpee,1.0
kebgpim,0.0
kebianv,1.0
kebmqcu,0.0
kebonpf,0.0
kecyhxn,1.0
keddaeb,1.0
keeezqw,1.0
keegubs,1.0
keelmkw,1.0
keeuguh,1.0
keevcuk,1.0
keevwnp,1.0
keexxve,1.0
kefdmkt,1.0
kefdvfa,1.0
kefmirs,1.0
kefuqqj,0.0
kefuvdn,1.0
kegbvyj,1.0
kegpzut,1.0
kegufxo,1.0
kegwurj,0.0
kehpjnp,0.0
kehxxiz,1.0
keifjfd,0.0
keihwbl,1.0
keiiixn,1.0
kejjbju,1.0
kejjrxt,1.0
kekoagi,0.0
kekzuzl,0.0
kelhgxe,1.0
kelklkx,1.0
kelnham,1.0
kelojew,1.0
kemcscl,0.0
kengmsi,0.0
kenhukk,1.0
kenibvy,0.0
kenlasv,1.0
kenybet,1.0
keobokb,0.0
keoccge,1.0
keogtwh,1.0
keootfj,1.0
kepcwcx,1.0
kepnhte,1.0
kepyskm,1.0
keqfpyf,1.0
keqjjuj,1.0
kequlgp,1.0
kequnph,1.0
keqzepe,1.0
kerbppf,1.0
kerrdgb,1.0
kerwktp,0.0
keswnge,1.0
kesxomx,0.0
ketflbq,0.0
kethqvt,1.0
kethrzs,1.0
ketilgm,1.0
ketosvn,0.0
ketteux,1.0
keucocv,1.0
keuqhvp,1.0
keutazm,1.0
kevipnj,1.0
kevkljp,1.0
kevxmiv,1.0
kewdkya,1.0
kewgkwr,1.0
kewgufe,1.0
kewnbxf,1.0
kewnrju,1.0
kewupcx,1.0
kexhzhs,0.0
kexlelm,1.0
kexzinj,0.0
keyacpa,1.0
keyaelp,0.0
keyrpcc,1.0
keyuqod,1.0
keyzzhm,1.0
kezbnrr,0.0
kezcllm,1.0
keziktj,0.0
kezlvqj,1.0
kfarhut,1.0
kfbaeqz,1.0
kfbehts,1.0
kfbuupc,0.0
kfbzlax,0.0
kfcrcxg,1.0
kfcvgpe,1.0
kfdhmgo,1.0
kfdkmyc,1.0
kfdpfsb,1.0
kfdrtab,0.0
kfdxnbv,0.0
kfekuni,1.0
kfesdal,0.0
kfexpsv,1.0
kffgkzn,1.0
kffhiyq,1.0
kfgkaug,1.0
kfgnvyd,0.0
kfgnzfh,0.0
kfgueoi,1.0
kfgvfic,1.0
kfgvryk,0.0
kfgxtan,0.0
kfhabky,0.0
kfhsqif,0.0
kfidwat,0.0
kfiidot,0.0
kfiltgl,0.0
kfinahy,1.0
kfitvmk,1.0
kfizufc,1.0
kfjgwdp,1.0
kfjqyxz,1.0
kfjwrez,1.0
kfjwvzj,1.0
kfksqmd,1.0
kflhccj,0.0
kflhkgo,1.0
kflhpds,1.0
kfliofu,0.0
kfljwxj,1.0
kflnano,1.0
kflxupo,1.0
kfmbkze,1.0
kfmbxdt,0.0
kfmkhzx,1.0
kfmlwqv,0.0
kfmnykx,0.0
kfmshun,0.0
kfmwtzo,1.0
kfnwfak,0.0
kfohdtn,1.0
kfolmrc,0.0
kfoqwad,1.0
kfpdvqs,1.0
kfpgwhy,0.0
kfpknoe,1.0
kfpoyjn,0.0
kfptqlx,1.0
kfpwftw,1.0
kfpymek,0.0
kfqnrkw,1.0
kfqsbet,1.0
kfriliq,1.0
kfrjgct,0.0
kfrmycm,0.0
kfrrgoq,0.0
kfrwyql,0.0
kfsgpse,1.0
kfslhvv,1.0
kfslqea,1.0
kfswdbt,0.0
kfswehv,1.0
kftcnpz,1.0
kftviyo,1.0
kfudnyl,0.0
kfuxgwh,1.0
kfuzwxg,1.0
kfvgmej,1.0
kfvqbhy,1.0
kfvuuak,1.0
kfvyoku,1.0
kfwfeat,1.0
kfwltnu,1.0
kfwofdo,1.0
kfwpgif,1.0
kfwpmxk,1.0
kfxdxhv,0.0
kfxdyvf,1.0
kfxhstn,1.0
kfybjkx,1.0
kfzgyht,0.0
kgaagfz,0.0
kgajqbk,1.0
kgbhgek,1.0
kgbqbyq,1.0
kgceyie,0.0
kgcfiav,1.0
kgcjwlc,1.0
kgdqkac,0.0
kgdqknu,1.0
kgdyzoq,1.0
kgfdohj,1.0
kgfhpav,0.0
kgfpanx,1.0
kggadij,1.0
kggduoj,1.0
kggebar,1.0
kggljno,1.0
kggpcwe,1.0
kggsqye,0.0
kghgmoe,1.0
kghhbgc,0.0
kghlfuo,0.0
kgiouzj,0.0
kgiqvsh,1.0
kgiucmu,1.0
kgjhgxm,1.0
kgjhong,1.0
kgjjsee,0.0
kgjpqxe,1.0
kgjszkl,0.0
kgjtmli,0.0
kgknaqk,1.0
kgkqrfr,1.0
kgkunfm,1.0
kglulbn,0.0
kglxnsx,1.0
kglxrye,1.0
kgmfueb,0.0
kgmlcol,1.0
kgmlxes,0.0
kgmtkkb,1.0
kgnrxvt,1.0
kgnsdli,1.0
kgnsygc,1.0
kgnwsqj,0.0
kgoanxu,0.0
kgocdhw,1.0
kgopnoo,1.0
kgoqfoh,0.0
kgorbbc,1.0
kgotknz,1.0
kgowxfw,0.0
kgozewp,1.0
kgplcji,1.0
kgplrdu,1.0
kgprrnt,1.0
kgqcogx,1.0
kgqebnw,1.0
kgqhlkr,0.0
kgrbqqe,1.0
kgrjmia,0.0
kgrkzag,1.0
kgrmpyy,1.0
kgscybs,1.0
kgslhqp,1.0
kgsqqct,1.0
kgssaux,0.0
kgswjnb,1.0
kgtizyj,1.0
kgtophp,1.0
kgtplxs,0.0
kgucllt,0.0
kgudzif,0.0
kgvgkda,1.0
kgvoykg,1.0
kgvqnpd,1.0
kgvticr,0.0
kgvuxth,1.0
kgvzgfn,1.0
kgwpylf,1.0
kgwrinw,0.0
kgxebpd,1.0
kgxgdqx,1.0
kgxuuhr,0.0
kgyglnl,1.0
kgyguqn,0.0
kgyphbo,1.0
kgypsfg,0.0
kgzctsa,1.0
kgznlau,1.0
khadfrl,1.0
khahsxe,0.0
khaldlb,1.0
khaligf,1.0
khaljkm,1.0
khamwzk,1.0
khaprdc,1.0
khawpgy,1.0
khcdwjv,1.0
khcemyu,1.0
khcjtgf,1.0
khctpth,1.0
khcvuvr,1.0
khdlhua,1.0
khdvics,0.0
khdvpdu,0.0
khebdrp,0.0
khgdnew,1.0
khgmejs,0.0
khgomoo,1.0
khgustm,1.0
khhirmz,0.0
khhqbni,0.0
khhwwcl,0.0
khibkcq,0.0
khihsmd,1.0
khijhwu,1.0
khinjmg,1.0
khivbrk,1.0
khjcndj,1.0
khjgeux,1.0
khjknxw,0.0
khjwedm,1.0
khknohj,1.0
khkrnic,0.0
khlqwxt,1.0
khmpdor,1.0
khmwhvy,1.0
khmyavy,1.0
khmyrpk,1.0
khndsua,1.0
khnhjqu,1.0
khnirjx,0.0
khnpdac,1.0
khofgsg,0.0
khplbov,1.0
khplwjf,1.0
khppivu,1.0
khptjfn,1.0
khpwkxs,1.0
khqaflf,1.0
khquotj,1.0
khqvhgw,1.0
khqwunt,0.0
khricem,1.0
khririw,1.0
khrkgmd,1.0
khrlokh,0.0
khrltdl,0.0
khrtlsx,0.0
khrutim,1.0
khrvhmu,1.0
khrytaa,1.0
khskqzf,1.0
khsmrub,0.0
khspajw,0.0
khsqyzs,1.0
khsrhzo,1.0
khswzeh,1.0
khtcbvm,1.0
khtevyo,1.0
khtgtxi,1.0
khtjqgp,1.0
khuatdd,0.0
khukevz,1.0
khupfsu,1.0
khvfxmx,1.0
khvfygn,1.0
khvghsy,1.0
khvjtww,1.0
khvjuye,1.0
khvlpxa,1.0
khvnzgi,1.0
khvppbd,1.0
khvzlsd,1.0
khwdhsg,1.0
khwpnic,1.0
khwzsts,1.0
khxanuk,1.0
khxjtyg,1.0
khxlijq,1.0
khxluys,0.0
khxrmqp,1.0
khxzjbp,1.0
khybrla,1.0
khyglsl,0.0
khymbwv,1.0
khymndf,1.0
khyouex,1.0
khypunz,1.0
khyrfrv,1.0
khysefc,1.0
khyznnw,1.0
khzggus,0.0
khznvtb,1.0
khzpxil,1.0
khztcsf,1.0
kianwrn,1.0
kiapkxt,1.0
kiayphl,1.0
kibidct,1.0
kibisre,0.0
kibmcte,0.0
kibqyeh,1.0
kicmjyg,0.0
kicvwod,0.0
kidbjax,1.0
kidovwj,1.0
kidwbtn,1.0
kidywnf,0.0
kiedwna,0.0
kiemdyy,1.0
kieorzv,1.0
kiermhb,1.0
kiesfta,1.0
kiexuvr,1.0
kifkkns,1.0
kiftakk,1.0
kiftghs,0.0
kigcuea,0.0
kigdfwc,1.0
kigfrye,1.0
kiggdgt,1.0
kigmrdp,1.0
kihequi,1.0
kihevjt,1.0
kihfgov,1.0
kihkhir,1.0
kihlttl,0.0
kihqcrg,0.0
kiiauyj,1.0
kiitlph,1.0
kijcvhl,1.0
kijilkt,1.0
kijucsb,1.0
kijufap,1.0
kikdmbf,1.0
kikgxfy,0.0
kilchky,1.0
kilnzng,1.0
kilxsqj,1.0
kimmumz,1.0
kimobem,0.0
kimrldi,1.0
kimxjzs,1.0
kineumv,1.0
kinflvc,0.0
kingzql,1.0
kinhwno,0.0
kinjbgi,1.0
kinucwh,1.0
kinungq,1.0
kinvcds,1.0
kinwopa,0.0
kinyswj,0.0
kiomkwu,1.0
kioyjyq,1.0
kipedvl,1.0
kipfzaf,0.0
kipgkxz,1.0
kiphtjp,1.0
kipkszg,1.0
kipontl,0.0
kipuhvv,1.0
kiqhqkh,0.0
kiqjzen,1.0
kiqkprs,0.0
kiqpcih,0.0
kirshnu,1.0
kirunjb,1.0
kirxeks,1.0
kirxzcq,0.0
kisiwfy,1.0
kiskgff,1.0
kispebj,1.0
kitajqb,1.0
kitinyq,1.0
kitnxqf,1.0
kitxtue,1.0
kiuddqg,1.0
kiuesnx,1.0
kiuknab,1.0
kiuoest,1.0
kiupzpq,1.0
kiuskyu,1.0
kiveoio,1.0
kivqycl,1.0
kivxzly,1.0
kiwarbz,1.0
kiwkqop,0.0
kiwoyau,1.0
kixgqte,1.0
kixhzkj,0.0
kixldks,1.0
kiyfpmt,1.0
kiymguk,1.0
kiynvht,0.0
kiyufex,1.0
kizduat,1.0
kizennx,1.0
kizgdmf,0.0
kizhtcr,1.0
kizkqvi,1.0
kjahuwp,1.0
kjawaba,1.0
kjayros,1.0
kjaziyp,1.0
kjbbutq,1.0
kjbcplk,1.0
kjblita,1.0
kjbntaz,1.0
kjbowlk,0.0
kjbxcgm,1.0
kjbytgb,1.0
kjcbxup,1.0
kjcndyt,1.0
kjcuegi,1.0
kjcvtxm,0.0
kjdavrp,0.0
kjddkes,0.0
kjdfeqv,0.0
kjdfkty,1.0
kjduzpm,1.0
kjejgqg,1.0
kjejrly,1.0
kjenddk,1.0
kjfbgix,1.0
kjfsymd,0.0
kjgagfi,1.0
kjgczwz,0.0
kjgmmbl,1.0
kjgsfnd,0.0
kjgspou,0.0
kjgttui,1.0
kjgycor,1.0
kjgyhmc,0.0
kjhhmoh,1.0
kjhiabq,1.0
kjhqjpb,0.0
kjibapl,0.0
kjiefzo,1.0
kjigdvt,0.0
kjijwnh,0.0
kjimbuz,0.0
kjiuhnn,1.0
kjjheol,1.0
kjjxvbd,1.0
kjkckql,1.0
kjkdvyf,1.0
kjkeoqk,1.0
kjkhqnr,0.0
kjkotqg,1.0
kjkprns,1.0
kjkrjse,1.0
kjkupjq,1.0
kjlervs,0.0
kjljkff,1.0
kjlqlvx,0.0
kjmatxt,1.0
kjmcpxs,1.0
kjmijxv,0.0
kjmlamq,0.0
kjmlods,0.0
kjmqocl,1.0
kjmrhqd,1.0
kjnghjm,1.0
kjnjxoe,0.0
kjnxrmc,1.0
kjoeoys,1.0
kjoeptt,1.0
kjoexjd,1.0
kjomnok,1.0
kjpinpz,1.0
kjpjend,1.0
kjpjjda,1.0
kjplfxb,1.0
kjqfaxy,0.0
kjqkuoe,0.0
kjqojdj,0.0
kjqrzvm,1.0
kjrfnpo,0.0
kjsgcfr,1.0
kjtaqix,0.0
kjtckfd,1.0
kjtdntr,1.0
kjtsfrz,1.0
kjtttlu,1.0
kjtwlwg,0.0
kjtxnfh,1.0
kjtxoio,1.0
kjufbjf,1.0
kjujism,1.0
kjuvcfj,1.0
kjuxuht,0.0
kjvagnz,1.0
kjvahrw,1.0
kjvduar,1.0
kjvhvuk,1.0
kjvqaqy,0.0
kjvqxzw,1.0
kjwdjuw,0.0
kjwvnzq,1.0
kjxbkto,0.0
kjxfgrp,1.0
kjxgmek,1.0
kjxivhf,0.0
kjxkijq,0.0
kjxlgkn,0.0
kjxlowx,0.0
kjxuine,1.0
kjxwltx,0.0
kjxxuij,0.0
kjyevrx,1.0
kjysjbw,0.0
kjywzne,1.0
kjyyvga,1.0
kjzixgw,1.0
kjzkrcy,0.0
kjzthbi,1.0
kjztyfz,1.0
kjzufys,1.0
kjzvtgx,0.0
kkaajpp,0.0
kkadbpf,0.0
kkafcej,1.0
kkalmfr,0.0
kkambhf,1.0
kkaqgfj,1.0
kkbcder,0.0
kkbxtdy,0.0
kkcpchz,1.0
kkcqsmm,1.0
kkcrvdp,1.0
kkdbgjq,1.0
kkdbtmm,0.0
kkdfqya,0.0
kkdhkyl,0.0
kkdhkzt,1.0
kkdwvtc,1.0
kkdyfnb,0.0
kkebmoc,0.0
kkegguv,0.0
kkehdzi,1.0
kkfebpj,1.0
kkffckj,1.0
kkfprsp,0.0
kkfzddx,0.0
kkgpceq,0.0
kkgpisp,1.0
kkgwdlf,1.0
kkgxjtf,1.0
kkhaeem,1.0
kkhrpeq,1.0
kkhwjyp,1.0
kkifhqt,0.0
kkiikyt,1.0
kkjetcb,0.0
kkjfpqy,1.0
kkjlbfs,1.0
kkkbxtm,0.0
kkkixmy,1.0
kkkmtgx,1.0
kkkomqi,0.0
kkksnuj,1.0
kkllkcp,1.0
kklpyux,1.0
kklujgx,1.0
kkmwksk,1.0
kkmzxme,0.0
kknjboz,1.0
kknpkzc,0.0
kkoonsd,0.0
kkoopkd,1.0
kkosqbu,1.0
kkotxew,1.0
kkouawe,1.0
kkouggq,0.0
kkourzs,0.0
kkoxisn,0.0
kkoysno,1.0
kkpdzeq,0.0
kkpirzm,1.0
kkpolnq,1.0
kkprarh,0.0
kkpsuyz,1.0
kkqfdiz,0.0
kkqrzkd,1.0
kkrigbo,1.0
kkrjrhn,1.0
kkrkrnp,1.0
kkrnmyd,0.0
kkrwcww,1.0
kkrxmxg,1.0
kkryomj,1.0
kksdgxl,0.0
kksovoa,0.0
kkssjga,1.0
kktcxxv,0.0
kkthwss,0.0
kktirxy,0.0
kkuwjhc,1.0
kkuzysk,1.0
kkvfyxb,0.0
kkvmmxs,1.0
kkvodvf,1.0
kkwgmti,1.0
kkwjdih,1.0
kkwnkmf,1.0
kkwnoan,1.0
kkxeoqi,0.0
kkyedth,0.0
kkykmyu,1.0
kkykyfd,1.0
kkzscby,1.0
kkzvgzz,1.0
klacvqk,1.0
klafftn,1.0
klaoilt,1.0
klawvcg,1.0
klaxguk,0.0
klbngrd,0.0
klchgqn,1.0
kldpbxy,1.0
kldunfu,1.0
kldvlla,1.0
kldwoid,0.0
klemsbf,1.0
kleniwd,1.0
klfimhv,0.0
klfsmyd,1.0
klfuahe,0.0
klfyyvj,1.0
klgbshn,1.0
klgdypq,1.0
klhezol,1.0
klhlccn,0.0
klhrbpi,1.0
klhutuy,0.0
klichgz,1.0
kligpra,0.0
klikmhd,0.0
klilnxn,0.0
klipndu,0.0
klkhowa,0.0
klknzlh,1.0
klkzsdm,0.0
kllghaq,0.0
kllqkqx,1.0
klmarlh,1.0
klmlyxl,1.0
klmtbuq,0.0
klmwmis,0.0
klnfhwc,1.0
klnknhz,1.0
klnuozb,1.0
kloqccn,0.0
kloqtqj,1.0
klpnopu,1.0
klppmao,1.0
klpupte,0.0
klqgoiw,0.0
klqicyl,0.0
klqnawg,0.0
klqoizx,1.0
klqonro,1.0
klrfatf,1.0
klrvsbt,1.0
klrzejn,1.0
klsbqey,1.0
klsnxuh,0.0
klsummd,1.0
klsxzsh,0.0
kltzdqg,1.0
klufxuf,0.0
kluwbdl,1.0
klvdbli,1.0
klvgffp,1.0
klvjppw,1.0
klvqqji,0.0
klvsowv,0.0
klvxaid,1.0
klwmxwo,0.0
klwnuzb,0.0
klwrwoq,0.0
klwuihe,1.0
klwwjck,1.0
klxdgjs,0.0
klxlwde,1.0
klxmmsf,1.0
klxtoqi,0.0
klydqgn,1.0
klyffik,0.0
klygqhl,1.0
klyjqor,1.0
klymrrs,1.0
klzlthd,0.0
kmadwuh,1.0
kmaonxj,1.0
kmbetee,0.0
kmbfmlq,1.0
kmbnkwo,1.0
kmbqeny,1.0
kmbqpxj,0.0
kmbxzcg,0.0
kmcftpy,0.0
kmcjmvv,1.0
kmckpqd,0.0
kmckqoq,1.0
kmcsnlg,1.0
kmctchb,1.0
kmdajap,1.0
kmdfnro,0.0
kmeamby,1.0
kmekbmd,1.0
kmflxgm,1.0
kmfsufa,1.0
kmfvlae,1.0
kmgrvxb,1.0
kmgvpsi,1.0
kmhaxnf,1.0
kmhkygw,1.0
kmhrudi,1.0
kmhuise,1.0
kmiddud,1.0
kmiheib,1.0
kmilyib,0.0
kmimpvh,0.0
kmjcriv,1.0
kmjfjin,1.0
kmjmnqk,1.0
kmjuyim,1.0
kmjvzia,1.0
kmkbykj,0.0
kmkfint,1.0
kmkrttw,1.0
kmlahyh,1.0
kmlfkbf,1.0
kmljrbz,0.0
kmllduo,1.0
kmmaqzr,1.0
kmmgynv,1.0
kmmluwb,1.0
kmnezum,0.0
kmnjhah,0.0
kmohkvt,1.0
kmojxve,1.0
kmoyvsj,1.0
kmozqfk,1.0
kmpizxn,1.0
kmpmomp,0.0
kmposkc,1.0
kmqfmvp,1.0
kmqmrjs,1.0
kmqpbuo,1.0
kmqpdgq,1.0
kmqpmgz,1.0
kmqsuki,1.0
kmrcwmb,0.0
kmrhbzm,1.0
kmrmiwh,1.0
kmrnelk,1.0
kmrpnff,1.0
kmslser,1.0
kmsppnb,0.0
kmstjhw,0.0
kmsvfsj,1.0
kmszkfm,1.0
kmtbevn,1.0
kmtgtad,1.0
kmtngva,0.0
kmtnxus,1.0
kmtrpxw,1.0
kmtshuo,1.0
kmtzbsb,0.0
kmtzvoj,1.0
kmuemeh,1.0
kmumxwk,1.0
kmuodga,0.0
kmuosoj,1.0
kmuzfgz,0.0
kmvzdkx,0.0
kmvzhqj,1.0
kmwkeev,0.0
kmxinsw,1.0
kmxpigc,0.0
kmyedrj,0.0
kmyvrfj,1.0
kmzbhqu,1.0
kmzgxue,1.0
kmztfij,1.0
kmzztef,1.0
knadxad,0.0
knagliu,1.0
knaugee,1.0
knbjhfn,1.0
kncbics,1.0
kncguus,0.0
knchtko,1.0
kncidzr,1.0
kncihce,1.0
kncyxph,1.0
kncyyou,1.0
kndtwry,0.0
knduxlp,1.0
kndvbns,1.0
knenyul,0.0
kneznxe,1.0
knfized,1.0
knfleuu,0.0
knfsouy,1.0
knfupnf,0.0
knfvmht,0.0
knfwqqf,0.0
knhlgsq,1.0
knhobqb,0.0
knhpopb,1.0
knhtblm,1.0
knibejf,0.0
knijvow,1.0
knimqof,0.0
knitciq,1.0
knivvfw,0.0
knjcjxc,1.0
knjllvg,1.0
knjofyq,0.0
knjyxld,0.0
knkskso,1.0
knkzlgb,0.0
knlqyqg,1.0
knmggil,0.0
knmqema,1.0
knnbjls,1.0
knnizks,0.0
knnxpyb,1.0
knoandz,0.0
knobqxy,1.0
knogram,1.0
knojyug,0.0
knoxcam,0.0
knoxywm,1.0
knpjuri,1.0
knplxgk,0.0
knpobci,1.0
knpqjsu,1.0
knpvelt,1.0
knpwddk,1.0
knqgatv,1.0
knqvmpm,1.0
knqwabf,0.0
knrdnxx,1.0
knricqg,1.0
knrldca,1.0
knrnvhf,1.0
knsbzpb,0.0
knskebb,1.0
kntcxtu,1.0
kntfkzo,0.0
kntmhpe,1.0
kntmizw,1.0
kntyfnb,1.0
knupboq,1.0
knuuorn,1.0
knvdjdn,0.0
knveauf,0.0
knvzvbn,0.0
knwkdjb,0.0
knwnmdy,1.0
knwqqky,1.0
knwrbym,1.0
knwriqf,1.0
knwrvbi,0.0
knwsjbd,1.0
knwwapx,0.0
knxaxjs,1.0
knxcscr,1.0
knxobky,1.0
knylmjr,0.0
knyosky,0.0
knyoxpt,1.0
knyqqsy,0.0
knzbkbx,1.0
knzorcu,1.0
knzvglz,1.0
koacggp,1.0
koafjkj,1.0
koafznf,1.0
koantpt,1.0
koarxch,1.0
kobfout,0.0
kobpixz,0.0
kobqppm,1.0
kobswvw,1.0
kocrqtc,1.0
kocshgf,1.0
kocubwo,1.0
kocwsis,1.0
kocynti,0.0
koczbnv,1.0
kodafwp,1.0
kodaozj,1.0
kodrfse,1.0
kodwswl,0.0
koeakwa,1.0
koegajx,0.0
koepmyf,1.0
koewmnf,0.0
koezqsn,0.0
kofggev,1.0
kofupul,0.0
koglpxl,0.0
kognnwn,1.0
kogrcxk,0.0
kogvwey,1.0
kohaogy,1.0
kohmbjm,1.0
kohrysv,1.0
kohurwm,1.0
koiohho,1.0
kojcqac,1.0
kojlmmu,0.0
kojnflk,1.0
kojsyiv,0.0
kokfeut,0.0
koknpkj,1.0
kolehlu,0.0
kolkyje,0.0
kolnzjx,1.0
kolullb,1.0
kolxgwq,0.0
komzsxv,1.0
kondzlo,0.0
koniifo,0.0
konirkk,1.0
konjrhj,1.0
konqgjn,1.0
koocqcw,1.0
koodcfm,1.0
kooguov,0.0
koomygj,0.0
koonwwy,1.0
kooqvqf,1.0
koortak,1.0
koplswh,1.0
kopnrim,1.0
kopsjbw,0.0
kopviqg,0.0
kopzset,0.0
koqjodn,0.0
koqpbzq,0.0
koqthtb,1.0
koqvkmk,1.0
koqzvzv,0.0
korjhfh,1.0
kosgtva,0.0
kosnpvq,0.0
kosvysp,0.0
kosyuyj,1.0
kothxds,1.0
kouhrce,0.0
kouravm,0.0
kouubhc,1.0
kouznrg,1.0
kovnccg,1.0
kowackh,1.0
kowdcdg,1.0
kowejvv,0.0
kowfshy,1.0
kowrfur,0.0
kowwwsr,0.0
koybdps,0.0
koyqbxw,1.0
kozflty,1.0
kozzyqp,1.0
kpafsup,1.0
kpatpzd,0.0
kpaxfom,0.0
kpbeuuc,1.0
kpbikbf,1.0
kpboegp,1.0
kpcfbrr,1.0
kpcgfic,0.0
kpcgkpc,1.0
kpcrnuv,1.0
kpcxidm,1.0
kpdbvfg,1.0
kpdktct,0.0
kpdwbza,1.0
kpdypva,0.0
kpehjic,1.0
kpfayxe,1.0
kpfdszn,0.0
kpfrdow,1.0
kpfsanp,1.0
kpgndpl,1.0
kpgopas,1.0
kpgxyoo,1.0
kphrsrv,1.0
kphxnos,1.0
kpignmt,1.0
kpigqwa,1.0
kpitczf,1.0
kpjctsn,1.0
kpjepde,1.0
kpjesyb,1.0
kpjfqwe,0.0
kpjnbpo,1.0
kpjtczt,1.0
kpkalmn,1.0
kpkehrw,0.0
kpkijyn,1.0
kpkkmji,1.0
kpkpihj,1.0
kpkpofw,0.0
kpkuqus,1.0
kpkvstp,0.0
kplhhpr,1.0
kpltjcm,0.0
kplvqnk,1.0
kpmhuzr,1.0
kpngjko,1.0
kpnjyct,0.0
kpnqsun,0.0
kpogzkh,1.0
kpohhmt,1.0
kppgees,1.0
kppjmod,1.0
kpqbddr,1.0
kpqphxz,1.0
kpqvevf,1.0
kprgjqv,0.0
kprgxmq,0.0
kprmytk,1.0
kprntdj,1.0
kprvyxm,0.0
kpryigo,1.0
kpsamtw,1.0
kpsefrq,1.0
kpshtgv,1.0
kpsqdbu,0.0
kptnrdl,1.0
kptwunw,1.0
kptyltv,1.0
kptywxt,1.0
kpuasmd,1.0
kpudezl,1.0
kpumzmp,1.0
kpurcaw,0.0
kpuundp,1.0
kpvczbr,0.0
kpvdiba,0.0
kpvkxpg,1.0
kpvokjh,1.0
kpvrdbf,0.0
kpwgbvh,1.0
kpwqqdt,1.0
kpwqzhp,0.0
kpxeijs,1.0
kpxgeun,1.0
kpxjdlv,0.0
kpxnkpz,1.0
kpxokdm,0.0
kpyfcpz,1.0
kpyfymb,0.0
kpygpat,1.0
kpyqanp,1.0
kpzdfvf,1.0
kpzdshc,1.0
kpzjbxv,1.0
kpzlony,1.0
kpztvvq,0.0
kpzustz,1.0
kpzvktg,1.0
kqamhns,0.0
kqbhldp,0.0
kqbkuzo,1.0
kqblnij,1.0
kqcfetn,1.0
kqcqlao,0.0
kqcyjhg,0.0
kqdmjyq,1.0
kqdsdaq,1.0
kqdsegv,0.0
kqdtnzl,1.0
kqdvpnz,1.0
kqdwezs,1.0
kqdwuwq,1.0
kqdydfx,1.0
kqeeycz,1.0
kqerexo,1.0
kqesevv,1.0
kqfaodf,1.0
kqfcvhi,0.0
kqfmmhm,1.0
kqfophq,0.0
kqftnrm,1.0
kqfzhde,1.0
kqganad,1.0
kqgaoic,0.0
kqgjkdg,0.0
kqglnbu,1.0
kqgmisi,0.0
kqgmywf,0.0
kqgypnf,1.0
kqhfctm,1.0
kqhrnzk,0.0
kqiqgsx,0.0
kqjeibk,1.0
kqkdedl,0.0
kqkquok,0.0
kqktsxa,1.0
kqkvgqy,1.0
kqkwsrm,0.0
kqkzzye,1.0
kqldhpx,1.0
kqlvaei,1.0
kqmjkgd,1.0
kqmpddl,0.0
kqmtarw,1.0
kqmwyqg,0.0
kqmxgwi,1.0
kqnbigq,1.0
kqniaql,0.0
kqnngbu,1.0
kqoayej,0.0
kqohgxz,0.0
kqpagmd,1.0
kqpaqiw,0.0
kqptggp,0.0
kqpxezx,1.0
kqqifno,0.0
kqqtwzt,1.0
kqrkram,0.0
kqrrqjm,1.0
kqruusr,0.0
kqrxcoa,0.0
kqrzaci,1.0
kqsdtew,0.0
kqsnaty,0.0
kqtfjfs,1.0
kqtjwuv,1.0
kqtruuq,1.0
kqtuxwg,1.0
kqumorr,0.0
kqunjvk,0.0
kqunvga,1.0
kqutxnt,1.0
kqvgcql,1.0
kqvnzzd,1.0
kqwghzf,1.0
kqwhcej,1.0
kqwmqlz,1.0
kqwzkle,1.0
kqxjctn,0.0
kqxkegy,1.0
kqxljzt,1.0
kqxwhtj,1.0
kqyenvi,1.0
kqykmiy,0.0
kqzgrll,1.0
kqzsndf,0.0
kqzvsdu,1.0
krajpsd,1.0
kralops,1.0
kramlfo,1.0
kraoxfl,1.0
kraqled,1.0
krblosi,1.0
krbmbrj,1.0
krbwoxq,1.0
krcgrur,1.0
krckrep,1.0
krcsdox,1.0
krcuabc,1.0
krdjdvi,1.0
krdkwsm,1.0
krdlmnl,1.0
krdpfeq,1.0
krdsnpt,1.0
krebyjp,0.0
kredmzv,0.0
krelbpc,0.0
krevfkd,1.0
krfdwwu,1.0
krfehzd,1.0
krfhwlx,1.0
krfkgjd,1.0
krfmkpr,1.0
krfpffc,0.0
krfqjde,0.0
krfsrfp,1.0
krgamna,1.0
krgggkc,1.0
krghwpr,1.0
kribpuc,1.0
krideoc,1.0
kridojp,1.0
kridvcq,1.0
kridvqc,1.0
kriijat,0.0
krjrsbm,1.0
krkdaiw,1.0
krkizcu,1.0
krktibg,1.0
krkvxuu,1.0
krlawkl,1.0
krlexxm,0.0
krljokc,1.0
krlnehz,0.0
krlvxup,1.0
krlznok,1.0
krmmvzi,1.0
krmtsma,0.0
krnfcfs,1.0
krnlbmc,1.0
krnmcqs,1.0
krnmiqm,0.0
krnmsfw,0.0
krnqlbe,1.0
krnupjg,1.0
krnvcqv,1.0
krodquv,1.0
kroecwz,1.0
krojdfv,0.0
kromcfc,1.0
krpipzm,1.0
krpjsad,0.0
krpmomd,1.0
krqobwo,1.0
krradsh,1.0
krrfygc,1.0
krriwjc,1.0
krrjkwe,1.0
krrjumi,1.0
krrqkvj,0.0
krrwgit,1.0
krrzqkg,1.0
krslkme,1.0
krsnjvu,1.0
krspadf,1.0
krsqodt,1.0
krtafcr,1.0
krtcsck,1.0
krtuwks,1.0
krtvikk,1.0
krtxqje,0.0
krualek,1.0
kruathx,1.0
krunhdx,0.0
krusgdf,0.0
krutdnr,1.0
kruudhw,0.0
krvcbjb,1.0
krwdvdl,1.0
krwhxwx,1.0
krwpuvz,1.0
krwqgst,1.0
krwvtoz,1.0
krxhlfb,1.0
krxkfbw,1.0
krxnare,1.0
krxobuk,1.0
krxptqz,1.0
krxxmgb,1.0
krycpdj,0.0
kryjjmn,1.0
kryoxdn,1.0
krzejly,1.0
krzvhlt,1.0
krzzwwy,0.0
ksbcsbd,1.0
ksbdhmm,0.0
ksbitue,0.0
ksbqqhh,0.0
ksccrft,1.0
kscdyps,1.0
kscfnfo,1.0
ksckpfv,0.0
ksdnxsf,1.0
ksdyqkp,1.0
ksesycu,0.0
ksfegva,1.0
ksfglwc,0.0
ksflghr,1.0
ksfnfnl,1.0
ksfuxws,1.0
ksgdlqz,1.0
ksgilcf,1.0
ksgkyub,1.0
ksgubfm,1.0
ksgzznx,1.0
kshhayq,1.0
kshkhop,1.0
ksioaja,0.0
ksituuv,1.0
ksjqebf,1.0
ksjsoiy,1.0
ksjztjc,0.0
kskbwpx,1.0
kskuttb,0.0
kslduep,1.0
kslevas,0.0
kslihes,1.0
kslkump,1.0
kslpexi,1.0
ksmbaqh,0.0
ksmkdxf,1.0
ksmskvn,1.0
ksmsvgs,1.0
ksnnihg,1.0
ksnnzxu,1.0
ksnqqpc,1.0
ksntdrx,1.0
ksnyelm,1.0
ksnyknp,1.0
ksnzotg,1.0
ksoegph,1.0
ksoermx,0.0
ksopwtb,1.0
ksozpxr,1.0
kspqaqj,0.0
ksptttk,1.0
ksqbdwl,1.0
ksqfkzl,1.0
ksraqzr,0.0
ksrhqry,1.0
ksrikol,1.0
ksrsjwn,0.0
ksrtiwy,0.0
ksrzuvq,0.0
kssloux,1.0
kssnrgj,1.0
kssorpe,1.0
kssxidq,1.0
ksszhiy,1.0
ksthisf,0.0
kstjkfx,0.0
kstmfie,0.0
kstsppf,1.0
kstutoi,0.0
ksuaiyh,1.0
ksubwgy,1.0
ksuoanj,1.0
ksuqjrx,1.0
ksuwxfv,1.0
ksvapki,0.0
ksvjyrj,0.0
ksvpwrh,1.0
ksvuyud,1.0
ksvvuph,1.0
kswwowa,0.0
ksxazjk,1.0
ksxbnfy,0.0
ksxkxxy,1.0
ksxmurp,1.0
ksxumxu,1.0
ksxvusj,1.0
ksyjemj,1.0
ksykzdx,0.0
ksypbwj,1.0
ksyxeyh,0.0
ksyzwqj,1.0
kszblnb,0.0
kszoksn,1.0
kszppsn,1.0
kszulft,1.0
kszvmjo,1.0
kszwski,1.0
kszwxvo,1.0
ktaotmg,1.0
ktapvdh,1.0
ktaspxh,1.0
ktatjme,1.0
ktavaph,0.0
ktaxhel,1.0
ktbccuo,0.0
ktbdhev,1.0
ktbigps,0.0
ktcrynv,1.0
ktdjmcz,1.0
ktdwbot,1.0
ktdzjll,1.0
ktemgem,1.0
ktewkof,1.0
ktexeta,1.0
ktfmpju,0.0
ktfripn,1.0
ktfxtoi,1.0
ktgdtxf,1.0
ktgegfp,0.0
ktgslbq,1.0
ktgukod,1.0
ktgwsur,1.0
kthbtkk,0.0
kthpxmy,0.0
kthrhdw,0.0
kthvbvd,1.0
ktiewpw,1.0
ktijttj,1.0
ktjfthm,0.0
ktjgxsf,0.0
ktjhpbg,1.0
ktjpzds,1.0
ktjzzru,1.0
ktkftxr,1.0
ktkganz,1.0
ktkmqck,1.0
ktknfwn,1.0
ktknwwr,1.0
ktkwznm,0.0
ktlejiz,1.0
ktlgomd,1.0
ktlpenm,0.0
ktlvmnx,1.0
ktlzols,1.0
ktmdngi,1.0
ktmeioj,0.0
ktmelej,1.0
ktmfjpd,1.0
ktmmtok,0.0
ktmmwxn,1.0
ktmqddd,0.0
ktmtthp,0.0
ktmvcpy,0.0
ktnbfoc,1.0
ktnozjt,1.0
ktnwgkg,0.0
ktnwldb,1.0
ktoafxy,1.0
ktoawbe,1.0
ktounhz,1.0
ktoxcry,1.0
ktplsnp,0.0
ktppvxa,1.0
ktpqldi,1.0
ktqakas,1.0
ktqojeo,1.0
ktqswfw,0.0
ktrsgkz,1.0
ktrxkoa,1.0
ktscemj,0.0
ktspgcz,1.0
ktswwyt,1.0
ktterpi,1.0
kttjeoh,1.0
kttkqav,1.0
kttrdfo,1.0
ktvmocz,1.0
ktvpzhc,0.0
ktwgsea,0.0
ktwplfd,0.0
ktwviwu,1.0
ktwzcbh,1.0
ktxjcpq,1.0
ktxtcvz,0.0
ktyxyma,1.0
ktyznyk,1.0
ktzchuz,1.0
ktzcrck,1.0
ktzncmu,1.0
ktzvagb,1.0
ktzywmx,1.0
kuagveh,1.0
kuajhhe,1.0
kuattjn,1.0
kuaxouh,0.0
kubfnlk,0.0
kubmuuy,1.0
kubtlmy,1.0
kubuyqg,1.0
kucjbzt,0.0
kucsifa,1.0
kuctuzn,0.0
kuddhvd,0.0
kudjqgl,1.0
kudlojq,1.0
kudoecv,1.0
kudukmp,0.0
kudyssx,1.0
kuegyyd,0.0
kueiltr,1.0
kuekskg,1.0
kuflovy,1.0
kufvtlr,1.0
kugkiux,1.0
kugplag,1.0
kugpoqr,1.0
kugqgiv,1.0
kuguigs,0.0
kugvevm,1.0
kuhgvhc,0.0
kuhhhwy,1.0
kuhlkwo,1.0
kuhvrsq,1.0
kuhzefv,0.0
kuikycl,0.0
kuimziy,1.0
kuiptlo,0.0
kuisele,1.0
kuiskdy,0.0
kujhlvc,1.0
kujkqls,1.0
kukcklo,1.0
kuktvgr,1.0
kulcvfx,0.0
kuldzjm,0.0
kulfjlc,1.0
kulibnf,1.0
kulrhdf,1.0
kultqxz,1.0
kumeslb,0.0
kumsnse,0.0
kunbvzu,1.0
kunfwuz,0.0
kunhdvu,0.0
kunjdup,1.0
kunlyud,1.0
kunqqup,0.0
kunrkcq,1.0
kunwptr,1.0
kunzztu,0.0
kuohpsm,1.0
kuopsdr,1.0
kupvmyt,0.0
kuqaavq,1.0
kuqgciw,1.0
kuqnbix,1.0
kuqseyu,0.0
kurdjfm,1.0
kurfyzx,1.0
kurqdlq,1.0
kusdhhi,0.0
kusdton,1.0
kushkvs,0.0
kuswjbl,1.0
kutamwm,1.0
kutfvpm,0.0
kutjshx,1.0
kutsvtv,1.0
kutyybv,1.0
kuubnks,1.0
kuueobe,1.0
kuufrbe,1.0
kuusiph,1.0
kuvnzwh,0.0
kuvozse,0.0
kuvqajf,1.0
kuwfmbm,1.0
kuwfnjw,0.0
kuxcevg,0.0
kuxmlcm,1.0
kuxsqdt,1.0
kuxyion,1.0
kuxyzcv,0.0
kuyaoui,1.0
kuyhjjw,0.0
kuykcid,1.0
kuylwvl,1.0
kuyuzxx,1.0
kuyxggk,1.0
kuzhhqi,1.0
kuzjone,1.0
kuzogfj,1.0
kuzvttu,1.0
kuzwdeb,1.0
kvabswo,1.0
kvahodg,0.0
kvaipkf,1.0
kvasygi,1.0
kvaufek,1.0
kvaxoli,1.0
kvazwgb,1.0
kvbkitx,0.0
kvbprwf,1.0
kvbqphy,0.0
kvdjryl,1.0
kvdmnhw,1.0
kvdsddr,0.0
kveajrb,1.0
kvedult,0.0
kvetovq,1.0
kvewsli,1.0
kvexqbs,1.0
kvfooru,1.0
kvgczbe,1.0
kvggggc,1.0
kvgjkle,0.0
kvgpsbx,0.0
kvhcbza,1.0
kvhfjmt,1.0
kvhmquk,0.0
kvhzwyk,1.0
kviiegh,1.0
kvjaksn,1.0
kvjanpd,1.0
kvjaris,0.0
kvjcpsa,0.0
kvjideh,0.0
kvjnsiq,1.0
kvjwnuu,1.0
kvjxcry,1.0
kvjxxgp,1.0
kvjyvdy,1.0
kvkjpcs,1.0
kvknglz,1.0
kvlmlxk,0.0
kvlzhgu,1.0
kvmeket,1.0
kvmfyvr,1.0
kvmmfrn,1.0
kvmufap,1.0
kvmvfpa,0.0
kvmwswx,1.0
kvmyend,0.0
kvmznke,1.0
kvnfuds,0.0
kvnherd,1.0
kvnihnd,1.0
kvnripf,1.0
kvnshsw,1.0
kvnvdsw,1.0
kvoflqu,1.0
kvortml,1.0
kvosqjx,0.0
kvosqqo,1.0
kvpgnmz,1.0
kvpodpa,0.0
kvpowjj,1.0
kvpqqtf,0.0
kvpujue,1.0
kvqhcsh,1.0
kvqugtc,1.0
kvqzkfb,1.0
kvrlfki,1.0
kvrltfo,0.0
kvruzjq,0.0
kvrwzyr,1.0
kvrzabl,1.0
kvsbgoy,1.0
kvsdjlt,1.0
kvsfsox,1.0
kvsoojq,1.0
kvsslvy,1.0
kvsuqwm,0.0
kvszcwx,0.0
kvtapgn,1.0
kvtrmwh,1.0
kvtuaqf,0.0
kvumlgc,0.0
kvuokyn,1.0
kvuoqmt,1.0
kvurmyd,0.0
kvuscpw,1.0
kvvfasi,1.0
kvvoxvk,1.0
kvvxxmf,1.0
kvwbqll,0.0
kvwlpgh,1.0
kvwwcqy,1.0
kvxliij,0.0
kvxskug,1.0
kvxvbrc,1.0
kvyhasf,1.0
kvytfie,1.0
kvyxhby,1.0
kvzghdb,1.0
kvzqfiw,0.0
kvzvmef,0.0
kwaqxhs,0.0
kwassls,1.0
kwavnuw,1.0
kwavtbn,1.0
kwawagi,1.0
kwbemiv,1.0
kwbfplz,1.0
kwbhmzy,1.0
kwcdhhp,1.0
kwceggj,1.0
kwcupiw,1.0
kwdebgy,1.0
kwebsna,0.0
kweorsx,1.0
kwexvid,1.0
kwfasmz,1.0
kwffusv,0.0
kwfldav,1.0
kwfpliw,1.0
kwfsczq,0.0
kwfsgfe,1.0
kwfxnka,1.0
kwgoval,1.0
kwgpifn,0.0
kwguvkt,0.0
kwgvgye,1.0
kwhdutp,1.0
kwheehf,1.0
kwhefmy,1.0
kwhgrgj,1.0
kwhhblk,0.0
kwhnhhb,1.0
kwhoydr,1.0
kwhwuih,1.0
kwhxwxm,1.0
kwigcun,1.0
kwijhxd,0.0
kwiwzrd,1.0
kwjgifw,1.0
kwjhvqb,1.0
kwjokbs,1.0
kwjomvm,1.0
kwjuoln,1.0
kwkdnme,0.0
kwkmqhe,1.0
kwktjqx,1.0
kwlaobw,0.0
kwmbpau,0.0
kwmlrgj,1.0
kwmvcby,1.0
kwnbomu,1.0
kwnddzf,1.0
kwneszx,0.0
kwnhtjd,0.0
kwnuepb,1.0
kwpvrqy,1.0
kwqdmsd,1.0
kwqftjf,1.0
kwqinmk,1.0
kwqliqk,1.0
kwqrepg,1.0
kwqrrut,1.0
kwqtxpu,0.0
kwqwrzw,1.0
kwreojd,1.0
kwrkili,1.0
kwrnehk,1.0
kwssfsr,1.0
kwtarpl,0.0
kwtovng,0.0
kwudqrj,1.0
kwugtbz,0.0
kwukygw,1.0
kwuzuoo,0.0
kwvmgbh,1.0
kwvmxms,1.0
kwvnufy,0.0
kwwpryb,1.0
kwwzqse,1.0
kwxmdhz,1.0
kwxotfx,1.0
kwxysqs,1.0
kwyflve,1.0
kwygkrz,1.0
kwylfie,0.0
kwyyklv,1.0
kwziqhw,0.0
kwzqhjz,1.0
kwzqjdd,0.0
kwzuels,1.0
kwzwhgu,1.0
kxaftfm,1.0
kxaiqgz,0.0
kxankdc,0.0
kxarism,1.0
kxayhxv,1.0
kxbpxrd,0.0
kxbqqwr,0.0
kxbsgqj,1.0
kxbuwmh,0.0
kxcaqcf,1.0
kxceyfg,0.0
kxckfec,1.0
kxcytbh,1.0
kxczqdj,1.0
kxdepmi,0.0
kxdivmz,1.0
kxdizqa,1.0
kxdjriw,1.0
kxdzadm,1.0
kxednte,1.0
kxeoyur,1.0
kxfeokc,1.0
kxfnitj,0.0
kxfnzjd,1.0
kxfogxw,1.0
kxfvovb,1.0
kxgaovv,1.0
kxgcuce,1.0
kxgdqkh,1.0
kxgkzkj,0.0
kxgqfih,0.0
kxgutox,0.0
kxgvfbt,1.0
kxgwont,1.0
kxgynfz,0.0
kxhdpkg,1.0
kxhrxbd,1.0
kxhwaln,1.0
kxihlqx,0.0
kxispeh,1.0
kxjbgrv,1.0
kxjffrf,1.0
kxjjrts,0.0
kxkmgey,0.0
kxkukwb,1.0
kxkwhhf,1.0
kxkzrgx,1.0
kxlbqry,1.0
kxlkdrm,1.0
kxlnbwt,1.0
kxlouxt,1.0
kxlwdar,0.0
kxlwpnn,1.0
kxlxuzl,1.0
kxmdakt,1.0
kxmfrjc,1.0
kxmjwxq,0.0
kxmnoxm,1.0
kxmqqqy,0.0
kxmylod,1.0
kxnbuzr,0.0
kxnpxat,1.0
kxnvnpa,1.0
kxocdqi,0.0
kxojfwf,1.0
kxorpee,0.0
kxosath,1.0
kxovusn,0.0
kxpnopl,1.0
kxpoenk,1.0
kxpydwe,1.0
kxqffha,1.0
kxqosyi,1.0
kxqqszu,0.0
kxquaoq,1.0
kxqxjcx,1.0
kxrccgp,1.0
kxrsznx,1.0
kxrynal,1.0
kxrzisw,1.0
kxsawei,1.0
kxscjnf,1.0
kxscwqj,0.0
kxsgaal,1.0
kxshaxb,1.0
kxsxmtn,0.0
kxtbkfl,1.0
kxueoox,1.0
kxugdvd,1.0
kxujhhr,1.0
kxuqsio,1.0
kxurkzf,0.0
kxuwrxb,1.0
kxuyvwj,1.0
kxwdyxm,1.0
kxwtzqa,1.0
kxwuuay,0.0
kxwyire,1.0
kxxlmyv,0.0
kxxpamh,1.0
kxxstrm,0.0
kxxuxjw,1.0
kxygasx,0.0
kxyprsi,1.0
kxysltx,1.0
kxzgrti,1.0
kxzrgas,1.0
kxzxtco,1.0
kyadpwt,1.0
kyaltwv,1.0
kyanluk,0.0
kybbugy,0.0
kybonpv,0.0
kybwovb,0.0
kycarzo,1.0
kycwbiy,1.0
kyddpvn,0.0
kydfhiv,1.0
kydmvyn,0.0
kydqvnj,0.0
kyduers,0.0
kydxpdz,1.0
kyebnsl,0.0
kyejngz,1.0
kyesury,1.0
kyfazrs,1.0
kyfgzkr,1.0
kyfubls,1.0
kyfungb,0.0
kygmotj,0.0
kygoxim,0.0
kygqavl,0.0
kygrksj,0.0
kygrzxo,1.0
kyhaaqn,1.0
kyhddhn,1.0
kyhsuyd,1.0
kyhswpb,0.0
kyihcss,0.0
kyjdkyw,0.0
kyjtwpf,1.0
kyjwmji,1.0
kykhmyt,0.0
kyktqlw,1.0
kykynkp,1.0
kylobri,1.0
kylvsnl,1.0
kymfkkc,1.0
kymfzot,0.0
kymjjgm,1.0
kymxzid,0.0
kyodlvx,1.0
kyohxta,0.0
kyoiblh,1.0
kyozvdq,0.0
kypacto,1.0
kyppyrp,1.0
kyqiybq,0.0
kyqjnzy,1.0
kyqpqtc,0.0
kyqztzj,0.0
kyriauh,1.0
kyrmdxu,1.0
kysdzrw,1.0
kysjwcg,1.0
kyslqkb,0.0
kysngui,1.0
kytasmh,0.0
kytdafe,0.0
kytdvft,1.0
kytfwef,1.0
kytihda,1.0
kytkwnf,1.0
kytnbbx,1.0
kyucyga,1.0
kyugvyi,1.0
kyunqgf,1.0
kyvbhat,1.0
kyvrvjp,1.0
kyvxhsr,1.0
kywidos,0.0
kywlrkl,1.0
kywomiy,0.0
kywwthu,0.0
kyxasfo,1.0
kyxlebd,1.0
kyxtyyg,1.0
kyxyabl,1.0
kyyendj,1.0
kyyfxlo,0.0
kyyhaxc,1.0
kyyktqe,1.0
kyyrhid,1.0
kyytbnn,1.0
kyyvtta,1.0
kyyvysn,0.0
kyzfict,1.0
kyzgyzo,0.0
kyzjosl,1.0
kyzwqio,0.0
kzalefz,1.0
kzaqqxc,1.0
kzasxgo,0.0
kzcavlf,1.0
kzcgcqz,1.0
kzckgke,1.0
kzcpvhu,1.0
kzdebie,0.0
kzdkmfc,0.0
kzdwscp,1.0
kzeiiqi,1.0
kzenulh,1.0
kzevzwo,1.0
kzfifql,0.0
kzfquhl,1.0
kzfydrw,1.0
kzgrsme,1.0
kzgtpgp,1.0
kzhhsaw,1.0
kzhhwle,1.0
kzhllqa,1.0
kzhluwc,0.0
kzieeld,1.0
kzieokk,1.0
kzifhse,1.0
kzijpsp,0.0
kziuagq,1.0
kzixydq,1.0
kzjdwcq,1.0
kzjkoue,0.0
kzjuesf,0.0
kzkdpaz,0.0
kzklpit,1.0
kzknoqp,0.0
kzkxvve,1.0
kzlcjvw,1.0
kzlinxh,1.0
kzllvdx,1.0
kzlyqsu,1.0
kzlzfpa,1.0
kzmhzsx,1.0
kzmtfqb,1.0
kznsurt,1.0
kzokwca,1.0
kzpblsf,1.0
kzppclq,1.0
kzpvrmi,1.0
kzpxaxp,0.0
kzqbudw,0.0
kzqfgbo,1.0
kzqjdsu,0.0
kzqlmdm,1.0
kzqpcaq,0.0
kzqzexf,1.0
kzrhaxq,0.0
kzrhtzt,0.0
kzrifyr,1.0
kzrkbwc,1.0
kzscczt,0.0
kzshlea,0.0
kzskswu,1.0
kzspoas,1.0
kzswxoy,0.0
kzszdpa,1.0
kzszums,1.0
kztbwio,1.0
kzterdv,1.0
kztfstz,1.0
kztgijz,1.0
kztswdh,1.0
kzueoba,1.0
kzusoax,0.0
kzvinfz,1.0
kzvkdzs,0.0
kzvkhbv,0.0
kzvrjwj,1.0
kzvwlpw,1.0
kzvwron,1.0
kzwcsyy,1.0
kzweaih,0.0
kzwqjwy,1.0
kzwyjsi,1.0
kzxefwk,1.0
kzxejqw,1.0
kzxenvb,1.0
kzxhfsy,1.0
kzxkrgq,0.0
kzyhmob,1.0
kzytayi,1.0
kzzfhrm,1.0
kzzishu,1.0
kzzjjnd,1.0
kzzmjlc,0.0
kzzoimw,0.0
kzzrmbp,1.0
kzzyskx,1.0
laaapwb,1.0
laajmwp,1.0
laapfxz,1.0
laatado,1.0
labbmdk,0.0
labdark,0.0
labdwcs,1.0
lablnmx,1.0
lablpvz,0.0
labutfl,1.0
labzkgr,1.0
lachcum,0.0
lacjguk,1.0
lacywss,0.0
ladcgdg,1.0
ladfdpo,1.0
ladrtxf,1.0
ladsntc,0.0
ladzcvz,1.0
laemrzz,1.0
lafkfbo,0.0
lafrrlb,1.0
lafykrs,1.0
lagggqk,0.0
laghllm,1.0
lagigxp,0.0
lagkorm,1.0
laglqpi,1.0
lagucsz,0.0
lahgnrn,1.0
lahsonq,1.0
lahtxwg,1.0
laictmp,1.0
lailpoo,0.0
laixmbm,1.0
lajjoyq,0.0
lajlflt,0.0
lakbplh,1.0
lakdrcn,1.0
lakgnfi,0.0
lakvmpq,1.0
lakwwju,1.0
lakxnyp,0.0
lakyymh,1.0
lalzizw,1.0
lambpze,1.0
lamdjck,1.0
lamhess,1.0
lamluqu,1.0
lamojvl,1.0
lamopkz,1.0
lamsyzr,1.0
lamucfc,0.0
lamzcnz,0.0
lamzthf,1.0
landerh,1.0
laneknd,1.0
lanjlro,0.0
lanlzdy,1.0
lanuqtt,0.0
laohaga,0.0
laoknpm,1.0
laoldfk,0.0
laosnzp,1.0
lapgykn,1.0
lapiipu,1.0
lapjbew,1.0
lapzean,1.0
laqiiaw,1.0
laqkdpv,0.0
laqknmu,0.0
laqrklf,1.0
larcwwm,0.0
larjpkh,0.0
larpipl,1.0
larpmjn,1.0
larstoa,0.0
larudwh,0.0
larywso,1.0
larzypl,0.0
lascfsj,1.0
lasdaxh,1.0
lasixhk,0.0
lasmyel,1.0
latfomq,1.0
latjcsu,1.0
latpkfe,1.0
latqxqf,1.0
latxrwl,1.0
lauffva,1.0
laulgfh,1.0
laupbqn,1.0
lauskao,1.0
lavbinv,1.0
lavfeva,1.0
lavjjlq,1.0
lavmmgt,1.0
lavrysq,1.0
lavysvu,0.0
lawgruy,1.0
lawkmlw,1.0
lawnrsl,0.0
lawykgi,1.0
laxdjce,1.0
laxhrfw,1.0
laxqpij,1.0
laxtzlh,1.0
laxumbz,0.0
laxxdka,1.0
laygmvd,0.0
layjkev,1.0
layloyi,1.0
laylzoz,1.0
layrfqh,1.0
lazdsfm,0.0
lazhwhi,1.0
lazlzgv,1.0
lazsgty,1.0
lazsqks,1.0
lbaabcm,1.0
lbaeewv,1.0
lbafqgd,0.0
lbajyzj,0.0
lbaxoia,1.0
lbbfyku,1.0
lbbjetr,1.0
lbbkrsl,1.0
lbblopo,1.0
lbbqjcl,1.0
lbbusec,1.0
lbbvqgn,1.0
lbbwmhi,1.0
lbcahfr,0.0
lbcdygn,0.0
lbcobmj,1.0
lbdaskq,0.0
lbdjdve,1.0
lbdpvtz,1.0
lbecgyy,0.0
lbefioc,0.0
lbegxyq,0.0
lbeijhl,1.0
lbejnnt,0.0
lbenvmf,1.0
lbeukti,1.0
lbfbatx,1.0
lbfremu,0.0
lbftnoz,1.0
lbftvii,1.0
lbfxbhp,1.0
lbfyajv,1.0
lbfzrxt,1.0
lbgaekj,0.0
lbghowz,1.0
lbgljul,1.0
lbgpjxi,0.0
lbgqcaa,1.0
lbgqkrp,0.0
lbgsiqu,0.0
lbgtqaw,1.0
lbgygyq,0.0
lbhbmra,1.0
lbhcqaj,1.0
lbhkoaf,1.0
lbhplcb,0.0
lbhuoel,1.0
lbhxtqh,1.0
lbiazca,0.0
lbicely,0.0
lbieuhq,1.0
lbighkt,1.0
lbihmqs,0.0
lbiibxf,0.0
lbipjmu,1.0
lbisshy,1.0
lbivbzt,0.0
lbjcppt,1.0
lbjdmim,1.0
lbjvapi,1.0
lbknkto,1.0
lbkwcsr,1.0
lblgxnc,1.0
lblsnjy,1.0
lblsskw,0.0
lblvfjv,1.0
lbmfprk,1.0
lbmrhuf,0.0
lbmroic,1.0
lbmukus,1.0
lbmxham,1.0
lbmzqym,0.0
lbnosms,0.0
lbnqvld,1.0
lbnsddm,1.0
lbogmez,0.0
lboktct,1.0
lbooapt,0.0
lboqzee,0.0
lbpeosk,1.0
lbplzyt,1.0
lbpsuvb,1.0
lbpuduh,0.0
lbqabdc,0.0
lbqirsx,1.0
lbqsxlv,0.0
lbrgrgg,0.0
lbrncrm,1.0
lbscndx,1.0
lbsggny,0.0
lbsokrg,1.0
lbsvojo,1.0
lbsyfhx,1.0
lbtfzak,1.0
lbthwji,1.0
lbtuepj,1.0
lbtvrvw,1.0
lbufmfx,1.0
lbuijsk,1.0
lbujwii,0.0
lbunmnc,0.0
lbunxyx,0.0
lbupgly,1.0
lbuxcwq,1.0
lbuzpqq,1.0
lbvlrfn,0.0
lbvmdsr,1.0
lbvsugn,0.0
lbwilda,1.0
lbwrbhr,1.0
lbwuxyi,0.0
lbwwvne,1.0
lbwzupm,0.0
lbxbeoa,0.0
lbxolfl,0.0
lbxosim,1.0
lbxprwq,1.0
lbyhrzy,1.0
lbyjodw,1.0
lbypgzb,1.0
lbzltzq,1.0
lbzvjqz,1.0
lbzwqvy,1.0
lbzxclh,0.0
lbzxqmq,1.0
lbzzwec,0.0
lcaegwk,1.0
lcankwm,1.0
lcaxcfq,1.0
lcbecsz,1.0
lcbgtgp,0.0
lcblgif,1.0
lccrujm,1.0
lcctdtp,0.0
lcczdvp,1.0
lcdnbck,1.0
lcdnfyv,1.0
lcdzuce,0.0
lcdzzij,0.0
lcedfkn,0.0
lceldaa,1.0
lceuvdq,1.0
lceyrqt,1.0
lcfmtat,1.0
lcfshuc,1.0
lcfvtgh,1.0
lcfxcsx,1.0
lcglluq,1.0
lcgymqv,1.0
lchjzrc,1.0
lchxkvb,0.0
lcibfjj,1.0
lciheqa,0.0
lcihwmi,1.0
lciwjio,1.0
lciwxed,1.0
lcjhbzj,0.0
lcjrrvy,0.0
lcjxtgu,1.0
lckmwkh,1.0
lcksfsa,0.0
lclddxg,0.0
lcljvsv,1.0
lcloagp,1.0
lclomaf,0.0
lcltjse,1.0
lclwkpn,1.0
lclxtao,1.0
lclysob,0.0
lcmfdkl,1.0
lcmkvub,1.0
lcmnxvd,1.0
lcmtdjy,0.0
lcmttkh,1.0
lcmxowc,1.0
lcnfeez,1.0
lcnqgum,1.0
lcntpum,1.0
lcoazvw,1.0
lcojzyd,1.0
lcolhek,0.0
lcozqcj,1.0
lcpevzc,0.0
lcphdos,0.0
lcpocyv,0.0
lcpziyr,1.0
lcqbipf,1.0
lcqfnff,1.0
lcqmeuh,1.0
lcqmpgz,1.0
lcqowhb,0.0
lcqunbb,1.0
lcrlucs,1.0
lcrqsoa,1.0
lcrzyti,1.0
lcsiaiv,0.0
lctlhbd,0.0
lctmpfz,1.0
lcttcua,0.0
lcukyye,0.0
lcurbln,0.0
lcvgubs,0.0
lcvmjce,0.0
lcvnzxb,1.0
lcvormq,0.0
lcvwzai,1.0
lcwbtgu,1.0
lcxeoud,1.0
lcyaroz,0.0
lcyniwi,1.0
lcywisu,1.0
lcyybpm,1.0
lcyylia,1.0
lczcerd,1.0
lczgawr,1.0
lczjopn,1.0
lczsugm,1.0
ldanovq,1.0
ldatugs,1.0
ldaxftr,1.0
ldbblgf,1.0
ldbipmu,1.0
ldbpskk,0.0
ldbsgbv,1.0
ldbskzn,1.0
ldccjlv,0.0
ldccqnq,1.0
ldcexnx,0.0
ldcmqpn,1.0
lddfkxx,1.0
lddkgcs,1.0
lddrzhd,1.0
lddvioq,1.0
lddzdqu,0.0
ldedhfg,1.0
ldeinty,1.0
ldesrbt,1.0
ldetiep,1.0
ldeympr,1.0
ldeyqfb,0.0
ldfeked,1.0
ldflphf,1.0
ldfzxjt,0.0
ldgkchi,1.0
ldgmmbp,1.0
ldgxcbc,1.0
ldgyugg,0.0
ldhckhz,1.0
ldhhknf,1.0
ldhivin,1.0
ldhmdtn,1.0
ldhndhj,1.0
ldhnoyh,1.0
ldhpgbn,1.0
ldhydlp,1.0
ldibpwv,0.0
ldiicwd,0.0
ldixvno,0.0
ldjgeey,1.0
ldjlbwl,0.0
ldjofjn,0.0
ldkdkoa,0.0
ldklgqw,1.0
ldktlwh,0.0
ldkvqpu,1.0
ldlcjdh,1.0
ldlespa,1.0
ldlfewk,1.0
ldlfilt,1.0
ldlskgd,1.0
ldlykkk,0.0
ldmgoaj,1.0
ldnbwzv,0.0
ldnjbtx,1.0
ldnjvaq,0.0
ldnncpm,1.0
ldooelm,1.0
ldoygiw,1.0
ldoyjhs,1.0
ldoykar,1.0
ldpahpl,0.0
ldpmnfd,1.0
ldptopu,1.0
ldpyjod,1.0
ldqcunj,1.0
ldqibbr,1.0
ldqpgmw,1.0
ldqquji,1.0
ldqqvwc,0.0
ldqshkp,1.0
ldqttyl,1.0
ldqucdh,1.0
ldqyuqh,1.0
ldqzvaa,1.0
ldrciit,1.0
ldresbi,1.0
ldrfqtr,1.0
ldrgvcd,1.0
ldrkejt,0.0
ldrknye,0.0
ldrkuzc,0.0
ldrlvlk,0.0
ldrmxec,1.0
ldrsrxk,1.0
ldsakws,0.0
ldslvbq,0.0
ldsvegw,1.0
ldsweho,0.0
ldswxdk,1.0
ldswyif,0.0
ldtjutd,0.0
ldtklas,1.0
ldtsbgl,1.0
ldtumar,1.0
lduikqw,1.0
ldukygg,0.0
lduofif,1.0
ldurekh,1.0
lduwdif,0.0
ldvhajy,1.0
ldvhsen,1.0
ldvovcy,0.0
ldwbpve,1.0
ldwhohz,0.0
ldwnvst,0.0
ldwxalo,1.0
ldxcibb,1.0
ldxdhhd,1.0
ldxfpbv,0.0
ldxmdwi,0.0
ldxqknj,0.0
ldyamqn,1.0
ldyfybm,1.0
ldzdshp,1.0
ldzgjib,0.0
ldzilvf,1.0
ldzqyka,1.0
ldzraxr,1.0
leavnpi,1.0
lebfvwt,0.0
lebiitg,1.0
lebpepg,1.0
lecdbfd,1.0
lecizvx,0.0
ledaqdx,1.0
ledfnwg,1.0
ledlziz,1.0
ledsuot,0.0
leekwju,0.0
leeqzlz,0.0
leestqm,1.0
leeuvun,0.0
lefodqc,1.0
lefqonk,1.0
lefyctf,0.0
lefzqnw,1.0
leghttf,1.0
legimoc,0.0
legsydz,1.0
legxhnn,0.0
legzhph,0.0
lehffgm,1.0
lehmpoj,0.0
leholvj,0.0
lehpxhs,0.0
lehvknn,0.0
leiggmx,0.0
leijqqm,0.0
leiscbb,1.0
lejnymy,1.0
lejnzda,1.0
lejtuit,1.0
lejyvzd,1.0
lekhbkb,0.0
lekhtso,1.0
lekmvox,1.0
leksaiv,0.0
lekwvjx,0.0
lelgjty,0.0
lelqgzn,0.0
lelsiaa,1.0
lemkuir,1.0
lemyyti,0.0
lenkpyb,1.0
lennmmi,1.0
lenynxn,1.0
leobnjo,1.0
leockkl,1.0
leogxsi,1.0
leoiwmc,1.0
leojrpi,0.0
leomiph,1.0
leonsjq,1.0
leoorho,0.0
leprlti,1.0
leqgmrb,1.0
leqjqus,1.0
leqvdeh,1.0
leqwrrq,0.0
leshxom,1.0
lesinil,1.0
lesjuob,1.0
lesjupu,1.0
lesqigi,0.0
lesxdis,1.0
lesyblv,0.0
letamtv,1.0
letitgd,1.0
letlmmn,1.0
letqhvg,1.0
leubebp,0.0
leujotx,1.0
leurqcs,0.0
leuuglg,1.0
levrvpu,1.0
lewaaje,0.0
lewpvug,1.0
lewsnxp,1.0
lewtzyl,1.0
lewvceq,1.0
lewvptc,1.0
lewxbjy,1.0
lexmosp,1.0
lexorfs,1.0
lexttlt,0.0
leyfxbq,1.0
leyiriu,0.0
leyqehj,0.0
lezbpxl,1.0
lezfdcy,0.0
leztpih,1.0
lezydir,0.0
lfafozv,1.0
lfaljhm,1.0
lfaoqnc,1.0
lfarhds,1.0
lfauyih,0.0
lfbemew,1.0
lfbmart,1.0
lfbmauk,1.0
lfcgpxc,1.0
lfcgvur,1.0
lfcjmiz,1.0
lfcplrg,1.0
lfcxohn,1.0
lfdipci,0.0
lfdohub,1.0
lfdrkwe,0.0
lfdrorc,1.0
lfecyik,1.0
lfejoaw,1.0
lffewho,1.0
lffhfpz,0.0
lffzhtx,0.0
lfgdysq,1.0
lfggsal,1.0
lfgjdif,1.0
lfgoixn,0.0
lfgxmsw,1.0
lfhctlf,1.0
lfheelk,1.0
lfhfkai,0.0
lfhjcav,1.0
lfhjpuz,1.0
lfhsxpf,0.0
lfhtkbv,1.0
lfhvjin,0.0
lfisvol,1.0
lfizfsl,0.0
lfjaion,0.0
lfjfuil,1.0
lfjrakf,1.0
lfjuklj,1.0
lfkhjjw,0.0
lfkiqfm,1.0
lflkfpb,1.0
lflmhbh,1.0
lflztnn,1.0
lfmcwqn,1.0
lfmlxud,1.0
lfmmgkd,1.0
lfmulyt,0.0
lfmuwji,0.0
lfnhldx,0.0
lfnikzo,1.0
lfnjaxf,1.0
lfnohsm,1.0
lfnpbpi,1.0
lfnqqpd,0.0
lfnrdga,1.0
lfnrffl,0.0
lfnuubi,1.0
lfohiit,1.0
lfopxug,0.0
lfoqaks,1.0
lfotrxr,0.0
lfoufry,1.0
lfowkap,0.0
lfpeheo,1.0
lfpnyof,1.0
lfqfpca,0.0
lfqhwqi,0.0
lfqlldx,1.0
lfqlphc,1.0
lfqpncp,1.0
lfqxorc,1.0
lfqzgrf,0.0
lfrfbrp,0.0
lfrihpq,0.0
lfryxco,1.0
lfrzgsh,0.0
lfsntgz,0.0
lfsnvkq,1.0
lfsuqsl,1.0
lfsxkjo,1.0
lftjmut,1.0
lftociq,1.0
lfttfjz,1.0
lfuenwx,1.0
lfufzoh,1.0
lfveizd,0.0
lfvrsls,1.0
lfvugsp,0.0
lfwvxen,0.0
lfxbcjo,1.0
lfxgpfc,1.0
lfxobuc,0.0
lfxokey,0.0
lfxtpmz,0.0
lfxxhrf,1.0
lfyjxox,1.0
lfyovob,0.0
lfypwjb,1.0
lfytxjo,0.0
lfyuaeb,1.0
lfyunep,1.0
lfzbbvz,1.0
lfzcovu,1.0
lfzgvgh,1.0
lfzjxex,1.0
lfzwamq,0.0
lgaqznz,1.0
lgawuxe,1.0
lgaximx,1.0
lgazkso,0.0
lgbjbhu,1.0
lgbwfzu,1.0
lgcbkru,1.0
lgceuti,1.0
lgchxse,1.0
lgcirlk,1.0
lgctnjo,0.0
lgcwogt,1.0
lgdfzxq,1.0
lgdjvkw,1.0
lgdskpz,1.0
lgdvrpo,0.0
lgdxiyg,1.0
lgebwjo,0.0
lgegoup,1.0
lgegsfa,0.0
lgenmun,1.0
lgfmiax,1.0
lgfombk,0.0
lgfvwdt,0.0
lgfxbiy,0.0
lggiovo,0.0
lggkmul,1.0
lggorjc,1.0
lggtetl,1.0
lgguytq,1.0
lghhbcc,1.0
lghibbt,1.0
lghiklp,1.0
lghnaxu,0.0
lgiftee,1.0
lgilnct,1.0
lgioagm,0.0
lgiyevx,1.0
lgjahzp,0.0
lgkgnne,0.0
lgklvef,1.0
lgktcxw,1.0
lgllafx,1.0
lgllool,0.0
lgltkiw,1.0
lgmfghp,0.0
lgmhawx,1.0
lgmnuge,1.0
lgmyjpr,1.0
lgnbnud,1.0
lgnbojg,0.0
lgncqgf,1.0
lgneftf,1.0
lgoaher,0.0
lgogkdf,1.0
lgomxdn,1.0
lgopofh,1.0
lgpggqo,1.0
lgpkqhk,1.0
lgpotta,0.0
lgpssnq,1.0
lgptakh,1.0
lgpveee,0.0
lgpveol,1.0
lgpxnrt,1.0
lgqbtrb,0.0
lgqsdso,0.0
lgqvlff,0.0
lgqvznb,1.0
lgrgbxl,1.0
lgstntg,0.0
lgsxmtm,1.0
lgthsfu,1.0
lgtqmli,1.0
lgtttam,1.0
lgtucky,1.0
lgtulqj,0.0
lgtxgfr,0.0
lgudgwf,0.0
lgulyxj,0.0
lgutfne,0.0
lguvtog,1.0
lguwliv,0.0
lgvajvg,0.0
lgveauq,1.0
lgvojjp,1.0
lgwancd,1.0
lgwbzsi,1.0
lgxeuhs,1.0
lgxnxmd,1.0
lgxvevg,0.0
lgyrpyi,1.0
lgzeplv,0.0
lgzhhor,1.0
lgzkrju,1.0
lgzniex,1.0
lgznpxq,0.0
lhakkbp,1.0
lhaxbpr,1.0
lhbjrhl,1.0
lhbkkrt,1.0
lhbmgiv,1.0
lhbzihd,1.0
lhchavp,0.0
lhcjlzs,1.0
lhdgnjg,1.0
lhebnyw,1.0
lhecdjp,0.0
lhenemy,0.0
lhewdby,1.0
lhfdhyt,1.0
lhfjqvb,1.0
lhfrocr,1.0
lhfxpsd,1.0
lhfyjdn,1.0
lhgbxxt,1.0
lhggjes,1.0
lhggkyu,1.0
lhghmig,0.0
lhgogfr,1.0
lhgsrje,1.0
lhgxfbz,1.0
lhhhclm,1.0
lhhxtrl,1.0
lhikhdr,1.0
lhiqjqw,1.0
lhjhers,1.0
lhjingm,1.0
lhjvvet,1.0
lhkgaos,0.0
lhkgyno,1.0
lhkhpxx,1.0
lhksbpu,1.0
lhlhsxh,1.0
lhljxxx,0.0
lhljypg,1.0
lhlmuwd,1.0
lhlpztg,1.0
lhlqdes,1.0
lhmisqc,1.0
lhmznse,0.0
lhnqnhu,0.0
lhnvrmj,0.0
lhnzuuj,0.0
lhobdia,0.0
lhocbso,0.0
lhodtea,1.0
lhoutnw,1.0
lhovgfu,1.0
lhpgipx,1.0
lhpgvya,1.0
lhpnvcv,1.0
lhpocfr,0.0
lhqdwld,1.0
lhqijmj,0.0
lhqlkkf,0.0
lhqlqiy,1.0
lhqrusn,1.0
lhqvcyq,0.0
lhrgder,1.0
lhryjhb,1.0
lhscfov,1.0
lhsehkh,1.0
lhshvsc,1.0
lhskhpw,0.0
lhswacz,1.0
lhtpgxw,1.0
lhtwkmh,1.0
lhuzzkm,1.0
lhvdhlo,1.0
lhvlzcx,1.0
lhvnnaf,1.0
lhvrxts,0.0
lhvtevc,1.0
lhwizkj,0.0
lhxasfu,0.0
lhxfpny,0.0
lhxjusk,1.0
lhxmagx,1.0
lhycfjq,0.0
lhyfufj,1.0
lhyique,0.0
lhymote,1.0
lhyrzmg,0.0
lhyzfwy,1.0
lhzdmqb,0.0
lhzsvzk,0.0
lhzwgye,1.0
liaaoba,0.0
liaidyz,1.0
lialpzo,0.0
liaoyze,1.0
liayweu,1.0
liazika,0.0
libhcrd,1.0
libhjcl,1.0
libwcnw,1.0
liclzdy,0.0
licsjny,1.0
licstut,0.0
lidesbn,1.0
lidfgkb,0.0
lidhtlb,0.0
lidsgib,0.0
lieliqh,1.0
liestma,1.0
lievzsp,0.0
lifepdl,0.0
lifewvj,1.0
lifntii,1.0
lifrurz,1.0
liftprc,1.0
ligajlk,1.0
lignkml,1.0
ligrxrm,0.0
ligynsp,0.0
ligynyt,1.0
lihnusn,1.0
liixtjt,0.0
liizkuw,1.0
lijouti,1.0
lijzvwi,1.0
likasde,1.0
likctwe,1.0
likiwzq,1.0
likwhfu,0.0
lilcvlq,0.0
liledar,1.0
lillaej,1.0
limczso,1.0
limdtxk,1.0
limelnh,1.0
limujdl,1.0
limvvjo,1.0
linmfmk,1.0
linxfgt,1.0
linxgru,0.0
liocebo,1.0
liodlsr,1.0
lioqcuf,1.0
liovqis,1.0
liprmmc,1.0
lipsbxk,1.0
lipvwuz,1.0
liqwxau,1.0
lirgnhq,1.0
lirhuje,1.0
lirlyns,1.0
lirmenz,1.0
lirmqia,0.0
lirnlve,0.0
lirqlyd,0.0
lirszwb,0.0
lirtvae,1.0
lirzoxo,1.0
liscyad,1.0
lisrvyn,1.0
litctkv,1.0
litjeop,1.0
litnxkn,1.0
litosyz,1.0
litsnvp,0.0
litukyp,1.0
litwpfg,1.0
litxupo,1.0
liuwgvx,0.0
livjwgl,1.0
livkeqa,0.0
livqbko,1.0
livrxov,1.0
livtotq,0.0
livvonm,0.0
liwfsew,1.0
liwrotk,1.0
liwsycw,0.0
liwuocd,1.0
liwupvl,1.0
liwwjys,0.0
liwxigm,1.0
liycrhj,0.0
liykavn,0.0
liyztqe,1.0
lizebna,0.0
lizeegq,1.0
lizpqcy,1.0
lizwurl,1.0
lizwzqy,1.0
ljapopo,1.0
ljbelbm,1.0
ljcqkyw,0.0
ljcrmjl,0.0
ljcvmkd,1.0
ljdekxq,1.0
ljdfwmf,1.0
ljdpwni,1.0
ljentyf,1.0
ljeqekq,1.0
ljfchnr,0.0
ljfguaa,1.0
ljfnbfq,0.0
ljfznqf,1.0
ljgabai,0.0
ljgqzue,1.0
ljgvhse,0.0
ljgykaa,1.0
ljhcqqh,1.0
ljhgtfg,1.0
ljhxqjc,1.0
ljinkpf,1.0
ljisfhu,0.0
ljjatxs,1.0
ljkipag,1.0
ljkteqw,1.0
ljkzyfk,1.0
ljlnofb,1.0
ljltaio,1.0
ljmukke,1.0
ljmuynz,1.0
ljncyks,1.0
ljnkgqd,1.0
ljnlicl,0.0
ljnossy,0.0
ljocdhn,0.0
ljocvko,1.0
ljoedcw,1.0
ljopwmo,0.0
ljpevbv,0.0
ljpghwh,1.0
ljpzcwz,1.0
ljqksso,0.0
ljqljsi,1.0
ljrdebn,1.0
ljropds,0.0
ljrpfwe,1.0
ljsrlec,1.0
ljstndk,1.0
ljtavyw,0.0
ljtkpvr,1.0
ljtkqrr,1.0
ljtmolm,1.0
ljtzktb,0.0
ljucrqt,0.0
ljuifzf,1.0
ljunfzs,1.0
ljuonvj,0.0
ljurqqs,0.0
ljuzdmm,1.0
ljvoixm,1.0
ljvutxq,0.0
ljvwwwh,1.0
ljwdupo,0.0
ljwevtd,0.0
ljwjuqs,1.0
ljwlrwk,1.0
ljwmelx,1.0
ljwrczv,0.0
ljwxfnq,1.0
ljxdrcl,1.0
ljxlaxu,1.0
ljxnfuw,1.0
ljxnlcq,1.0
ljxques,0.0
ljxtosk,1.0
ljxxzoc,1.0
ljyrisc,0.0
ljzgofh,0.0
ljzkyfl,0.0
ljznrub,1.0
ljzorqf,1.0
ljzvwuo,0.0
ljzwjak,1.0
ljzwnwo,0.0
lkaasfl,0.0
lkablns,1.0
lkagsij,0.0
lkavxbe,1.0
lkbkqbg,1.0
lkbpisw,1.0
lkbsxle,1.0
lkdchgm,0.0
lkdnlij,0.0
lkduciz,1.0
lkduyru,1.0
lkdzdly,0.0
lkdzuqb,0.0
lkedlyf,1.0
lkekuum,1.0
lkfnswl,0.0
lkfofzk,1.0
lkfqxpv,1.0
lkgfsfp,0.0
lkggasp,1.0
lkgqqhw,1.0
lkgzqyw,1.0
lkhlxbl,0.0
lkhsxsh,1.0
lkhyihm,0.0
lkhzhzi,1.0
lkinhiy,1.0
lkiymxt,0.0
lkizpeh,1.0
lkjldrd,1.0
lkjnazx,1.0
lkjrmxg,1.0
lkjsimu,1.0
lkjujnb,1.0
lkkwiru,1.0
lklsfcx,1.0
lkmlfcz,1.0
lkmmgma,1.0
lkmxgqq,1.0
lkoboqd,0.0
lkopvxy,1.0
lkoufqs,1.0
lkoybpn,1.0
lkqclcs,1.0
lkqdcua,1.0
lkqfcrd,0.0
lkqgvqo,0.0
lkqmldn,0.0
lkqyaog,0.0
lksbrsb,0.0
lkschee,1.0
lksfrre,1.0
lksmpax,1.0
lksvjky,1.0
lksyuem,1.0
lkszxhl,0.0
lktqesa,1.0
lktvgwz,1.0
lkucwxp,1.0
lkufcyx,1.0
lkujpzq,1.0
lkvbfjk,1.0
lkvlola,1.0
lkvnuer,1.0
lkwmxgp,0.0
lkwsewm,1.0
lkxocqe,1.0
lkxuypi,0.0
lkycxcy,1.0
lkyhhtt,1.0
lkykrhi,1.0
lkymaqi,1.0
lkymspu,1.0
lkywbjy,0.0
lkzdkoh,0.0
lkzimrs,1.0
lkzjnub,1.0
lkzmuoh,0.0
lkzsfrd,1.0
lkzsuvs,0.0
llahhbf,0.0
llamrew,1.0
llayobk,1.0
llblfpe,1.0
llboomm,1.0
llbtccx,0.0
llbvnvz,0.0
llbzark,1.0
llcbsii,1.0
llccwxx,1.0
llcqlsf,0.0
llczlli,1.0
lldbpzb,1.0
lldsqqx,1.0
lldzalp,0.0
lldzypn,1.0
llemmol,1.0
llerxgq,1.0
llesrpv,1.0
llfmbbw,1.0
llfmlqt,0.0
llfwpvk,1.0
llgjrkm,1.0
llgmdqt,0.0
llgwboh,1.0
llhnten,1.0
lljlbbp,1.0
lljqsmh,1.0
lljrzia,0.0
llkmnis,1.0
llkojzd,1.0
llkpaqv,1.0
llkpeeb,1.0
llktass,0.0
llliyfv,1.0
lllpzmt,0.0
lllqezm,0.0
lllsber,1.0
lllwrzn,0.0
llmcvbk,0.0
llmhzpq,1.0
llmoupq,0.0
llmpslu,1.0
llmxoeg,1.0
llmzvhp,1.0
llncxdn,1.0
llnqjqj,0.0
llntcrm,1.0
llnxilj,1.0
llocqku,1.0
llopdbe,1.0
llpgpje,1.0
llpguhm,1.0
llpjabc,1.0
llpjcvp,1.0
llpmqof,1.0
llpwpwu,1.0
llqgvdu,1.0
llqibpn,1.0
llqllhn,0.0
llqnqmo,1.0
llqrjdm,0.0
llragnq,1.0
llrdrfp,1.0
llrlrsd,0.0
llsbyvp,1.0
llsdbiy,1.0
llseizv,1.0
llszrci,0.0
llticsi,1.0
llubacf,1.0
llubocl,0.0
lluiarx,1.0
lluorpn,0.0
llurkls,0.0
llvazhh,1.0
llvhjgn,1.0
llvphmk,0.0
llwbpmi,1.0
llwjaoi,0.0
llwtioa,1.0
llwwynz,0.0
llxiofb,0.0
llxohyw,1.0
llxziok,1.0
llyedah,1.0
llygbog,1.0
llyhrcv,0.0
llympri,1.0
llypjlu,1.0
llyxjlb,1.0
llyxlug,0.0
llyybax,1.0
llzdvnl,1.0
llzlywz,1.0
llzmqip,1.0
llztstq,0.0
llzwxxe,0.0
lmagsjd,0.0
lmaumjm,1.0
lmaurtw,1.0
lmbckdp,1.0
lmbgeli,0.0
lmbhdnb,1.0
lmbhxpx,1.0
lmbmibg,1.0
lmciuom,1.0
lmcnkpn,0.0
lmcsvei,1.0
lmcxbcj,1.0
lmcxtrf,0.0
lmdpbgr,1.0
lmecaak,1.0
lmembjs,1.0
lmfagva,1.0
lmflapo,0.0
lmflayh,1.0
lmftvnx,1.0
lmfuoyq,0.0
lmfzayo,0.0
lmgsmsr,0.0
lmgzvdv,1.0
lmhnarj,1.0
lmhuigk,1.0
lmhznpc,1.0
lmiqanq,0.0
lmiqqcc,0.0
lmiquro,1.0
lmitsvv,1.0
lmiupep,1.0
lmixjsu,1.0
lmjaihx,1.0
lmjjzta,1.0
lmjvxju,1.0
lmjxslj,1.0
lmkkpyq,1.0
lmkohmj,0.0
lmkubdl,0.0
lmkxgtr,0.0
lmlgazy,1.0
lmlqzyl,0.0
lmlrpry,1.0
lmlteil,1.0
lmlxejp,0.0
lmmbulh,0.0
lmmlpyc,0.0
lmmoeqg,1.0
lmmohic,1.0
lmmonnv,0.0
lmmyaxb,1.0
lmnnlyw,1.0
lmnvhsm,1.0
lmnzvjc,1.0
lmojugy,1.0
lmowgdy,1.0
lmpfiif,0.0
lmqrhaw,0.0
lmquhpg,1.0
lmrgonw,1.0
lmrivyp,0.0
lmrpwaj,0.0
lmrwach,1.0
lmsjprn,1.0
lmskwbs,0.0
lmsmgbl,0.0
lmsmxal,1.0
lmtatvy,0.0
lmtzvqg,1.0
lmufahf,1.0
lmuilir,1.0
lmujhye,1.0
lmuqroe,0.0
lmuxflo,1.0
lmvcevi,1.0
lmvctjr,1.0
lmvtakx,1.0
lmwhhrj,1.0
lmwjpdy,1.0
lmwsjem,1.0
lmwvgjm,1.0
lmxfxue,1.0
lmxlkjq,1.0
lmxmbtq,1.0
lmxwafb,1.0
lmyagbg,1.0
lmzlfxi,1.0
lmzowjj,0.0
lmzubic,0.0
lmzzhsy,1.0
lnainhp,1.0
lnazpkn,1.0
lnbhdrh,1.0
lnbqfuj,0.0
lncarjo,1.0
lncglyb,0.0
lnckqvy,1.0
lncrjgi,1.0
lncwcdu,1.0
lndfzsw,1.0
lndmgpv,1.0
lndrcjb,1.0
lnebjei,0.0
lneietd,1.0
lnenbyn,1.0
lneojgq,0.0
lnferkk,1.0
lnfhgze,1.0
lnfmdfu,0.0
lngfepg,1.0
lngiksv,1.0
lngwseq,1.0
lngzdwt,1.0
lnhuynu,1.0
lnifvkv,1.0
lnigzev,1.0
lnislxl,1.0
lnisvcx,1.0
lniypsl,1.0
lnizszs,1.0
lnjintn,1.0
lnjnild,0.0
lnkdefd,1.0
lnkfpjb,0.0
lnkgixr,1.0
lnkiukn,0.0
lnklhiy,1.0
lnklizb,1.0
lnkoryq,1.0
lnktndc,0.0
lnlkkzb,0.0
lnlyizo,0.0
lnmazcu,0.0
lnmqhmy,1.0
lnmsiko,1.0
lnnjomt,1.0
lnnwaub,0.0
lnnyxyc,0.0
lnoumxj,1.0
lnpaeex,1.0
lnpcere,1.0
lnpcyvv,1.0
lnpnpvi,1.0
lnprqjv,1.0
lnpuzao,1.0
lnqjfpt,0.0
lnqlcfh,1.0
lnqnzix,1.0
lnrgitq,0.0
lnrixts,1.0
lnrldfa,1.0
lnrwqey,1.0
lnrxxdm,1.0
lnsoxwy,1.0
lnstugf,1.0
lnszoez,0.0
lntcmkg,1.0
lntlkij,0.0
lntusgp,0.0
lnumlmp,1.0
lnuoxuk,1.0
lnuuzor,0.0
lnuvewu,1.0
lnuxvkb,0.0
lnvogvp,1.0
lnwbcbu,0.0
lnwdacd,1.0
lnwheko,1.0
lnwnsek,1.0
lnwrqje,0.0
lnxaqgl,0.0
lnxesgm,1.0
lnxhvuc,1.0
lnxkftk,1.0
lnxohhf,1.0
lnxtiuv,0.0
lnxuxgw,1.0
lnxzoxp,1.0
lnyhszk,1.0
lnylvqb,1.0
lnyvzff,1.0
lnzarvj,1.0
lnzfqum,1.0
lnzymju,1.0
loaazbb,1.0
loapreh,1.0
loavtpa,0.0
lobwpqf,1.0
locionc,0.0
lockkmd,1.0
locykhr,1.0
lodbcgj,1.0
lodcozk,1.0
lodildg,0.0
lodpsmg,1.0
lodswqd,1.0
lodwnyz,1.0
loefkup,0.0
loemkab,1.0
loewcpw,1.0
lofedor,0.0
lofhwit,1.0
lofwsbu,0.0
logbovo,1.0
logcjhz,1.0
logqydm,1.0
logstbl,1.0
lohiuut,1.0
lohnseb,1.0
lohpaxa,1.0
lohqveu,1.0
loiaqlm,1.0
loidvfc,0.0
loinruf,1.0
loiywem,1.0
lojaltn,1.0
lojcauc,0.0
lojsctx,1.0
lojxcus,1.0
lojylmg,1.0
lokkqgb,1.0
loklalr,1.0
lokoofk,1.0
lokrxsn,0.0
lokshmk,1.0
lomdozg,1.0
lomentq,1.0
lommteg,1.0
lomtqxt,0.0
lomyhxx,1.0
lonlozo,1.0
lonzqyl,1.0
looapav,1.0
loobvwy,1.0
loofkch,1.0
loomfvk,1.0
lopbqyr,0.0
lopdljk,1.0
lopjdrm,0.0
lopmzho,1.0
loqcmsp,1.0
loqgmfe,1.0
loqjfbo,0.0
loqskkd,1.0
lormswi,1.0
loroldl,1.0
lorpfxh,0.0
lorqoaq,0.0
lorwkeb,1.0
lorwsef,1.0
lorxwxr,1.0
losduer,1.0
loseauq,1.0
losiexi,1.0
losqmyf,1.0
lotbnfe,1.0
lottsrc,1.0
louftya,1.0
louimew,1.0
louliji,0.0
louxbgx,1.0
lovbkkc,0.0
lovhmnj,1.0
lovtoze,0.0
lovuhqc,0.0
lowgopi,1.0
lowoavq,1.0
lowptzz,0.0
lowymgz,1.0
loxabuk,1.0
loxcacf,1.0
loxwikq,1.0
loyddjp,1.0
loyhecz,0.0
loylugk,0.0
loynjjt,0.0
loyquqa,1.0
loyzgha,1.0
lozajsl,0.0
lozfjpo,1.0
lozpnvz,1.0
loztmrb,1.0
lozyoeo,1.0
lozytxz,0.0
lpbfsgw,1.0
lpbgzti,1.0
lpbpebf,1.0
lpbpklf,0.0
lpbqpdn,0.0
lpbrijb,1.0
lpcacvi,1.0
lpcbgnf,1.0
lpdlure,1.0
lpdvrkd,1.0
lpdwoeg,1.0
lpdymbf,0.0
lpdyvkw,1.0
lpeclmd,1.0
lpeluwb,0.0
lpeokpm,0.0
lpepbzf,0.0
lpesflj,0.0
lpffwac,1.0
lpfjrqt,0.0
lpfrssc,1.0
lpfykeq,0.0
lpfzktr,1.0
lpgdrdz,1.0
lpgeuzh,1.0
lpgflqn,0.0
lpghdxv,1.0
lpgoffx,1.0
lpgwanj,1.0
lpgxbon,1.0
lphehmz,1.0
lphmevl,1.0
lphrgey,1.0
lpigauh,1.0
lpimifv,1.0
lpiofbn,0.0
lpiwrsl,1.0
lpiwssu,0.0
lpjrkhx,1.0
lpjwzzl,0.0
lpkfamj,1.0
lpkqxrn,1.0
lplnyyz,1.0
lpmjowy,0.0
lpmmowe,0.0
lpmmzjd,1.0
lpmxtjm,1.0
lpmyuue,1.0
lpncthu,1.0
lpnfcwz,0.0
lpnkzvj,0.0
lpnnole,1.0
lpnvfzp,1.0
lpoehto,1.0
lpokhst,0.0
lponqmp,1.0
lporzww,1.0
lppdusg,1.0
lppewkk,1.0
lpppsnm,0.0
lpqavcs,1.0
lpqddkb,1.0
lpqezko,1.0
lpqfgsq,1.0
lpqnpom,1.0
lpqpmfv,1.0
lprbbzq,1.0
lprdiel,0.0
lprfcsk,1.0
lprrrus,1.0
lprshvs,1.0
lprybsu,1.0
lpsijhh,1.0
lpsjwur,1.0
lpsmuuf,1.0
lpstrcm,1.0
lptckxj,0.0
lptqipg,1.0
lpufhfo,1.0
lpunwqx,1.0
lpurngp,1.0
lpvcyjb,1.0
lpvdhhe,1.0
lpwokpc,0.0
lpwzhyq,0.0
lpxcxvk,1.0
lpxfzdz,1.0
lpxigrp,1.0
lpxpgjq,0.0
lpxygec,1.0
lpyfrph,1.0
lpyhrfy,1.0
lpynhxj,1.0
lpypibf,1.0
lpywhbj,0.0
lpzbwmf,0.0
lpzkudl,0.0
lpztlvb,1.0
lpzuhze,1.0
lpzyfmh,1.0
lqaeyut,0.0
lqamerz,0.0
lqazjqh,1.0
lqbbxch,1.0
lqbmxhj,1.0
lqbrhuf,1.0
lqbsjaz,0.0
lqbtoif,1.0
lqccigu,1.0
lqcravz,1.0
lqcrjth,0.0
lqcuydy,1.0
lqdlkts,1.0
lqdtmxw,1.0
lqdxdka,1.0
lqdxzvy,1.0
lqeimnp,0.0
lqeomup,0.0
lqfgbte,1.0
lqfsxno,0.0
lqftikf,0.0
lqgfhfh,1.0
lqglybq,1.0
lqgmtze,1.0
lqgqhjk,0.0
lqgqskd,1.0
lqgrbjr,1.0
lqgrihk,1.0
lqhawny,1.0
lqhbjdb,1.0
lqheptx,1.0
lqhhryv,0.0
lqhicrh,1.0
lqhkgxb,0.0
lqhwiqj,0.0
lqhyabe,1.0
lqidvzj,1.0
lqisyte,0.0
lqiyuic,1.0
lqjawfr,1.0
lqjchyi,1.0
lqjdbcw,1.0
lqjhsjg,1.0
lqjtiah,1.0
lqjxptd,0.0
lqjxxyw,1.0
lqkgdpf,1.0
lqklubr,1.0
lqkpwvi,0.0
lqkqdnw,1.0
lqkwosz,1.0
lqlpxyh,1.0
lqltjht,1.0
lqlxncr,1.0
lqmcwuj,0.0
lqmiwhw,1.0
lqnkexc,0.0
lqnmnue,1.0
lqnopfe,0.0
lqnslrf,1.0
lqntdkc,1.0
lqntlbg,1.0
lqntwzg,1.0
lqnxbvy,1.0
lqovgff,1.0
lqpfiru,1.0
lqpgfma,0.0
lqpncye,1.0
lqpyfmb,0.0
lqqerjv,1.0
lqqsxht,0.0
lqqubis,1.0
lqrdjnd,0.0
lqrpckr,1.0
lqrzzaq,1.0
lqsozxm,0.0
lqtlset,1.0
lqtmuhn,1.0
lqtndfy,1.0
lqtnvli,0.0
lqtxqop,1.0
lqtzcwi,0.0
lqunedt,1.0
lquqzjl,1.0
lqusmgo,1.0
lquvmri,1.0
lquxifh,0.0
lqvdxst,1.0
lqvunut,0.0
lqwgart,0.0
lqwgkid,1.0
lqwgtbc,1.0
lqwimdp,1.0
lqwizzm,1.0
lqwmosm,0.0
lqwpleh,0.0
lqxeqza,1.0
lqxldtg,1.0
lqxrxrw,1.0
lqxwnix,1.0
lqyxnei,0.0
lqzeopz,1.0
lqziovv,0.0
lqzvtmy,0.0
lqzwygi,0.0
lqzxkxg,1.0
lracizl,1.0
lraenvj,1.0
lraiojy,0.0
lrawwsw,0.0
lrbnzmi,1.0
lrbqudb,0.0
lrckbnf,0.0
lrcmmja,1.0
lrcxdzg,1.0
lrdlrst,0.0
lrdshob,0.0
lreinxg,0.0
lremdve,0.0
lrewmcc,0.0
lrexfus,0.0
lrfkkow,1.0
lrfltan,0.0
lrfmhgc,0.0
lrfuukx,0.0
lrfypmw,1.0
lrgekke,1.0
lrgewan,1.0
lrgjcyv,1.0
lrgndtb,1.0
lrgryrr,1.0
lrhifzq,1.0
lrhlemv,1.0
lriubxa,1.0
lrjuyag,1.0
lrjymfr,0.0
lrkhttf,1.0
lrkjpge,0.0
lrktwvu,1.0
lrlocmm,1.0
lrlpbdv,0.0
lrluvuz,0.0
lrlxllv,1.0
lrmarih,1.0
lrmhpzv,0.0
lrmpmvw,1.0
lrmrwot,1.0
lrnhnmu,1.0
lrobinm,1.0
lroeonf,1.0
lroiwxq,1.0
lrojxas,1.0
lroodud,1.0
lropgra,1.0
lrosede,1.0
lrpwfij,1.0
lrqlmat,1.0
lrqutpy,1.0
lrrbapa,1.0
lrrehuk,1.0
lrriige,1.0
lrrvksx,1.0
lrrxgkc,0.0
lrsgjcv,1.0
lrsuuqo,1.0
lrswsal,1.0
lrtbyxt,0.0
lrthixi,0.0
lrtngua,0.0
lrtvzkb,0.0
lrtxcid,1.0
lrujrjn,0.0
lrupmoa,1.0
lruzolz,1.0
lrvcnxy,0.0
lrvhagi,1.0
lrvkzre,0.0
lrvngni,0.0
lrvnzvr,1.0
lrvxvwt,1.0
lrwqlld,1.0
lrwtvhm,1.0
lrwzswf,1.0
lrxwbhx,0.0
lrxzbew,1.0
lryaivo,1.0
lrybapc,1.0
lryimgm,1.0
lryiran,1.0
lrymznx,1.0
lrywxho,0.0
lrzgfku,1.0
lrzhmrb,1.0
lrzmmnt,0.0
lrzsvlh,1.0
lrzxawg,0.0
lrzxxix,1.0
lsarvkn,1.0
lsbjjxh,1.0
lsbknnp,1.0
lsbmoer,1.0
lsbqlfn,1.0
lscizup,1.0
lscufim,1.0
lsdfytu,1.0
lsdjroo,0.0
lsdldrs,0.0
lsdodeg,1.0
lsdwxaa,0.0
lsdwyfo,0.0
lsdylrc,1.0
lsdyplj,0.0
lsealkp,0.0
lseflgr,0.0
lsegyco,1.0
lsekwnd,0.0
lseopjx,1.0
lsfdgzp,1.0
lsfizob,1.0
lsfnmcf,0.0
lsgcknz,0.0
lsgfabi,0.0
lsgfksj,1.0
lsghqah,1.0
lsgwvcg,1.0
lshbxns,1.0
lshgqiv,1.0
lshjjmb,1.0
lshvljd,0.0
lshwygz,1.0
lshypti,1.0
lsicjrw,1.0
lsiewyj,1.0
lsifjmw,1.0
lsjasko,0.0
lsjdbzy,1.0
lsjqqtf,0.0
lsjyptl,1.0
lskdbpz,1.0
lskhduq,1.0
lskikfb,1.0
lslcfyd,1.0
lslfpus,1.0
lslgvor,1.0
lslvjuz,1.0
lsmgbmc,1.0
lsmnuha,1.0
lsmockj,1.0
lsngykj,1.0
lsntslb,1.0
lsocqei,1.0
lsogonv,1.0
lsogxyu,1.0
lsoncyy,1.0
lsopuzu,0.0
lsoqqni,1.0
lspairb,1.0
lspfxzl,1.0
lsphhwp,0.0
lsqcsqe,1.0
lsqnifw,1.0
lsqrwme,1.0
lsqslch,1.0
lsqurvj,1.0
lsrsird,1.0
lsrwsok,0.0
lssntoj,1.0
lssnxte,1.0
lstawic,1.0
lstgdcz,0.0
lstkflz,1.0
lstmcfh,1.0
lstxiej,1.0
lsuevhl,0.0
lsugqlb,1.0
lsulvup,1.0
lsunusy,1.0
lsurlwv,1.0
lsvobfo,1.0
lsvpszr,1.0
lsvywse,1.0
lsvzeph,1.0
lsvziwz,1.0
lswovik,1.0
lswvvzw,0.0
lswymar,1.0
lsxavvz,0.0
lsxnfln,1.0
lsxrvhx,0.0
lsxugbs,0.0
lsxvnyu,1.0
lsxzksv,1.0
lsybawy,1.0
lsyunbs,1.0
lszaagy,1.0
lszfjeb,1.0
lszhzts,1.0
lsznfse,1.0
ltafmzn,0.0
ltaodps,1.0
ltbhhtm,1.0
ltbiaig,0.0
ltbtglk,1.0
ltbupnf,0.0
ltcptez,1.0
ltcqhpx,1.0
ltctmic,1.0
ltdcknz,1.0
ltdicsr,0.0
lteazck,0.0
lteghah,0.0
ltekjqu,1.0
lteqyld,1.0
ltfjfuc,1.0
ltfqzuk,1.0
ltfsrxf,0.0
ltftnin,1.0
ltfxmqd,0.0
ltggego,1.0
ltgkbjs,1.0
ltgwtfa,1.0
lthnxxa,1.0
ltifbdc,0.0
ltiivro,1.0
ltimrps,0.0
ltirvxn,1.0
ltisonn,0.0
ltjvjwf,0.0
ltkjxzu,1.0
ltlndao,1.0
ltlojvg,1.0
ltlpywo,1.0
ltmwymr,1.0
ltnczdt,0.0
ltndrdr,1.0
ltngukr,0.0
ltnihtd,1.0
ltnitez,1.0
ltnrmam,1.0
ltnvypy,1.0
ltomfaj,1.0
ltoovyp,1.0
ltotizz,1.0
ltousjl,1.0
ltpcbgu,0.0
ltpddrp,1.0
ltplemm,1.0
ltpqqla,1.0
ltprxbh,1.0
ltpuuiw,0.0
ltpypfl,0.0
ltqemns,1.0
ltqgagu,0.0
ltqiprg,1.0
ltrdics,1.0
ltrjzkg,1.0
ltrungz,0.0
ltrzmyt,0.0
ltsnivx,0.0
ltsvkpo,1.0
ltszdvx,1.0
lttbshv,1.0
lttgfix,1.0
lttgkqa,1.0
lttndct,0.0
lttrrtp,1.0
lttvzdm,1.0
lttyzqc,1.0
ltubbva,1.0
ltuhosn,1.0
ltundiz,0.0
lturguv,1.0
ltvbphm,0.0
ltvghoa,1.0
ltvhhxa,0.0
ltvwwdp,1.0
ltvxgtu,1.0
ltvxndg,0.0
ltwbicp,1.0
ltwdfuu,1.0
ltwgkfb,0.0
ltwrasq,1.0
ltxgvde,1.0
ltxllyv,1.0
ltxvzhq,0.0
ltxxsjw,1.0
ltyehil,1.0
ltyekbc,0.0
ltyhnxp,1.0
ltyipnp,0.0
ltzdbna,1.0
ltzdoce,1.0
ltzfbor,1.0
ltzkuya,1.0
ltzqphi,0.0
luavuuo,1.0
luazohg,1.0
lubfblu,1.0
lubtnxf,1.0
lubuyzh,0.0
lucdink,1.0
lucirxe,1.0
lucwmij,1.0
lucyjzz,1.0
ludpymc,1.0
ludtqji,1.0
lueevec,0.0
luegxbk,1.0
lueiarc,0.0
lueicpd,0.0
lueklty,1.0
lueplxj,1.0
lufksfi,1.0
lufmhng,1.0
lufwots,1.0
lugewmq,1.0
lugilnj,1.0
lugqaty,0.0
lugusmt,1.0
lugxkll,0.0
luhdjrj,1.0
luhdjtn,1.0
luhfqds,1.0
luhodzc,1.0
luhoelz,1.0
luhtpfn,1.0
luhuocw,1.0
luhvous,1.0
luhwwae,1.0
luigvsr,1.0
luiieiw,1.0
luiktqy,0.0
luincvi,1.0
lujwvyc,1.0
lukupdm,1.0
lumaucp,1.0
lumfgdd,1.0
lumrxus,1.0
lundeiy,1.0
lungvlh,1.0
lunnfqa,1.0
lunrnei,1.0
luowpzm,1.0
lupczti,1.0
lupghsw,1.0
lupzwsu,1.0
luqigon,1.0
luquael,1.0
luqutie,1.0
luqzrpe,0.0
lurcrmj,1.0
lurgauk,0.0
lurhpxj,0.0
luruwiq,1.0
lurzwks,1.0
luskyxg,1.0
lusqpku,1.0
lusylbz,1.0
lutacec,1.0
lutlwqs,0.0
lutoqzk,1.0
luttgjv,1.0
lutupie,1.0
luuhygj,1.0
luuqexh,1.0
luuttwc,1.0
luvigbf,1.0
luvnuhw,1.0
luvojgz,1.0
luwxfpw,1.0
luwxmqs,1.0
luxjszn,1.0
luxnfag,1.0
luxrdof,0.0
luxsrfk,1.0
luxtrsm,1.0
luyhxgm,1.0
luynzsb,1.0
luysozo,1.0
luyvkub,1.0
luzdvys,0.0
luzevub,1.0
luzncmu,1.0
luzpvkc,1.0
luzsqez,1.0
lvaacbm,1.0
lvafzof,1.0
lvanmzk,1.0
lvasjlz,1.0
lvbaduo,1.0
lvbeswt,1.0
lvbplhk,1.0
lvbtyhs,0.0
lvbycao,1.0
lvcabql,1.0
lvcctyk,0.0
lvcinlz,1.0
lvczrjz,1.0
lvdkray,1.0
lvdstdt,1.0
lvduked,1.0
lveffqa,1.0
lvekxpg,1.0
lvekzwy,0.0
lvfmira,1.0
lvfzddc,1.0
lvgtrky,1.0
lvgygwv,0.0
lvgynxz,1.0
lvilrrr,1.0
lvingdt,1.0
lviphwq,1.0
lvitiyv,1.0
lviuhfj,1.0
lvivsom,1.0
lvizivn,1.0
lvjafuy,0.0
lvjjbik,0.0
lvjkrri,1.0
lvjtnvq,1.0
lvjudmw,1.0
lvkqmkk,0.0
lvkuwaq,1.0
lvleglf,0.0
lvllbdb,1.0
lvllbdn,0.0
lvlmnfh,1.0
lvmfbcq,1.0
lvmfiqm,1.0
lvmnzpk,1.0
lvmwmej,0.0
lvmxwlk,1.0
lvncmdr,1.0
lvnownw,0.0
lvnwokr,1.0
lvodvtx,1.0
lvojoqs,0.0
lvoovdx,0.0
lvoqfxa,1.0
lvozbbi,1.0
lvpcwzt,1.0
lvpeuzc,1.0
lvpguwr,1.0
lvpmnsr,1.0
lvpvokc,0.0
lvpwods,1.0
lvpxggi,0.0
lvqkosq,1.0
lvqxiaj,1.0
lvradji,1.0
lvrfptc,1.0
lvrkodx,0.0
lvrmosk,1.0
lvrpeek,1.0
lvrwwyi,1.0
lvsnphc,1.0
lvtgwes,0.0
lvtiinb,1.0
lvtkqcq,0.0
lvtvhkh,1.0
lvucezy,0.0
lvudcqm,1.0
lvvhpfp,0.0
lvvnnum,1.0
lvvsyps,1.0
lvvtujx,1.0
lvwilzs,1.0
lvwvazy,1.0
lvxmcwm,1.0
lvxrygk,1.0
lvyemcl,1.0
lvygqgs,1.0
lvymwrf,0.0
lvyukrg,1.0
lvzccgq,1.0
lvzlyge,1.0
lvzosbd,1.0
lvzrhmy,0.0
lvzvvxa,1.0
lwaluug,0.0
lwanvsr,0.0
lwawwna,1.0
lwazjmw,1.0
lwazlfv,1.0
lwbhvof,1.0
lwbiufd,1.0
lwbndnt,0.0
lwbqrid,1.0
lwbuqib,1.0
lwchsne,0.0
lwcpajb,0.0
lwcqmgs,0.0
lwdaiwk,0.0
lwdeavm,1.0
lwdnjfp,1.0
lwdokxj,0.0
lwdzjew,1.0
lwecfnv,0.0
lwedzcu,1.0
lweozsy,1.0
lwevyba,1.0
lwfcecz,0.0
lwfkueo,1.0
lwfmues,0.0
lwgctme,0.0
lwgctnx,1.0
lwgowne,0.0
lwgrxkt,1.0
lwgsfvg,1.0
lwgthfd,1.0
lwgycyn,1.0
lwhglis,1.0
lwhufvp,1.0
lwhwcrp,1.0
lwhybsx,1.0
lwhyjjv,1.0
lwiarkv,0.0
lwiceiy,1.0
lwindee,1.0
lwirwpm,0.0
lwixyqn,1.0
lwizlez,1.0
lwjovam,0.0
lwkqhqz,1.0
lwkrvls,0.0
lwlfylj,1.0
lwlsjgp,1.0
lwltlsw,0.0
lwlxapf,1.0
lwmbjmk,0.0
lwmpjrw,0.0
lwmsonm,1.0
lwmverq,0.0
lwmwoaf,0.0
lwnhqfo,1.0
lwnlfiq,1.0
lwnuykg,1.0
lwnxnes,1.0
lwnyskr,0.0
lwokizs,1.0
lwoqnfs,1.0
lwotmwe,1.0
lwpevfu,1.0
lwpkjpe,1.0
lwpwdrw,1.0
lwqafeg,1.0
lwqgoql,1.0
lwqiydf,0.0
lwqiyuz,1.0
lwqqnge,0.0
lwqqvxp,0.0
lwqzxox,1.0
lwrmrsc,1.0
lwrngrp,0.0
lwrxsjc,1.0
lwsbdbu,1.0
lwslcna,0.0
lwsrdko,1.0
lwtmadn,1.0
lwtomkl,1.0
lwtwpac,0.0
lwuaaho,1.0
lwufiws,1.0
lwulxwq,1.0
lwvbpot,1.0
lwvbxau,1.0
lwvccbb,1.0
lwvdmvi,1.0
lwvdzoj,1.0
lwvivxk,0.0
lwvkhbq,1.0
lwvmofu,1.0
lwvnjpf,1.0
lwvnpfu,1.0
lwvstkn,1.0
lwvtewa,1.0
lwwswej,1.0
lwxbrro,0.0
lwximyz,1.0
lwxohdd,1.0
lwxolbv,1.0
lwxpsdj,1.0
lwxxcab,1.0
lwygdfl,1.0
lwyople,1.0
lwzbngd,1.0
lwzdjsk,1.0
lwzdnsl,0.0
lwzdnur,1.0
lwzwbws,1.0
lwzymmw,0.0
lwzzfny,1.0
lxaliax,1.0
lxaozsp,1.0
lxatvfy,1.0
lxaunxg,0.0
lxavtur,1.0
lxaylzu,1.0
lxbtbdo,0.0
lxcsewa,1.0
lxctidx,1.0
lxcvzoj,1.0
lxcxzed,1.0
lxczhzx,1.0
lxdbvsg,1.0
lxdjeoi,1.0
lxdvqar,0.0
lxegent,1.0
lxeliwu,1.0
lxfftxh,1.0
lxfhxff,0.0
lxfpqtr,1.0
lxfrulh,1.0
lxfsbgp,1.0
lxggfpw,0.0
lxgotac,0.0
lxgpuhd,1.0
lxhdlkb,0.0
lxhwcla,1.0
lxhzejj,0.0
lxicorp,1.0
lxiecro,0.0
lxijrqf,1.0
lxiyheg,0.0
lxjelnw,0.0
lxjhrpf,1.0
lxjnqkx,1.0
lxkdosr,0.0
lxktlok,1.0
lxkwkad,0.0
lxkwuxe,0.0
lxlgkdc,1.0
lxmtwfs,1.0
lxmxcsa,1.0
lxmxige,1.0
lxnadjw,0.0
lxncatc,1.0
lxnosxq,1.0
lxnqnxa,1.0
lxntsgu,1.0
lxnuocn,0.0
lxoadsq,1.0
lxotjuw,1.0
lxpfzje,1.0
lxpjnda,1.0
lxpkgsa,1.0
lxpvjce,0.0
lxpwlhv,1.0
lxpysts,1.0
lxrdfud,0.0
lxrdzzs,1.0
lxrtafn,0.0
lxrvfci,0.0
lxshbwg,1.0
lxsippm,0.0
lxspzoh,1.0
lxtcakf,1.0
lxtidkv,1.0
lxtiymw,0.0
lxtmdio,1.0
lxtrgza,1.0
lxtwmrd,1.0
lxujxrw,1.0
lxunjst,1.0
lxuojwv,1.0
lxupgjk,1.0
lxuuifd,1.0
lxuzwga,1.0
lxvcctm,1.0
lxvdfzm,0.0
lxvhcqb,0.0
lxvjhho,0.0
lxvjlll,1.0
lxvrvnk,0.0
lxwmyvd,1.0
lxxbckt,0.0
lxxehdz,1.0
lxxioyi,1.0
lxxlckt,1.0
lxydhdy,0.0
lxyljxg,1.0
lxypdsr,1.0
lxypxzj,1.0
lxyxedl,1.0
lxzcmnh,1.0
lxzevlc,1.0
lxzhtvx,0.0
lxzidyg,0.0
lxzksen,1.0
lxzxhtp,0.0
lyaewnm,0.0
lyatotl,1.0
lyavdrk,0.0
lybztbv,1.0
lycqwso,1.0
lydmahw,0.0
lydvzav,1.0
lyegaxt,0.0
lyesale,0.0
lyffffj,1.0
lyfpzoa,0.0
lyfseah,0.0
lyfvncx,0.0
lyfwlkn,1.0
lyfwusc,0.0
lyfzruu,1.0
lygamcy,1.0
lyglgyq,0.0
lygokxj,1.0
lygqcvh,1.0
lyhsisz,1.0
lyhsjov,0.0
lyirpeu,0.0
lyirqay,0.0
lyizvao,1.0
lyjcfvg,0.0
lyjqvnw,1.0
lykfdin,1.0
lykhein,1.0
lyklttg,1.0
lykozlw,1.0
lykyirq,1.0
lylffpe,1.0
lylgbaj,0.0
lylhntb,0.0
lylnrmg,1.0
lylsnmz,0.0
lylwrkb,1.0
lylykcu,0.0
lylyqlq,0.0
lymkpzj,1.0
lymrcnt,1.0
lymuuvs,1.0
lymzzss,1.0
lynemez,1.0
lynfytw,1.0
lynyupz,0.0
lyobvqt,1.0
lyokjcr,1.0
lyonpxl,1.0
lyoqtva,1.0
lyotwtb,1.0
lyoubxv,1.0
lyousbb,1.0
lyovphw,0.0
lyptjyc,1.0
lyqcukg,0.0
lyqmysp,0.0
lyrczwv,0.0
lyrnwuo,1.0
lyrspts,1.0
lyrsvsj,1.0
lyrzcgi,0.0
lysbyol,1.0
lyscfvl,1.0
lyslbak,0.0
lyspdjd,0.0
lysscxq,0.0
lysufuu,1.0
lytlpqo,1.0
lytznon,1.0
lytzovl,1.0
lyubvml,1.0
lyuhkny,1.0
lyuimmg,1.0
lyupxec,0.0
lyuxejm,1.0
lyuxrhy,0.0
lyuyvrx,0.0
lyvfthi,1.0
lyvghol,1.0
lyvpnpp,0.0
lyvsoxs,0.0
lyvuxki,0.0
lywfdcz,1.0
lywfeyi,0.0
lywkwdb,1.0
lyxcqqy,1.0
lyxquon,1.0
lyxried,0.0
lyxuqse,0.0
lyxwiod,1.0
lyycehu,1.0
lyydfoa,1.0
lyyeulk,0.0
lyygbuq,1.0
lyygbzq,0.0
lyythfd,1.0
lyyttvo,1.0
lyzdual,1.0
lyzglnu,1.0
lyzpgjh,0.0
lyzsdlo,1.0
lzapnen,1.0
lzavqpl,0.0
lzbaqvm,1.0
lzbesiz,1.0
lzbldsb,1.0
lzbufjp,0.0
lzcjzyr,1.0
lzcvcsk,1.0
lzdjskt,1.0
lzdtjzu,1.0
lzeeimz,1.0
lzevoyw,1.0
lzfjrpt,1.0
lzfodjp,0.0
lzfswjv,0.0
lzftgwr,1.0
lzgbgfv,0.0
lzgcieh,1.0
lzgcswf,0.0
lzgdkqm,1.0
lzglndf,0.0
lzglugt,1.0
lzgxaua,0.0
lzgxruz,1.0
lzgzack,1.0
lzhceds,1.0
lzhdefq,1.0
lzigwrg,1.0
lzijvgb,1.0
lzikywm,0.0
lzinuov,1.0
lzjawgq,1.0
lzjbukf,1.0
lzjwava,1.0
lzjxjjp,1.0
lzkhccx,1.0
lzkmhzz,1.0
lzkzpbt,0.0
lzlfxlr,1.0
lzmlvhm,1.0
lzmrxia,0.0
lzmtltz,0.0
lzmwqon,1.0
lznakye,1.0
lznilds,1.0
lznlxvh,0.0
lznyque,1.0
lzollgz,1.0
lzoowwb,0.0
lzopjlx,0.0
lzoqmul,1.0
lzorzrc,0.0
lzotghc,1.0
lzpolwi,1.0
lzpqrfi,1.0
lzpvlgv,1.0
lzquzcz,1.0
lzqvjbh,1.0
lzrtgne,1.0
lzsavwx,1.0
lzsdsis,0.0
lzsfwxg,1.0
lzshxyr,1.0
lzsrccc,1.0
lzswegc,1.0
lzsxbgx,0.0
lztfrel,1.0
lztgopt,1.0
lztwznb,0.0
lzujjbd,1.0
lzuqwsi,0.0
lzwdxxk,1.0
lzwekhu,1.0
lzweyki,1.0
lzwfgoc,0.0
lzwlekr,1.0
lzwmhcg,1.0
lzwvtly,0.0
lzxdfth,0.0
lzxffnv,0.0
lzxoqqd,1.0
lzylrah,1.0
lzynkjo,0.0
lzytmpr,1.0
lzyvmuj,1.0
lzzbhiq,1.0
lzzdbvq,0.0
lzzmgwx,1.0
lzzqqhz,1.0
lzzuekf,1.0
maadkrg,1.0
maadxxe,0.0
maaeali,1.0
maagkgy,1.0
maajraf,1.0
maajuhh,1.0
mabcfjz,1.0
mabmfno,1.0
mabnfbm,1.0
macmjgz,1.0
macpyls,0.0
macqupo,1.0
madfcfl,1.0
madylqv,1.0
maemyer,1.0
maerapl,1.0
maeuerv,1.0
mafblqc,1.0
mafnnql,0.0
maftqac,1.0
mafvspa,0.0
mafvtbg,0.0
magcmtb,1.0
magymqp,1.0
magzkux,1.0
mahakaz,1.0
mahmdfo,1.0
mahnczd,1.0
mahnfyb,1.0
mahosxx,0.0
mahtwcg,1.0
mahzeyq,1.0
maiqzwm,1.0
maivvqz,0.0
maiybmw,1.0
majricu,1.0
majssvv,0.0
majvdly,1.0
majxhdf,1.0
majzbok,1.0
makjjpi,1.0
makjkku,1.0
makvloe,1.0
makyrqy,1.0
makzfwg,1.0
maldtzz,1.0
malehqn,1.0
malfsic,1.0
malgfzq,1.0
malqyzq,1.0
mamatwb,1.0
mamcuro,0.0
mamgsij,1.0
mamsipr,1.0
mamtkth,1.0
mangzni,1.0
mantlcd,0.0
manwzjf,0.0
manykdc,1.0
maolmay,0.0
maomxnw,0.0
maqkupy,1.0
maqlykm,1.0
maqmwax,1.0
maqvugp,1.0
maqxddw,1.0
marmpbw,1.0
marovkj,1.0
masgnrs,0.0
masjjrp,0.0
masjsqa,1.0
maslcai,1.0
maswpkn,1.0
matgjci,1.0
matgltz,1.0
matjubq,1.0
matnwxi,1.0
mattnqf,0.0
maudmhm,1.0
maumxtk,1.0
mauqtxm,1.0
maurejd,1.0
mausaoq,1.0
maveneo,1.0
mavkbxz,1.0
mavmiwd,0.0
mavpqyb,1.0
mavyqvs,0.0
mawbvho,1.0
mawhzkb,1.0
mawichk,1.0
mawlbqe,0.0
mawvtlb,0.0
mawzbzx,0.0
mawzsra,1.0
maxcxqv,1.0
maxuyha,0.0
maybvhn,1.0
mayreey,0.0
mayubul,0.0
mayvumw,1.0
maywvpi,1.0
mazcdur,1.0
mazcnhl,1.0
mazfzxi,1.0
mazulhz,1.0
mazuzve,0.0
mazxtmd,0.0
mbaglsu,1.0
mbaqxlj,1.0
mbasjfm,1.0
mbaumqm,1.0
mbbjcyo,1.0
mbbjjyx,1.0
mbbmvpt,1.0
mbbomux,1.0
mbbyfda,1.0
mbcprhl,0.0
mbcvjic,0.0
mbdczwx,1.0
mbdeqjk,0.0
mbdompz,0.0
mbdphvs,1.0
mbdxdeo,1.0
mbejask,1.0
mbepzgm,1.0
mbfgbxc,1.0
mbfjtra,1.0
mbfzqob,1.0
mbgfcwm,0.0
mbgkbxy,1.0
mbgumzo,1.0
mbhokye,1.0
mbhqdhj,1.0
mbhzfuy,0.0
mbiggso,0.0
mbihtzq,1.0
mbinjpa,1.0
mbipsuz,0.0
mbistzr,1.0
mbittyh,1.0
mbixayz,1.0
mbjstto,1.0
mbkiihw,1.0
mbkwhbg,1.0
mblpnts,1.0
mbmknab,1.0
mbmpzco,0.0
mbnawdx,1.0
mbnbdjs,1.0
mbnigfz,1.0
mbnuptv,1.0
mbogxoo,1.0
mbojymk,0.0
mbolekc,1.0
mboqlbc,1.0
mbpezhd,0.0
mbplhbb,1.0
mbqbfqi,0.0
mbqizru,1.0
mbqthwe,1.0
mbratcl,1.0
mbriujv,1.0
mbsafsh,1.0
mbsdvam,1.0
mbshvcr,1.0
mbslagh,1.0
mbsmysc,1.0
mbsodhk,1.0
mbszjnr,1.0
mbtdbvx,1.0
mbtdvvh,0.0
mbtflov,0.0
mbtppwj,1.0
mbttgze,1.0
mbudyii,0.0
mbuftqx,1.0
mbugkpd,0.0
mbulgps,1.0
mbuntxy,1.0
mbuphpc,0.0
mbvotnu,1.0
mbvqfqf,1.0
mbvtkeu,1.0
mbvxrhl,0.0
mbwmzbw,0.0
mbwqbpu,0.0
mbxjjdn,1.0
mbxjyqv,1.0
mbxmjxu,1.0
mbxnxeu,1.0
mbxzuwo,1.0
mbydamr,1.0
mbyftme,1.0
mbyjrdl,1.0
mbyqpjn,0.0
mbyyhdo,0.0
mbzecqq,0.0
mbzfhms,1.0
mbzkwon,0.0
mbznngv,1.0
mbzvmoc,1.0
mbzxebp,1.0
mcabkyu,0.0
mcaeiyz,1.0
mcbatrd,1.0
mcbfzot,1.0
mccaxru,1.0
mccenub,0.0
mccrxec,1.0
mcdeced,0.0
mcebmba,1.0
mcevpld,1.0
mcewqqq,1.0
mceygto,1.0
mcfpyyn,1.0
mcgbfin,1.0
mcgmrpj,0.0
mcgnrwh,1.0
mcgohhg,1.0
mcgrkus,0.0
mcgsqiy,1.0
mchckoq,1.0
mciegnl,1.0
mcifglx,1.0
mcijaux,1.0
mcjbwnv,0.0
mcjpgbg,1.0
mckaufj,0.0
mckbzlb,1.0
mckeqtr,1.0
mckkrxw,1.0
mcknfwe,0.0
mckwdlq,1.0
mclaptz,1.0
mclazpn,1.0
mclhmqo,1.0
mcmcgzw,1.0
mcmgfay,0.0
mcmnqkc,1.0
mcmyyrh,1.0
mcnahpf,0.0
mcnqtnh,1.0
mcnrenq,1.0
mcntfvr,1.0
mcnujil,1.0
mcnxppz,1.0
mcoaxmc,1.0
mcpsrqa,0.0
mcputkb,1.0
mcpwfet,1.0
mcpwras,1.0
mcqakwo,1.0
mcqklox,1.0
mcrbhfm,0.0
mcrgtac,0.0
mcrocyn,1.0
mcrsdou,1.0
mcrwijb,1.0
mcsnvds,1.0
mcsrkbc,0.0
mcsugxa,0.0
mcsvaap,1.0
mctfmuo,1.0
mctmhbn,1.0
mctrkxh,1.0
mctsbaa,1.0
mctslez,0.0
mctxcsq,1.0
mcucxbi,1.0
mcvifsh,1.0
mcvoqnc,0.0
mcvwpll,1.0
mcvzxco,1.0
mcwaxng,0.0
mcwilgf,0.0
mcwiups,1.0
mcwxkrw,0.0
mcxaaoo,1.0
mcxahty,1.0
mcxpkji,1.0
mcxvbnr,1.0
mcydirh,0.0
mcylasv,1.0
mcypvcw,0.0
mcyqrdw,1.0
mcyrmnt,1.0
mczeqzs,1.0
mczkivm,1.0
mczkjbh,0.0
mczlhpx,1.0
mczqwri,1.0
mczrybo,1.0
mczthkx,1.0
mdabhdy,0.0
mdahbww,1.0
mdavkuu,0.0
mdbbaes,1.0
mdbfquf,0.0
mdbgisq,1.0
mdbjqpb,0.0
mdblias,1.0
mdbrnrc,1.0
mdbtzin,0.0
mdbxxpt,0.0
mdcgqtp,1.0
mdcjngg,0.0
mdclcnd,1.0
mdcsstl,1.0
mdcwufl,0.0
mddhbok,0.0
mddtxzr,1.0
mddzgnl,1.0
mdeblea,0.0
mdekhrp,1.0
mdezhpd,1.0
mdfcyxl,0.0
mdfhhqp,1.0
mdfxuzm,1.0
mdfztiu,1.0
mdhcfrr,1.0
mdhidds,1.0
mdhkidp,1.0
mdhlruc,1.0
mdhvehk,1.0
mdiafkh,1.0
mdieaix,1.0
mdifcor,1.0
mdigeco,1.0
mdiodsu,1.0
mdiykgq,1.0
mdjdefr,0.0
mdjeewr,0.0
mdjomxg,1.0
mdjuxin,0.0
mdkaowt,1.0
mdkcifa,1.0
mdkpjtd,1.0
mdldciw,0.0
mdlibmy,1.0
mdlkxeu,0.0
mdlqiwz,1.0
mdlwfyp,1.0
mdmzuam,1.0
mdncyth,0.0
mdnekqs,1.0
mdomhxc,1.0
mdosrou,1.0
mdotvkd,1.0
mdozfjz,0.0
mdpmgkb,1.0
mdpsoln,1.0
mdpwcbw,0.0
mdpxhzi,1.0
mdpxkbo,1.0
mdpzlet,1.0
mdqhuxe,1.0
mdqlpts,0.0
mdrdwqy,1.0
mdrhndv,0.0
mdrmigs,0.0
mdrugsw,1.0
mdrytin,0.0
mdsqxpp,1.0
mdtdfuj,1.0
mdtdicb,1.0
mdtdvja,1.0
mdtppsg,1.0
mduekyz,0.0
mdufopv,1.0
mdutvdk,1.0
mdvfgxj,0.0
mdvukzo,1.0
mdvvpix,0.0
mdvwnpz,0.0
mdvzntv,1.0
mdwnbrr,1.0
mdwwagp,0.0
mdycdbs,0.0
mdydvcj,0.0
mdyizrv,1.0
mdykcpm,1.0
mdyolsn,1.0
mdzfqib,0.0
mdztsdz,1.0
mdzxasc,1.0
meakhsc,1.0
mebberx,0.0
mebjwed,1.0
mebqdmb,1.0
mecqkkx,0.0
mecqnuc,1.0
mecqzxb,1.0
medbdik,1.0
medvnfe,0.0
medwvgu,1.0
meeedhn,1.0
meeeodu,1.0
meezkww,0.0
mefewws,1.0
mefhdfx,0.0
megnwwh,1.0
megupzc,1.0
mehkkzp,0.0
mehsdns,0.0
mehynvb,1.0
meiiznf,0.0
meinnqd,0.0
meiszgc,1.0
meixmur,0.0
meizsjv,0.0
mejajji,0.0
mejifev,1.0
mejjepj,1.0
mejmwno,1.0
mejqfkt,1.0
mekbllh,0.0
mekqcbe,1.0
mekxkxt,0.0
meljitk,1.0
memlphs,1.0
memymne,1.0
menjetb,0.0
menvbbj,0.0
menyfnf,1.0
meodgqt,1.0
meooptj,1.0
meosdav,1.0
mepiweo,1.0
mepjgyp,1.0
mepjooh,1.0
meppoep,0.0
mepxbvb,1.0
meqbiyv,1.0
meqfjfa,0.0
meqqypo,0.0
meqrvaq,1.0
meqwdrl,1.0
meqzdkr,1.0
meroopc,1.0
merwiyn,1.0
mesfgpr,1.0
mesfztr,1.0
mesobrh,0.0
mesqajl,1.0
mesvihe,1.0
meswgif,1.0
meswoyx,1.0
metumng,1.0
metxfry,1.0
meuavfz,1.0
meudzic,1.0
meusriz,1.0
meuyxzb,1.0
mevjjjz,0.0
mevlfvy,1.0
mevotlc,0.0
mevqlwj,1.0
mewghad,1.0
mewwkas,0.0
mewwmmd,1.0
mexbwxk,1.0
mexdvvy,0.0
mexgxli,0.0
mexobrg,1.0
mexrfbv,1.0
meyhmpu,1.0
meyntgz,0.0
meyqpqe,0.0
mezdwxv,0.0
mezfxxc,1.0
mezlkdu,1.0
mezoyee,1.0
mezwxvs,1.0
mfabwdu,0.0
mfaenmh,1.0
mfafrku,0.0
mfagtck,0.0
mfbjahp,1.0
mfbmlyg,1.0
mfbnadh,1.0
mfboezg,1.0
mfbvcda,1.0
mfcvlqj,1.0
mfdagui,1.0
mfdmpdu,1.0
mfdyfom,0.0
mfegkvl,1.0
mfelnhe,1.0
mfeovcp,1.0
mfepmhw,1.0
mferhfi,1.0
mfetvlt,1.0
mffqyoh,0.0
mffulme,0.0
mffxqqa,1.0
mffzwkf,0.0
mfgzkoo,0.0
mfhcijm,1.0
mfhgocv,1.0
mfhoisv,0.0
mfhvvib,0.0
mfilbap,1.0
mfilqwd,1.0
mfinexg,1.0
mfirbjt,0.0
mfirbps,1.0
mfivnrv,1.0
mfiwapg,0.0
mfixdnk,1.0
mfixikr,0.0
mfixmqx,1.0
mfiyxdk,1.0
mfjdsod,1.0
mfjrelj,1.0
mfjsrem,1.0
mfjtuod,1.0
mfjuwbz,1.0
mfkgbtv,1.0
mfkgkno,1.0
mfknvkm,1.0
mfkqdyk,0.0
mfkvncv,1.0
mflcgvu,1.0
mflchsr,1.0
mflgxrv,1.0
mflkowp,1.0
mfmaaag,1.0
mfmkexf,1.0
mfmnokc,1.0
mfmpfpw,1.0
mfmpkgk,1.0
mfmplrj,1.0
mfmznom,0.0
mfnakfc,1.0
mfnirgs,1.0
mfnjvbe,1.0
mfnqlld,1.0
mfnsdpn,1.0
mfnsoox,0.0
mfotwxs,1.0
mfpfhxy,1.0
mfppbmw,0.0
mfpsiic,1.0
mfqgkge,0.0
mfqhkdc,1.0
mfqlhuq,1.0
mfqvpjt,0.0
mfqzdfg,1.0
mfqzylv,0.0
mfrfvvn,1.0
mfrrfcx,1.0
mfrtujn,1.0
mfsetij,1.0
mfsgvui,1.0
mfsoeao,1.0
mftbbuc,1.0
mftzkqs,1.0
mfuizto,0.0
mfujpbf,1.0
mfujzof,0.0
mfuvyow,1.0
mfuxufa,1.0
mfuyjlw,1.0
mfvbfwc,0.0
mfvfhkt,0.0
mfvpyhm,1.0
mfvvptr,1.0
mfvwneb,1.0
mfwareq,1.0
mfwvrze,1.0
mfxidrn,0.0
mfybzds,1.0
mfycbym,1.0
mfycutd,1.0
mfyqbwg,1.0
mfyqjgw,0.0
mfyraku,1.0
mfytyyo,1.0
mfyvqmh,1.0
mfywyiq,1.0
mfzcpto,1.0
mfzixfm,1.0
mfzkpmx,1.0
mfzynxv,1.0
mgbaqcq,1.0
mgbsscq,0.0
mgczrrz,1.0
mgddqhw,0.0
mgdrpqb,0.0
mgdsrsk,1.0
mgdvxcj,1.0
mgdwjxk,0.0
mgedqai,0.0
mgefswr,1.0
mgemimx,1.0
mgfkolq,1.0
mgfqxza,1.0
mgggqxd,1.0
mgglacs,0.0
mggldgv,1.0
mggwjrl,1.0
mghccih,1.0
mghihgi,1.0
mghojtr,1.0
mghuxnx,0.0
mghwptg,0.0
mghyhsz,1.0
mgiefmj,1.0
mgifbvg,1.0
mgiqtzl,0.0
mgitciv,1.0
mgiubby,1.0
mgjazco,1.0
mgjdnhy,0.0
mgjeumm,1.0
mgjybjk,1.0
mgkawbd,1.0
mglaryq,1.0
mglttud,1.0
mglziqv,1.0
mglzqbq,1.0
mgmbhjg,1.0
mgmlxgk,1.0
mgmwkeh,1.0
mgmzpdt,1.0
mgncesu,1.0
mgnctxy,0.0
mgnjxsd,0.0
mgnmxde,1.0
mgnqbjo,1.0
mgnuvqp,1.0
mgodcbo,1.0
mgogbjc,0.0
mgpajot,1.0
mgpiawa,0.0
mgpnyks,1.0
mgppyco,1.0
mgpsahu,1.0
mgpuyhm,1.0
mgqfvap,0.0
mgqnjsj,1.0
mgqqith,1.0
mgqqnzl,0.0
mgqtljq,1.0
mgqzqqj,0.0
mgrjphu,1.0
mgrrkbo,1.0
mgsadji,1.0
mgsaral,1.0
mgseuhg,1.0
mgshfic,1.0
mgsikti,1.0
mgsqdlh,0.0
mgsyagq,1.0
mgtbstp,1.0
mgtgfgf,1.0
mgtntwl,1.0
mgtqnfo,0.0
mgtslxn,1.0
mgufkhg,0.0
mguihng,1.0
mgunbrl,1.0
mguyavb,0.0
mgvbvwq,0.0
mgvgouo,0.0
mgvodux,0.0
mgvqvpk,1.0
mgvssoz,1.0
mgvwvng,1.0
mgvxdoy,1.0
mgwayig,1.0
mgwjcdb,1.0
mgwuvpn,1.0
mgwztel,1.0
mgxayrt,1.0
mgxhame,1.0
mgyfrel,1.0
mgyjoxx,1.0
mhaepzp,1.0
mhaqlvc,1.0
mharczt,0.0
mhaxwzw,1.0
mhbsdvg,1.0
mhbuxra,1.0
mhbxcit,1.0
mhbxqhp,1.0
mhbzsbn,1.0
mhcohqm,1.0
mhcowwl,1.0
mhcpouq,1.0
mhcslcd,0.0
mhdfvlc,1.0
mhdkulo,1.0
mhdstbl,1.0
mhejmwb,0.0
mhfbinv,1.0
mhfetvz,1.0
mhgijof,1.0
mhgiuaj,1.0
mhglnpr,1.0
mhglqqd,1.0
mhgmqee,1.0
mhgxumb,1.0
mhgynom,1.0
mhhbwie,1.0
mhhdrod,0.0
mhhhafr,1.0
mhhkvav,1.0
mhhmwfh,1.0
mhhzniw,0.0
mhicjzh,1.0
mhigsqn,1.0
mhjegmn,1.0
mhjhkop,1.0
mhjvyjf,1.0
mhkhmwn,1.0
mhkmtrh,1.0
mhktply,1.0
mhllzoz,1.0
mhmblxj,0.0
mhmeyan,0.0
mhmowzh,1.0
mhmsecr,1.0
mhmvixy,1.0
mhnaiqx,1.0
mhngnhc,1.0
mhnyiqi,1.0
mhodszz,1.0
mhopgaq,1.0
mhoqwrc,1.0
mhotihu,1.0
mhotsoz,1.0
mhowdiq,1.0
mhptolc,1.0
mhpwrwi,0.0
mhqhqmk,0.0
mhqihtb,0.0
mhqsybs,1.0
mhrcmgp,0.0
mhrlhfr,1.0
mhrnehe,1.0
mhrpxyi,1.0
mhruejn,1.0
mhrwbjf,1.0
mhrxlzv,1.0
mhryako,0.0
mhsdhrt,1.0
mhskokf,1.0
mhtabul,1.0
mhtrfxs,1.0
mhtrxuv,0.0
mhujthr,1.0
mhuobob,0.0
mhutstc,1.0
mhuuaic,1.0
mhuuctp,0.0
mhvdbvf,1.0
mhvqqxc,1.0
mhwkokx,0.0
mhwlwyu,1.0
mhwrxqv,0.0
mhwxppf,1.0
mhwztwn,1.0
mhxvgap,1.0
mhxwmpd,0.0
mhyhdcq,0.0
mhyjvca,1.0
mhynqmi,0.0
mhytkzi,1.0
mhzdyno,1.0
mhzhhqi,1.0
mhzjhyn,1.0
miadmvn,1.0
miaoerc,1.0
miauwdg,1.0
mibdmqz,0.0
mibdxcf,1.0
mibgfwh,1.0
miboyeg,1.0
mibyjto,1.0
micfjzr,1.0
michdpb,0.0
micpnfh,0.0
mictmeo,1.0
miczxez,1.0
middgbu,1.0
midjbrt,1.0
midouku,0.0
midrfdj,1.0
miedmak,1.0
miexzdq,1.0
mifbrks,1.0
mifqwjt,0.0
migilpb,0.0
migljcz,1.0
migmixw,0.0
migyprx,0.0
mihlptn,1.0
mihpucs,1.0
mihsesw,0.0
miiccfp,1.0
miipbcd,1.0
miirfwc,1.0
miisvjy,1.0
miivqst,1.0
miivsik,1.0
miiwlip,1.0
mijjitb,1.0
mijjqdm,0.0
mijncwk,1.0
mijqmsl,0.0
mijtimc,0.0
mijtzei,0.0
mijvteg,1.0
mijxcxf,1.0
mikawet,0.0
mikfgjt,1.0
miklxnm,0.0
mikumnf,1.0
milsuud,1.0
milzzpm,1.0
mimjfbq,1.0
mimxyoj,1.0
minbulr,1.0
minijsq,1.0
minmngt,0.0
minsras,1.0
minubfi,1.0
mioejcs,0.0
mioewje,1.0
miogrjq,0.0
miokxpx,0.0
miozbmc,1.0
mipvdcq,1.0
mipvnyv,1.0
miqftgd,1.0
miqusxw,1.0
mirjyip,1.0
mirzbli,1.0
misbkty,0.0
misfeim,1.0
misgflv,1.0
mismrnp,0.0
mistzux,1.0
mitedkv,0.0
mitiglf,0.0
mitithn,1.0
mitjmhb,1.0
mitpisc,1.0
miubqmc,1.0
miuvahb,0.0
mivcnig,1.0
miviwfa,1.0
mivlfko,1.0
miwlycz,1.0
miwqjag,0.0
miwusoa,0.0
mixwage,1.0
miybtzr,0.0
miydxzd,0.0
miyjwjg,1.0
miylarr,1.0
miyqafx,1.0
miytqhw,1.0
mizblzl,1.0
mizdmvp,1.0
mizhfgj,1.0
mizojzi,1.0
mjafjkn,1.0
mjaohgl,1.0
mjbfqdu,1.0
mjbmaby,0.0
mjbnqhg,1.0
mjbzffz,1.0
mjbzvel,1.0
mjceqqc,0.0
mjceyqj,1.0
mjcguya,1.0
mjcoimx,1.0
mjcrigd,1.0
mjdfyol,0.0
mjdgrzt,1.0
mjdigwh,1.0
mjeaaaj,0.0
mjeiikm,1.0
mjesenj,1.0
mjeyasv,1.0
mjfkcop,1.0
mjfnrwt,1.0
mjfrgoi,1.0
mjgeiff,1.0
mjgthqt,0.0
mjhbdlp,1.0
mjhudyx,1.0
mjhzxhf,1.0
mjiatwt,1.0
mjiimap,0.0
mjiimri,1.0
mjiqoik,1.0
mjjjuue,1.0
mjjqukp,1.0
mjjtpvk,1.0
mjjzvat,1.0
mjkicfh,0.0
mjkrnzu,1.0
mjkyxsd,1.0
mjledtb,0.0
mjlhekx,0.0
mjlscaq,1.0
mjmejmt,1.0
mjmgnvz,1.0
mjmplhj,0.0
mjmyxol,1.0
mjngeqy,0.0
mjnqdtc,1.0
mjnxvaj,1.0
mjoecht,1.0
mjoedpx,0.0
mjohtev,0.0
mjpabip,0.0
mjprklb,0.0
mjqkelx,1.0
mjqmyig,0.0
mjqpnrq,1.0
mjrceju,1.0
mjrcqki,0.0
mjrgphf,1.0
mjrhdsd,0.0
mjrmpny,0.0
mjrrcbv,0.0
mjrsugv,1.0
mjsrytj,0.0
mjtajix,0.0
mjtcydt,1.0
mjtladg,1.0
mjtmnpm,1.0
mjtpimc,1.0
mjtspav,1.0
mjuouzj,1.0
mjuucyu,1.0
mjuwukj,1.0
mjvdgtp,1.0
mjvgjwq,1.0
mjvicrl,1.0
mjvmbto,1.0
mjvtfsw,1.0
mjvwvid,1.0
mjvxqec,0.0
mjwmosq,0.0
mjwsrlo,1.0
mjxnhfj,1.0
mjxyeud,1.0
mjyfjey,1.0
mjzedbt,1.0
mjzknpq,0.0
mjzlgdi,1.0
mjzozug,1.0
mjzrbrg,0.0
mjzvrck,1.0
mkagycd,1.0
mkahoks,0.0
mkavtqj,1.0
mkbsozv,1.0
mkbuuih,1.0
mkbxble,1.0
mkbyiqa,0.0
mkceygl,1.0
mkcixyu,1.0
mkclxco,1.0
mkcszft,1.0
mkculrh,0.0
mkcwjvr,0.0
mkdfpgy,1.0
mkdixgs,1.0
mkdwnob,1.0
mkdxybi,0.0
mkdzizd,1.0
mkdzoxf,0.0
mkehxuv,1.0
mkejmry,1.0
mkekxtk,1.0
mkeotts,1.0
mkeouxl,0.0
mkepgdr,0.0
mketcja,0.0
mkezuaj,1.0
mkfeauq,1.0
mkfnuag,1.0
mkfoptu,1.0
mkfpgld,1.0
mkfvpgy,1.0
mkfycfk,1.0
mkfzroh,1.0
mkgescq,1.0
mkghkgr,1.0
mkgpvks,1.0
mkgxnpb,1.0
mkhdacy,1.0
mkhifof,1.0
mkhqplg,0.0
mkifzyi,1.0
mkihtqu,0.0
mkjbpuz,0.0
mkjcevs,0.0
mkjfthq,1.0
mkjppdu,1.0
mkkeocv,1.0
mkkiznc,1.0
mklkuyd,1.0
mklkxoj,0.0
mkltyps,1.0
mkluzqr,1.0
mklypbv,1.0
mkmbgrz,1.0
mkmfvpk,0.0
mkmjwpv,0.0
mkmrhal,1.0
mkmuyqw,0.0
mkmvrjc,0.0
mkmypbb,1.0
mknfsqc,1.0
mknodrf,1.0
mkogwcf,1.0
mkoqlzs,1.0
mkoyzce,1.0
mkpaqzy,1.0
mkpnzbg,1.0
mkpuivf,0.0
mkpzicf,1.0
mkqdehq,1.0
mkqhhjp,0.0
mkqkmjn,1.0
mkqlrua,0.0
mkquach,1.0
mkqyvyy,0.0
mkrcwzi,0.0
mkrpbbi,1.0
mkrslld,1.0
mksevgc,0.0
mksfklc,0.0
mksfoci,0.0
mkshtsq,1.0
mkskvgg,1.0
mkssjbg,0.0
mksumtj,0.0
mksurxf,0.0
mktfxbd,1.0
mktibux,1.0
mktnobb,1.0
mkubcld,1.0
mkuemlh,0.0
mkuescb,1.0
mkuhpyu,0.0
mkvgkja,1.0
mkvivcz,1.0
mkvwgjr,1.0
mkwddmo,1.0
mkwtath,1.0
mkwyrkz,0.0
mkwzxfu,1.0
mkxhnfr,1.0
mkxwdbb,0.0
mkxxnxb,1.0
mkyncoi,0.0
mkzoldr,0.0
mkzrapz,1.0
mkzubbr,1.0
mlaqgjs,1.0
mlasfep,1.0
mlbkwzt,1.0
mlbrgkm,0.0
mlbygrx,0.0
mlcipcn,1.0
mlcjqoz,0.0
mlcjsxt,0.0
mlcnfmt,1.0
mlczrwb,1.0
mldfunc,1.0
mldfycw,1.0
mldfyiy,1.0
mldpxto,1.0
mldszci,0.0
mldzvvq,0.0
mleamwr,0.0
mlenlfr,1.0
mleukvk,1.0
mleyyjm,1.0
mlezaky,1.0
mleznrr,0.0
mlffcof,1.0
mlfgslm,0.0
mlfogsi,0.0
mlfrmlo,0.0
mlfwqhd,1.0
mlgfftj,1.0
mlgkbcj,0.0
mlholrw,1.0
mlhqwwn,1.0
mlhuqmp,1.0
mlicryg,1.0
mlifjci,1.0
mligpmu,1.0
mlkcuah,1.0
mlkjzvp,1.0
mlkmbni,0.0
mlkntlm,0.0
mlktlpv,0.0
mlldosm,1.0
mllgvat,1.0
mllpknc,1.0
mllwaqq,1.0
mlmjotj,1.0
mlnccag,1.0
mlnvksc,1.0
mloakmf,1.0
mlojefz,1.0
mlontem,1.0
mloyowx,1.0
mlpewer,0.0
mlpflrp,0.0
mlpfunn,0.0
mlpouex,1.0
mlqavnc,1.0
mlqbeeg,1.0
mlqkllc,1.0
mlqrdhq,1.0
mlqtabq,1.0
mlqvcyj,1.0
mlrcapv,0.0
mlrpben,1.0
mlrrhfy,1.0
mlrvens,0.0
mlrwdcr,0.0
mlsjlph,1.0
mlsshln,1.0
mlswiuy,0.0
mltbkes,1.0
mltjpgk,1.0
mltkcap,1.0
mlufqfh,1.0
mluhvvh,1.0
mlunmau,0.0
mlurslw,0.0
mlutnbq,1.0
mluuqbq,1.0
mlvbedx,1.0
mlveqft,0.0
mlvevgx,0.0
mlvezuw,1.0
mlvhtzu,1.0
mlvnfny,1.0
mlvtium,0.0
mlvwdfl,1.0
mlvzlmr,1.0
mlwepbv,1.0
mlwwhia,1.0
mlxknix,1.0
mlxnnqi,1.0
mlxrcqh,0.0
mlxuocs,1.0
mlxzsjy,1.0
mlyixta,1.0
mlykyzs,1.0
mlyzwbd,0.0
mlzajqu,1.0
mlzfbqs,1.0
mlzngjv,0.0
mlzupot,0.0
mlzuqgn,1.0
mmaacng,1.0
mmaevow,1.0
mmakwhn,0.0
mmaplsm,0.0
mmaylsr,1.0
mmbzhrz,1.0
mmcrmyd,1.0
mmdsloj,1.0
mmdznod,0.0
mmebgbq,0.0
mmefdrt,0.0
mmeftwv,1.0
mmejddz,1.0
mmenaef,1.0
mmergcu,1.0
mmevdjm,1.0
mmeyetb,1.0
mmfflpb,0.0
mmffxod,0.0
mmfkxls,0.0
mmftyto,0.0
mmfuyyz,0.0
mmgnanl,1.0
mmgrayg,1.0
mmhfiqq,1.0
mmhqloi,1.0
mmhqyxn,1.0
mmhtbts,1.0
mmiacpv,0.0
mmismvt,1.0
mmjbfgw,0.0
mmkeuhn,1.0
mmkxapv,1.0
mmlcyqj,1.0
mmmckjv,0.0
mmmjhbn,0.0
mmmnold,1.0
mmmsmwv,1.0
mmmxnzj,0.0
mmndqiw,1.0
mmnicgk,1.0
mmnmota,1.0
mmnrxgh,0.0
mmntkzj,1.0
mmohklj,1.0
mmovwri,1.0
mmphelz,1.0
mmpylea,1.0
mmpznga,1.0
mmqclmv,0.0
mmqizuj,1.0
mmqkjvy,1.0
mmqopoa,0.0
mmqpxrz,0.0
mmrcnko,0.0
mmrcnrn,1.0
mmrdzfi,1.0
mmremee,0.0
mmricsx,1.0
mmrugez,1.0
mmsflpw,1.0
mmswlvu,0.0
mmtdpna,1.0
mmtkior,1.0
mmucksg,1.0
mmumtzy,1.0
mmvlrxh,1.0
mmvpbdy,1.0
mmwivch,0.0
mmwlxkp,0.0
mmxasqt,1.0
mmxqknm,1.0
mmyhnns,1.0
mmyruas,1.0
mmyvnhi,1.0
mmzfrgz,0.0
mmzwlgi,0.0
mnatmxh,1.0
mnazlip,1.0
mnbgxfx,1.0
mnbjnrg,0.0
mnbkeqc,0.0
mnbtaca,1.0
mnbymxb,1.0
mnbyqyi,1.0
mnclamx,1.0
mnczivr,1.0
mndayty,1.0
mndnzrk,1.0
mndvctf,1.0
mnedptq,1.0
mneglvd,0.0
mnennki,1.0
mnenyds,1.0
mneqkvp,1.0
mnesiuk,0.0
mnevebb,1.0
mnffkcj,1.0
mngdibg,0.0
mnggain,1.0
mngonul,1.0
mngscxg,1.0
mngsdfj,1.0
mngxyxy,0.0
mnhckxn,0.0
mnhrnnu,0.0
mnhrprn,1.0
mnibool,1.0
mnidpco,1.0
mnidqkc,1.0
mnieguk,0.0
mnifjvi,1.0
mnimowp,1.0
mnizprw,0.0
mnjhvfj,1.0
mnjomyw,1.0
mnjuusd,1.0
mnkahqp,1.0
mnkkdwh,1.0
mnklccy,1.0
mnkvvpv,1.0
mnljdlw,0.0
mnmbfeo,1.0
mnmbnvl,1.0
mnmcrqq,1.0
mnmeoyr,0.0
mnmkoyr,0.0
mnmohxk,1.0
mnnbnqz,1.0
mnngmrl,1.0
mnnkkcq,1.0
mnnnvdh,1.0
mnnrdcj,1.0
mnoafdm,1.0
mnovbbn,1.0
mnoxibm,1.0
mnqbkww,1.0
mnqcoli,1.0
mnqngmn,1.0
mnqngqi,0.0
mnqnhad,1.0
mnqqlgh,1.0
mnqsosd,1.0
mnriczy,1.0
mnroept,0.0
mnrpywz,0.0
mnrqyrs,1.0
mnrymxv,1.0
mnslmqk,0.0
mnsmyaq,1.0
mnsvczx,1.0
mnswvmx,1.0
mnsxqvt,0.0
mnsxwha,1.0
mntbdiz,1.0
mntsxqo,0.0
mnujgdg,0.0
mnujxjz,1.0
mnultfl,1.0
mnuqhaf,0.0
mnuttyg,1.0
mnuuwth,0.0
mnvhdva,0.0
mnvsbfo,1.0
mnwgjkq,1.0
mnwmqhp,1.0
mnwphpo,1.0
mnwsnou,1.0
mnwtdhw,0.0
mnxbdog,1.0
mnxhnrt,0.0
mnxhrnu,1.0
mnxmkxu,0.0
mnxmnja,1.0
mnxyiwu,1.0
mnybzbo,0.0
mnyhajb,1.0
mnyiusn,1.0
mnymipi,0.0
mnyprpi,1.0
mnyumvo,1.0
mnzcpet,0.0
mnzcsbr,1.0
mnzknwv,1.0
mnzltcm,1.0
mnznmqd,1.0
mnzpiam,1.0
mnzvwel,1.0
mnzxuyt,1.0
mnzzyld,1.0
moabkwk,1.0
moakpjm,1.0
moanzgv,0.0
moaofif,0.0
moaufjx,0.0
mobcekr,1.0
mobncyt,1.0
mobrbco,1.0
mobthfm,1.0
mobtymo,1.0
mobwbix,0.0
mobzfvl,1.0
mocnety,1.0
mocrewp,1.0
moczqvc,1.0
mocztjf,0.0
modsuqm,0.0
moealbp,1.0
moeisvo,0.0
moelukh,0.0
moemjwu,1.0
moeolti,1.0
moeyift,1.0
mofgzvd,1.0
mofkvlk,1.0
mofmpei,1.0
mofnoxy,1.0
mofqcne,1.0
mofriht,1.0
mofxfeg,1.0
mogaagl,0.0
mogijdm,1.0
mogkwdx,1.0
mohaqqb,0.0
moheevf,1.0
mohoint,1.0
mohpjlh,1.0
mohukne,1.0
moievyq,1.0
moiioks,1.0
moilquz,1.0
moiqloa,0.0
moizlcx,1.0
mojadak,1.0
mojibut,1.0
mojnfvd,1.0
mojslyb,0.0
mokaonr,1.0
mokkafo,1.0
mokvqoy,1.0
mokyozm,0.0
molblaw,0.0
molpbxw,0.0
molqvuk,1.0
momfaoo,1.0
momnglo,0.0
momtdvo,1.0
momyupm,1.0
monadyj,1.0
mongcsr,0.0
monopri,1.0
monqlbf,1.0
monwcdg,1.0
monwcxq,1.0
mooqayb,1.0
moorzxm,1.0
mootuys,1.0
mopkppv,1.0
mopocnw,1.0
moqbexg,1.0
moqbwzi,1.0
moqdmbg,1.0
moqpljx,1.0
moqsdty,1.0
moqtmwq,0.0
moqwvdf,0.0
morctmf,1.0
mordqbz,1.0
morfiti,1.0
morjbzg,0.0
mornpni,1.0
morquvx,1.0
morxdji,1.0
moryqxa,1.0
mosozay,1.0
mosqckf,1.0
motluia,0.0
moucwem,1.0
moukumt,1.0
mouqczc,0.0
mouytdm,1.0
movfdox,0.0
movguja,1.0
movhocx,1.0
mowbiwd,1.0
mowchhu,1.0
mowcogh,0.0
mowlsdm,1.0
mowsior,0.0
mowsjqy,1.0
moxksmd,1.0
moxlmjk,1.0
moxtipl,0.0
moxtwlc,1.0
moyinqi,0.0
moyprwn,0.0
mozjjrq,1.0
mozjnka,1.0
mozmfqa,1.0
mozmwxn,1.0
moztwdt,0.0
mpaawdg,1.0
mpbgdnl,1.0
mpbkcip,0.0
mpbkntk,1.0
mpbpaaa,0.0
mpcasej,1.0
mpcdzxl,0.0
mpcehra,0.0
mpcigwx,1.0
mpcjtyc,0.0
mpcsuvm,1.0
mpcwjov,1.0
mpdavat,1.0
mpdkewr,1.0
mpdpdpy,1.0
mpdrxjd,1.0
mpdstgt,1.0
mpebkvc,1.0
mpemfdd,0.0
mpempdh,0.0
mpfeuhk,1.0
mpfliro,1.0
mpfuipp,0.0
mpgacsr,0.0
mpgafvs,1.0
mpgbjhp,1.0
mpgcayn,0.0
mpgccvq,1.0
mpgkqdh,0.0
mphukgv,1.0
mpifzbc,0.0
mpigyoe,1.0
mpiwkvt,0.0
mpjjsyl,1.0
mpkdbtl,0.0
mpkoqhj,1.0
mpkthph,1.0
mpkzxbg,0.0
mplhztv,1.0
mpmdfge,0.0
mpmkzbl,0.0
mpmlzui,0.0
mpmnynz,1.0
mpncfcn,1.0
mpnefui,1.0
mpnictg,0.0
mpninnr,1.0
mpnqzqg,1.0
mpohhip,1.0
mpohprs,0.0
mpojzbp,0.0
mpooulw,0.0
mporocy,1.0
mpparrb,1.0
mppgopf,0.0
mppmtio,0.0
mppzhpq,1.0
mpqnake,1.0
mpscgfs,0.0
mpscirr,1.0
mpsehaa,1.0
mpslyyk,1.0
mpsqewc,1.0
mpsquic,1.0
mpsthsi,1.0
mpsudsc,1.0
mpsuegf,1.0
mpszbed,1.0
mpteqyp,0.0
mptexol,0.0
mptokuo,1.0
mptudfh,0.0
mpugohx,1.0
mpumcbq,1.0
mpunjpy,0.0
mpunosj,1.0
mpvahqe,1.0
mpvapwb,1.0
mpvbomq,1.0
mpvhdum,0.0
mpvkemg,1.0
mpvknox,1.0
mpvuyvf,1.0
mpwbbzj,1.0
mpwdtms,0.0
mpwugke,0.0
mpwvtvd,1.0
mpwxqpa,0.0
mpxhbml,0.0
mpxivet,1.0
mpxkyqv,1.0
mpxwbwt,1.0
mpycsnh,0.0
mpyrvii,1.0
mpzakmz,0.0
mpzdyxq,0.0
mpzepkv,1.0
mpzwkut,0.0
mqahyid,1.0
mqaocwo,0.0
mqarbmx,1.0
mqarxxz,1.0
mqbfdxw,1.0
mqbiwec,0.0
mqbjmil,0.0
mqbqzpa,0.0
mqbruor,0.0
mqcbldf,1.0
mqcdsbm,1.0
mqckaqd,0.0
mqcngoz,1.0
mqdnivm,1.0
mqefusn,1.0
mqeutqy,1.0
mqfefus,1.0
mqfeycj,1.0
mqflgiz,1.0
mqftcls,0.0
mqgjhnf,1.0
mqgjzbl,1.0
mqhjmzo,0.0
mqhojcn,1.0
mqidblc,1.0
mqipcvc,1.0
mqiseat,1.0
mqixwra,0.0
mqjaugc,0.0
mqjawui,0.0
mqjdwgj,1.0
mqjoqtb,0.0
mqjqdhz,0.0
mqjqfdm,1.0
mqjwmzs,1.0
mqkkppl,1.0
mqkmyhr,0.0
mqkrrii,1.0
mqkvjrv,0.0
mqkvztk,1.0
mqlgiqr,0.0
mqlmsme,1.0
mqlzmrn,1.0
mqmrscb,1.0
mqnhjdl,0.0
mqnmtxm,1.0
mqnnhbn,1.0
mqnsnpf,0.0
mqnxiwp,1.0
mqonhym,0.0
mqowoto,1.0
mqpamed,1.0
mqpkbct,1.0
mqqbxpz,1.0
mqqculc,1.0
mqqddcj,1.0
mqqeddj,1.0
mqqpxkl,0.0
mqqquex,1.0
mqqrcam,0.0
mqqrrqv,1.0
mqqxaoy,1.0
mqrjdwc,0.0
mqrlzhx,1.0
mqrolmm,1.0
mqrzjwc,1.0
mqscvrp,0.0
mqsjaos,0.0
mqslzwj,1.0
mqsnhyu,1.0
mqspise,0.0
mqsyvnl,1.0
mqtilxo,0.0
mqtnccg,1.0
mqtslws,1.0
mqufpim,0.0
mqugjsr,1.0
mqusoit,1.0
mqvavky,1.0
mqvdvtn,1.0
mqvilnv,0.0
mqvqkps,1.0
mqvtkjh,0.0
mqvzove,0.0
mqwcmuf,1.0
mqwfiyh,0.0
mqwhssl,1.0
mqwplit,1.0
mqwqhxe,1.0
mqwrsix,1.0
mqwumid,1.0
mqxhchv,1.0
mqxlnps,1.0
mqycwua,1.0
mqykazr,1.0
mqyybzi,1.0
mqzaqhk,0.0
mqzgezt,1.0
mqzlyxm,1.0
mqztqyf,1.0
mrakkfu,0.0
mrazdmj,1.0
mrbchqx,1.0
mrbxkak,1.0
mrduuho,1.0
mrdzetm,0.0
mreelmj,1.0
mreytgf,1.0
mrfopll,0.0
mrfphjf,0.0
mrftacy,1.0
mrfuvei,1.0
mrfwgyf,0.0
mrgfjzs,0.0
mrgiyzj,0.0
mrgojni,1.0
mrhfois,1.0
mrhkmvv,0.0
mrifgio,0.0
mrigjub,1.0
mriijfe,0.0
mrinfyo,1.0
mriyyah,1.0
mrjcdlw,1.0
mrjeqyf,0.0
mrjtidc,1.0
mrjtize,1.0
mrkkhxt,1.0
mrknaab,1.0
mrkspct,1.0
mrksqsi,1.0
mrkvywq,1.0
mrkxsox,1.0
mrlfuny,1.0
mrlkhnu,0.0
mrlmntw,1.0
mrlvdgt,1.0
mrlzkih,0.0
mrmpzxl,1.0
mrnicqy,1.0
mrnjeda,0.0
mroelbw,1.0
mrojnkx,1.0
mroutkt,0.0
mrouuzp,0.0
mrpbngw,1.0
mrpxfrm,0.0
mrqffzq,1.0
mrqhxis,1.0
mrqjxwc,1.0
mrqqmes,1.0
mrqswul,1.0
mrrmdol,1.0
mrrustl,1.0
mrruxee,0.0
mrrvhhi,1.0
mrryxgl,1.0
mrskvnu,0.0
mrsmyyy,0.0
mrssmof,1.0
mrstvwb,0.0
mrszpmy,1.0
mrtbxia,0.0
mrtvywj,0.0
mruacul,0.0
mruldlm,0.0
mrunjfh,0.0
mrusshe,0.0
mrutjkz,1.0
mruxlrv,1.0
mrwohfm,1.0
mrwtubs,0.0
mrwwmcl,0.0
mrxaoop,0.0
mrxqqxf,1.0
mrxuehs,1.0
mrxvyga,1.0
mryxrcz,0.0
mrzfajz,1.0
mrzhbii,1.0
mrzjdpe,0.0
msabtqn,1.0
msahjbq,1.0
msbagip,0.0
msbkvqe,0.0
msbxcir,1.0
msbyjis,1.0
mscevhj,1.0
msckrfm,1.0
msclitq,0.0
mscuyve,0.0
msczovc,1.0
msddzdm,0.0
msdgilp,1.0
msdjigo,0.0
msegnjr,1.0
msejfte,1.0
mselwtq,1.0
msfanym,0.0
msfjzpd,1.0
msfmdil,1.0
msforbg,1.0
msgfbzq,1.0
msgijpg,0.0
msgmhfq,0.0
msgtwyw,1.0
mshekas,1.0
mshkcde,0.0
msikvwk,1.0
msilfse,1.0
msiqctu,1.0
msivaaj,1.0
msiztmq,1.0
msjcjti,1.0
msklsag,0.0
mslakik,1.0
mslkvhf,0.0
msllxtb,0.0
mslorml,1.0
msmcsea,1.0
msmqqdt,1.0
msmrjuo,0.0
msmsgkh,0.0
msmsuuw,1.0
msmwagn,1.0
msngcny,1.0
msnvhai,0.0
msobbla,1.0
mspdxnf,1.0
mspnlte,1.0
mspnoat,0.0
mspyyzv,0.0
mspztws,1.0
msqadmt,1.0
msqdour,0.0
msqisff,0.0
msqjonc,1.0
msqmdbx,1.0
msrqjdd,1.0
mssanul,1.0
msskxyc,1.0
msssxep,1.0
msszcvy,0.0
msuwnxr,0.0
msuyeol,0.0
msvfgdl,1.0
msvhpaq,0.0
msvhspp,1.0
mswizxq,1.0
msxdhpx,0.0
msxjzcc,0.0
msxpwrn,1.0
msxttzr,1.0
msxukcu,0.0
msxzzae,1.0
msykrvk,1.0
msyouol,0.0
msyrhra,1.0
msysdgo,1.0
msywafv,1.0
mszdrvr,0.0
mtazxql,1.0
mtbbgnh,0.0
mtbcdlw,1.0
mtbhtvh,1.0
mtbnekt,1.0
mtbpaze,1.0
mtbwaom,0.0
mtckpbm,1.0
mtcuuea,1.0
mtcvjmn,1.0
mtdgkxt,0.0
mtdjutw,1.0
mtdwnue,1.0
mtecutd,1.0
mteohto,1.0
mteplcg,1.0
mtfbywe,1.0
mtfiisl,0.0
mtfmdep,1.0
mtfpmcf,1.0
mtfpqug,1.0
mtfxtnx,0.0
mtgbpnc,1.0
mtgnqzg,1.0
mthbbvy,0.0
mthcfmw,1.0
mthisdg,0.0
mthndtk,1.0
mthsrvy,0.0
mthuqif,1.0
mthxxpu,1.0
mthyjhe,0.0
mthyvjy,1.0
mticcjz,0.0
mtivvzz,1.0
mtivyge,1.0
mtjngxq,0.0
mtjpajc,0.0
mtjpgzz,1.0
mtjtkvx,0.0
mtkdrtw,1.0
mtkjbky,1.0
mtkyvke,1.0
mtkzcdb,1.0
mtlaupr,1.0
mtlikyk,1.0
mtlvycs,0.0
mtmdelt,1.0
mtmgcbn,1.0
mtmqczl,1.0
mtmulfq,0.0
mtmwjnt,0.0
mtnkgmq,1.0
mtnscft,0.0
mtobcww,1.0
mtouojc,0.0
mtoyqat,1.0
mtozwdc,0.0
mtpcjpv,1.0
mtpebvg,1.0
mtpfxlw,1.0
mtpguzm,1.0
mtphgtv,0.0
mtplczz,1.0
mtpmqud,1.0
mtpqdlc,0.0
mtpudud,0.0
mtputjs,0.0
mtpwtok,1.0
mtqatge,1.0
mtqeatf,1.0
mtqhkal,1.0
mtqhrsh,1.0
mtqosuo,0.0
mtqreuv,1.0
mtrtyhw,0.0
mtseudr,1.0
mtsskbx,1.0
mtswnna,1.0
mttdehn,1.0
mttktwy,1.0
mtulisq,0.0
mtuoggn,0.0
mtwcgbe,1.0
mtwflgm,1.0
mtwhzmd,1.0
mtwkbbh,0.0
mtwsxhf,0.0
mtwxvbc,1.0
mtwykch,1.0
mtxcvcd,1.0
mtxmilx,0.0
mtxophv,1.0
mtxpafx,1.0
mtxvnlg,1.0
mtycvdt,0.0
mtyilea,1.0
mtykdnw,1.0
mtylpua,1.0
mtynfxg,1.0
mtzdobu,1.0
mtzdpbw,1.0
mtzgoeg,1.0
mtzmace,1.0
mtzyfyb,1.0
muachcy,1.0
mubayvi,1.0
mubnvpc,0.0
mubpdbt,1.0
mubuxvi,0.0
mucbgbt,1.0
mucwfyk,1.0
mudhvvo,1.0
mudnxjh,0.0
muduzxb,1.0
mueceuq,1.0
mueetnw,1.0
mueptiy,1.0
muethfz,1.0
mueuiew,1.0
mufbmba,1.0
mufchkb,0.0
mufpgtj,1.0
muggnwa,1.0
mugkeju,0.0
mugydom,1.0
mugzqvb,1.0
muhfqrt,1.0
muhgzny,1.0
muhngne,1.0
muhpgdr,0.0
muhryzp,1.0
muhtusa,0.0
muhusbc,1.0
muijcgb,1.0
muimqnk,1.0
muixast,0.0
mujehez,1.0
mujjtix,1.0
mujmwcb,0.0
mujqbte,1.0
mujtvvx,1.0
mujvaps,0.0
mujznqb,1.0
mukaofj,1.0
mukbbzh,0.0
mukeocy,1.0
mukiknw,1.0
muksdme,1.0
mukteqv,1.0
mukvsog,1.0
mukvybw,0.0
muldxaw,1.0
mulebwu,1.0
mulhtix,1.0
mulmcdv,1.0
mulpibi,0.0
mulsfsm,1.0
mumbjms,1.0
mumedvv,1.0
mumldzj,1.0
mummzav,1.0
mumsenk,0.0
muncsil,1.0
munquon,1.0
muobmer,1.0
muoqksm,0.0
mupcqfo,1.0
mupkrgk,1.0
mupnndu,1.0
mupouij,1.0
mupptxt,1.0
muqaxic,1.0
muqildm,1.0
muqswrf,1.0
muqswxm,0.0
murakyp,1.0
murxfzi,0.0
muslohq,0.0
musnlqu,0.0
musquoa,1.0
mustjqi,1.0
muswdyc,1.0
mutbpma,0.0
mutqoyq,1.0
mutvafm,1.0
muuhswy,1.0
muujplp,1.0
muumxsz,1.0
muuovfx,1.0
muuzrbz,1.0
muvaqkd,0.0
muvcwfo,0.0
muveufm,1.0
muvfbpc,1.0
muvgklp,1.0
muvlgbk,0.0
muwckbi,1.0
muwjzyk,1.0
muwsugk,1.0
muxbfeu,1.0
muxfkhq,0.0
muxjiaz,0.0
muxmupl,1.0
muxrwkq,1.0
muxsleg,1.0
muxvkef,1.0
muycbzk,1.0
muyqfrs,1.0
muyszkm,0.0
muyusic,1.0
muyvrap,1.0
muyzbnd,0.0
muzaluk,1.0
muzsgci,0.0
muzucfw,1.0
muzvahl,1.0
muzzfie,1.0
muzzjsc,1.0
mvaeseg,1.0
mvbaszj,1.0
mvbdlxr,1.0
mvbdvzr,1.0
mvbgfbx,1.0
mvbgsyu,0.0
mvbnwuv,1.0
mvbvxvd,1.0
mvbwjwr,1.0
mvbyato,1.0
mvcckxa,0.0
mvcddqm,1.0
mvcnvpf,0.0
mvcywcy,1.0
mvdarol,0.0
mvdieqb,1.0
mvdxtqe,0.0
mvefpdi,0.0
mvekdcw,1.0
mveuhha,1.0
mvfjwtn,0.0
mvfltng,0.0
mvgemlb,1.0
mvglyog,1.0
mvgqiit,1.0
mvgtili,1.0
mvgxbmc,0.0
mvhdnaq,1.0
mvhhimh,0.0
mvhkgii,1.0
mvhpkvp,1.0
mvhsrwm,0.0
mvhtxdx,1.0
mvhwwgh,1.0
mvhxdrv,1.0
mvibwyf,0.0
mvilakt,1.0
mvisxui,1.0
mvjenjy,1.0
mvjiaaz,1.0
mvjkhda,1.0
mvjkjuj,1.0
mvjuiig,1.0
mvkqeeh,1.0
mvkslwb,1.0
mvlcxau,1.0
mvlxnwi,1.0
mvmsebu,0.0
mvmyacu,0.0
mvnmtob,0.0
mvnobhw,1.0
mvnoqbf,1.0
mvnuiyg,1.0
mvnykak,1.0
mvonpfx,1.0
mvphuve,1.0
mvpjzvp,1.0
mvpqjxc,0.0
mvpwmpj,0.0
mvqhuvp,1.0
mvqiqka,1.0
mvqjxik,0.0
mvqqiht,1.0
mvqrupw,1.0
mvqyevi,0.0
mvrdwcd,1.0
mvrhuml,1.0
mvryuvf,1.0
mvsbdvc,1.0
mvscpcg,1.0
mvsgsyo,1.0
mvssuji,1.0
mvtddzn,1.0
mvtdjgr,0.0
mvthvtw,1.0
mvthxmm,1.0
mvtilla,1.0
mvtktkj,1.0
mvtmqvr,1.0
mvucboy,1.0
mvugtav,0.0
mvujrey,1.0
mvunbqy,1.0
mvupxwt,1.0
mvvpzad,1.0
mvvqduo,1.0
mvvrlwn,0.0
mvvunkl,1.0
mvvvvih,1.0
mvwkhbz,1.0
mvwsrft,1.0
mvxfskm,1.0
mvxiyar,0.0
mvxjahu,1.0
mvxkqne,1.0
mvxltot,1.0
mvxmcgx,0.0
mvxnhkv,0.0
mvxuicj,1.0
mvxvnsy,1.0
mvxvwag,1.0
mvynufa,1.0
mvywwdu,0.0
mvzjkbo,1.0
mvztehs,1.0
mvzzbaq,0.0
mwaabmd,0.0
mwauvce,1.0
mwbbrad,1.0
mwblasx,0.0
mwblsal,0.0
mwbuatv,1.0
mwbugni,1.0
mwbzrft,1.0
mwczqsb,1.0
mwdcwwe,1.0
mwdmdkk,1.0
mwdrbly,1.0
mwexdoe,1.0
mwezrmb,1.0
mwezykk,1.0
mwfinnx,1.0
mwfmklp,1.0
mwfthya,0.0
mwgbqjz,0.0
mwgefhg,0.0
mwgibhy,1.0
mwgprer,1.0
mwgtwos,1.0
mwgydph,1.0
mwhokam,1.0
mwhrden,1.0
mwhrioa,0.0
mwhrjtg,1.0
mwhtcrb,1.0
mwhuugw,1.0
mwhyrzl,1.0
mwigzpg,0.0
mwihxfq,1.0
mwiuzkd,1.0
mwivhev,1.0
mwizfsm,1.0
mwjecxv,0.0
mwjkuxv,1.0
mwjlenh,0.0
mwkbzqg,1.0
mwkjhgo,0.0
mwkqduw,0.0
mwkyqdj,1.0
mwlgxzl,0.0
mwljhur,1.0
mwmbexa,1.0
mwmbeym,1.0
mwmfjwt,1.0
mwmnrpt,0.0
mwmrjhl,0.0
mwnfjpm,1.0
mwnjvxs,1.0
mwohiuq,1.0
mwokjzn,1.0
mwomcnc,1.0
mworydg,1.0
mwoznuk,0.0
mwpbzgw,1.0
mwpjcun,1.0
mwpjfow,0.0
mwpqdkh,0.0
mwpzlmq,1.0
mwqhqcy,0.0
mwqiiid,1.0
mwqiyed,0.0
mwqlcke,1.0
mwqqnif,0.0
mwqynas,0.0
mwraupn,1.0
mwrdjlo,1.0
mwrvcxw,1.0
mwrwipe,1.0
mwrzsjx,0.0
mwsakpe,1.0
mwseogn,0.0
mwshvhz,0.0
mwsihjd,1.0
mwsmgpv,0.0
mwsnplp,1.0
mwssxld,0.0
mwstgyl,1.0
mwstnka,1.0
mwsuije,0.0
mwsyxqo,1.0
mwtjnrt,1.0
mwttotc,1.0
mwttsyi,1.0
mwubold,0.0
mwummos,1.0
mwuneyy,0.0
mwuqswn,1.0
mwvecrf,0.0
mwvevoa,1.0
mwvgggk,1.0
mwvhtep,1.0
mwvikpq,1.0
mwvkbmi,1.0
mwvyynx,1.0
mwwabjg,0.0
mwwktoh,1.0
mwwlmtt,0.0
mwwsrcl,0.0
mwwvkrn,0.0
mwxvrhp,0.0
mwzdnda,1.0
mwzgvix,0.0
mwzqbhy,0.0
mxadfnt,1.0
mxailgf,1.0
mxaugvf,0.0
mxazntb,0.0
mxbalbb,1.0
mxbcysv,1.0
mxbjjtr,1.0
mxbjlrs,1.0
mxbongx,1.0
mxcdfno,1.0
mxckxbz,0.0
mxcoqby,1.0
mxcyden,1.0
mxdboak,1.0
mxdiiut,1.0
mxdkolp,1.0
mxdpbkw,0.0
mxegkfm,0.0
mxekgyw,1.0
mxetmts,1.0
mxexzlf,1.0
mxfgmen,1.0
mxftisi,0.0
mxfwwrc,1.0
mxfyyos,1.0
mxghxol,1.0
mxgkcac,1.0
mxgsixf,1.0
mxhezhc,1.0
mxhinmy,1.0
mxhnyyv,0.0
mxhwglm,1.0
mxicjxp,0.0
mxiudvo,1.0
mxjlyej,1.0
mxkaswb,1.0
mxknoxl,0.0
mxktxlh,1.0
mxkxgsl,1.0
mxlkzzg,1.0
mxllwid,1.0
mxlufuy,0.0
mxmboky,1.0
mxmisil,0.0
mxmmmln,1.0
mxmmzvo,1.0
mxmqdym,0.0
mxmxxmz,0.0
mxmyrba,0.0
mxnaapp,0.0
mxnalxk,1.0
mxnejsx,1.0
mxnfigq,1.0
mxnhmcr,1.0
mxnirkl,1.0
mxnkhgi,1.0
mxnkqlo,1.0
mxnmvss,1.0
mxnoblc,1.0
mxocudj,0.0
mxoonvy,1.0
mxpkcbx,1.0
mxplhcm,1.0
mxppqny,0.0
mxpsnsn,0.0
mxqodff,1.0
mxritku,1.0
mxrqbnw,0.0
mxrtfxy,0.0
mxrzhnn,1.0
mxsdgsx,1.0
mxsfvzq,1.0
mxspypx,1.0
mxsryfq,0.0
mxstkby,1.0
mxsvixy,1.0
mxtgpjw,1.0
mxtmnkz,1.0
mxtpucw,1.0
mxtqfvd,1.0
mxtweob,0.0
mxudbif,1.0
mxuokvb,1.0
mxutxfi,1.0
mxuyrlw,1.0
mxvacrm,1.0
mxveaud,1.0
mxvkdbe,0.0
mxvtkfz,1.0
mxvxewb,1.0
mxwlutf,1.0
mxxcivn,1.0
mxxnlqd,1.0
mxxogop,1.0
mxyjhwi,0.0
mxyojii,1.0
mxyprfr,1.0
mxyrlnl,1.0
mxyvnxv,1.0
mxyxvii,0.0
myaolyv,0.0
myapfbs,1.0
myarnye,0.0
myavabi,1.0
mybafix,0.0
mybavor,1.0
mybgvax,1.0
mybqjwu,1.0
mybvxdx,1.0
myccjti,1.0
mycimwz,0.0
mycirnl,1.0
myciskw,1.0
mycxvol,1.0
mydargi,1.0
mydsukb,1.0
myegvwp,0.0
myehyjb,0.0
myeioos,0.0
myekozq,0.0
myenobp,1.0
myeptnn,1.0
myeqmhz,1.0
myerowk,1.0
myevukp,1.0
myfbctx,1.0
myfdkqc,1.0
myfequv,1.0
myfffxg,1.0
mygkuzh,1.0
mygusdc,1.0
myhbilq,1.0
myheyuf,1.0
myhqduu,1.0
myidysh,1.0
myifxwa,1.0
myilwtn,1.0
myjirbt,0.0
myjtbfx,1.0
myjugry,0.0
mykhost,1.0
mykjddq,1.0
myktgnw,0.0
mymikbw,1.0
mymoodv,1.0
mymsgig,1.0
mymzzbg,1.0
mynhbow,1.0
mynjsrc,1.0
mynmuib,1.0
mynouzy,0.0
myocegy,0.0
myoiiwi,1.0
myopocy,1.0
myoqbzk,1.0
myotfxu,0.0
mypaewz,1.0
mypgugb,0.0
mypxsdg,1.0
mypzakp,1.0
myqfpbz,1.0
myqyqmf,1.0
myrfwyq,1.0
myrqplm,1.0
myrtfbo,1.0
myrvnxu,1.0
myrwcnk,1.0
myrwznz,1.0
myrzyna,0.0
mysecwu,1.0
myseili,1.0
mysmfio,1.0
mysnlua,0.0
mysospt,0.0
mytgopz,1.0
mythane,1.0
mytokdz,1.0
myudzay,1.0
myumrzc,1.0
myuojow,0.0
myuoxle,1.0
myvahfy,1.0
myveeit,1.0
myvktls,1.0
myvpimi,1.0
mywgdrh,1.0
mywmgum,1.0
mywtgbg,1.0
mywtzfz,1.0
myxiivb,1.0
myxotad,0.0
myxoygb,1.0
myykvdd,1.0
myykwgd,1.0
myylyrf,1.0
myyocrh,1.0
myyyzre,0.0
myzhvss,1.0
myzjgfs,1.0
myzmfas,0.0
myzxsvb,1.0
mzadpra,0.0
mzalkif,1.0
mzarnqy,0.0
mzarrca,0.0
mzaudlz,1.0
mzawxbl,1.0
mzaxikn,1.0
mzbdduz,0.0
mzbdjkh,1.0
mzbfyka,1.0
mzbsmel,1.0
mzbzrgk,1.0
mzchbrm,1.0
mzcjzbp,1.0
mzcrzmr,1.0
mzctoif,0.0
mzcvgwj,0.0
mzdkasf,1.0
mzdmgyu,0.0
mzdvkec,0.0
mzdvspy,1.0
mzeabxv,0.0
mzeddck,1.0
mzedwqr,1.0
mzepefg,1.0
mzeskco,0.0
mzewukf,1.0
mzewyfo,1.0
mzeyxfq,1.0
mzfjsvz,1.0
mzfysft,1.0
mzgaets,1.0
mzgdhuu,1.0
mzgfcaf,1.0
mzgivjk,0.0
mzgmdaa,1.0
mzgpjav,1.0
mzgqxif,1.0
mzgrgxn,1.0
mzgyyas,1.0
mzhgijv,1.0
mzhktrx,1.0
mzhoeev,1.0
mzhopag,1.0
mzhptiv,1.0
mzibedt,1.0
mzijhuy,1.0
mziywho,0.0
mzjmanc,1.0
mzjujkv,1.0
mzjwoaj,1.0
mzkfexh,1.0
mzkuyxd,1.0
mzkxxau,1.0
mzlmpkh,0.0
mzltbvh,1.0
mzludbi,1.0
mzmgezd,1.0
mzmlcmn,1.0
mzmrcxn,1.0
mznlauk,1.0
mznscsd,0.0
mznwcln,1.0
mznwhfp,1.0
mzohwju,0.0
mzolbhw,1.0
mzoomfl,1.0
mzovoiw,0.0
mzpddds,1.0
mzpkroj,1.0
mzplbov,1.0
mzpqhow,1.0
mzqccus,0.0
mzqntch,1.0
mzqqxtd,1.0
mzqrpoz,1.0
mzquafe,0.0
mzqyftw,1.0
mzrfwnt,1.0
mzrisix,1.0
mzrmlwp,1.0
mzrqnhu,0.0
mzryisd,0.0
mzrykwv,0.0
mzrzoll,1.0
mzseizi,0.0
mzsiijw,1.0
mzsozuc,1.0
mztcwbv,0.0
mztjuvq,1.0
mzuhmkm,0.0
mzuhzgq,1.0
mzujiyh,0.0
mzuwlhn,1.0
mzuwlim,1.0
mzvzhhw,0.0
mzwkdwm,0.0
mzwsdjh,1.0
mzxdbmv,0.0
mzxjhsq,0.0
mzxmlak,1.0
mzxndjn,1.0
mzxpbbz,0.0
mzxvwpf,1.0
mzxyztn,1.0
mzyfvaf,0.0
mzylght,0.0
mzyycph,1.0
mzyynsr,1.0
mzzauud,1.0
mzznmtr,1.0
mzzwykb,0.0
mzzzqwe,1.0
naabkis,0.0
naafuyb,1.0
naahtpq,1.0
nabekbk,1.0
nabsgsn,1.0
nabtakm,1.0
nabyrjw,1.0
nacaspw,0.0
nacnnaq,0.0
nacvipt,0.0
nadfzor,1.0
naeehrk,1.0
naeoswb,0.0
naepvlx,1.0
nafarku,0.0
nafwijh,1.0
nafxvug,0.0
nagbtwf,1.0
nagbvms,1.0
naggrru,0.0
naggypv,1.0
naghrby,0.0
nagivix,1.0
nagncdt,0.0
nagnmdg,0.0
nagortp,1.0
nagpwpa,1.0
nagwxqv,1.0
nahemmw,1.0
nahmnko,1.0
nahufom,1.0
nahvfwr,1.0
nahwqib,0.0
naijarq,1.0
naikgpu,1.0
nailtqe,0.0
naipgqd,1.0
naitmom,1.0
naixoju,0.0
najjvyh,1.0
najpcfn,1.0
najsptw,1.0
nakgeej,1.0
nakmvdw,1.0
naknavg,0.0
nakxgit,1.0
nalfsyb,1.0
nalokbk,0.0
nalspsf,0.0
nambudm,1.0
namhzcu,1.0
namnhlh,0.0
namsgim,1.0
nanaoge,1.0
nankixq,1.0
nanozdw,1.0
nanzgww,1.0
naoeihq,1.0
naojqdo,1.0
naojxcd,0.0
naokopz,1.0
naombch,1.0
naomzud,1.0
naoomlc,1.0
naoszyi,1.0
napfckh,1.0
napfnhj,0.0
naqdiqz,1.0
naqhixp,0.0
naqlakz,1.0
narkmzw,0.0
narnjot,1.0
narodvg,0.0
narrcad,0.0
nascnkp,0.0
nasdowo,0.0
nasflle,1.0
natkthh,1.0
natnoms,1.0
natqicg,0.0
natugdy,1.0
naukjus,1.0
naurrbl,1.0
nauuvty,0.0
nauwcbm,0.0
nauxlxf,1.0
nauylev,1.0
navbntz,0.0
navljxg,0.0
navntjs,0.0
nawjler,1.0
nawjlrx,1.0
nawjsbk,1.0
naxgamr,1.0
naxgcwg,1.0
naxlsbl,1.0
naxnlxo,1.0
naxpklz,0.0
naxrlhz,1.0
naxryuz,1.0
naxudjg,1.0
naxzuof,1.0
naygfat,1.0
nayiriy,1.0
naymixt,0.0
nayykue,1.0
nayyowc,1.0
nazbeqj,1.0
nazgatv,0.0
nazgixk,0.0
nazopuv,0.0
nbaiequ,1.0
nbajzpu,0.0
nbavqem,1.0
nbbbbxs,1.0
nbbdivw,1.0
nbcabgy,1.0
nbcdsab,1.0
nbdkshf,0.0
nbdswgd,0.0
nbeffnx,0.0
nbekkww,1.0
nbeklcm,1.0
nbeudtg,1.0
nbeuwre,0.0
nbexgju,1.0
nbeyaog,1.0
nbfaczx,1.0
nbfcfll,0.0
nbfxhvj,1.0
nbgceuj,0.0
nbgizgd,0.0
nbgwwtv,1.0
nbhckmp,1.0
nbhdsxf,0.0
nbhinxg,1.0
nbhovdi,1.0
nbhqtld,0.0
nbihoob,0.0
nbijmef,1.0
nbisswn,1.0
nbiybpc,0.0
nbjctsq,1.0
nbjkboa,1.0
nbjmhoh,1.0
nbkkcrt,1.0
nblexlu,0.0
nblhdvl,1.0
nblqckb,0.0
nblqfdk,0.0
nbluhyt,1.0
nbmelfj,1.0
nbmrumy,0.0
nbnqosu,1.0
nbnrfof,0.0
nbnujmg,1.0
nbospkv,0.0
nbpljyx,1.0
nbqvarq,0.0
nbratao,1.0
nbraysq,1.0
nbrdqfy,0.0
nbrpodr,1.0
nbscckk,0.0
nbssjhd,0.0
nbswunb,0.0
nbtcpzh,1.0
nbtfrtz,1.0
nbthadn,0.0
nbtknsd,1.0
nbtmzlv,0.0
nbtnwcs,0.0
nbulnjp,1.0
nbvagli,1.0
nbvfseu,1.0
nbvidnj,1.0
nbvjioo,1.0
nbvnytj,0.0
nbvprah,0.0
nbvuccn,0.0
nbwkoze,1.0
nbxgwcg,0.0
nbxkuah,0.0
nbxspct,1.0
nbxubpd,1.0
nbxysvn,1.0
nbylwds,1.0
nbzdrlt,1.0
nbzgvfi,1.0
nbztnbp,1.0
nbzyusr,0.0
ncaefzj,0.0
ncaqdet,1.0
ncbgfco,1.0
ncbiafh,1.0
ncbslrp,1.0
ncbszwm,0.0
ncbybfl,0.0
ncbzdaa,1.0
ncbzdei,1.0
ncclkks,1.0
ncdjggg,1.0
ncdrkwl,1.0
ncdupfo,1.0
ncdwjao,1.0
ncelfjz,1.0
nceubuo,1.0
ncevwib,0.0
ncexxfo,1.0
nceyxcv,0.0
ncfpjjs,1.0
ncfyiot,1.0
ncgpaok,1.0
nchbrim,1.0
nchbtdh,1.0
nchjmth,0.0
nchvmkn,1.0
ncitqmi,1.0
ncjbudz,1.0
ncjfwif,0.0
ncjtllb,1.0
ncjupaw,1.0
ncjxxlb,0.0
nckapgi,1.0
nckgslt,1.0
ncknshz,0.0
nckooel,1.0
nckrhfa,1.0
ncksqnb,0.0
nclgdtq,0.0
nclqcer,1.0
nclukkp,1.0
nclwoml,1.0
ncmaigr,1.0
ncmcusd,0.0
ncmgoux,0.0
ncmpour,1.0
ncmuocf,0.0
ncnkgql,1.0
ncnpton,1.0
ncnshuh,0.0
ncnsiav,1.0
ncnynen,1.0
ncoazqk,1.0
ncobaos,0.0
ncoicmh,0.0
ncpbpbt,1.0
ncpoiyo,1.0
ncprsdj,1.0
ncqbacb,0.0
ncqdyep,0.0
ncqlrlo,1.0
ncqyyla,1.0
ncrcpww,1.0
ncreyho,1.0
ncroklw,1.0
ncrqyiu,0.0
ncrvice,1.0
ncsnnud,1.0
ncsopbu,1.0
ncsqhka,1.0
nctvdmi,1.0
ncuevqv,1.0
ncuoeou,1.0
ncuvyfe,1.0
ncuxdbv,1.0
ncuzbqh,1.0
ncvxhdn,1.0
ncvxnpj,1.0
ncvzpuq,1.0
ncwnrpf,1.0
ncwzyfi,1.0
ncxiygf,1.0
ncxqmpo,0.0
ncxuley,1.0
ncxxjup,1.0
ncybaml,1.0
ncydfwt,0.0
ncyfzsh,1.0
ncykazn,1.0
ncyqlwv,1.0
ncytqgc,1.0
ncyvdfr,1.0
ncyxhfu,0.0
ncyynua,0.0
nczoydh,1.0
nczrlsq,1.0
nczsfao,0.0
ndalzmh,0.0
ndaquir,1.0
ndarnbg,0.0
ndbfhza,1.0
ndbflts,1.0
ndbgrfg,0.0
ndcbobg,1.0
ndcclyi,1.0
ndcpayh,1.0
ndcukua,1.0
ndcyocz,1.0
nddcvco,1.0
nddkawy,1.0
nddswdu,0.0
ndepayr,1.0
ndexgez,1.0
ndfcrzg,1.0
ndfniqg,0.0
ndfreec,1.0
ndgdfuw,1.0
ndgiplb,1.0
ndgmhhx,1.0
ndgreve,1.0
ndhaklr,1.0
ndhtehf,1.0
ndhuiow,1.0
ndhwopz,1.0
ndidlnz,0.0
ndihrta,0.0
ndionwp,1.0
ndiujol,1.0
ndixnde,0.0
ndixuoq,1.0
ndjbzrv,1.0
ndjiqbh,0.0
ndjwioa,0.0
ndknsin,1.0
ndkpbpv,0.0
ndkqzyd,0.0
ndkwlui,1.0
ndljohj,1.0
ndlknls,1.0
ndmasiw,1.0
ndmtkhz,1.0
ndmvvwz,0.0
ndmyghj,1.0
ndnobkd,1.0
ndnsfzy,1.0
ndnvdcf,1.0
ndnwddb,1.0
ndnzqjg,1.0
ndofzvq,1.0
ndogfcz,1.0
ndojtqz,0.0
ndownzn,1.0
ndpjvsg,1.0
ndpzchr,0.0
ndqfmkn,1.0
ndqgnok,0.0
ndqrajm,1.0
ndqvmrn,0.0
ndrfjds,1.0
ndrgqhs,1.0
ndrjgpt,0.0
ndrpwvy,1.0
ndrquhh,0.0
ndrxnlx,1.0
ndsrmfl,1.0
ndsumsj,1.0
ndszaen,1.0
ndthtrk,0.0
ndtkreu,1.0
ndtkvnw,1.0
ndtlqem,1.0
ndtncka,0.0
ndtoupf,1.0
ndtpjvr,0.0
ndubpom,1.0
ndufans,0.0
nduonhc,1.0
nduqdzq,0.0
nduzyug,1.0
ndvblqa,0.0
ndvdgzb,1.0
ndvfdxk,0.0
ndwkvoi,1.0
ndwoccf,0.0
ndxdsfi,1.0
ndxivmz,1.0
ndxiywj,1.0
ndxtnhb,1.0
ndxvpgx,0.0
ndxzomo,1.0
ndybfnw,0.0
ndyqwoe,1.0
ndyrmgp,1.0
ndysfky,1.0
ndyyxxb,0.0
ndyzyil,1.0
ndzhkno,1.0
ndzyxcy,0.0
neaesck,1.0
nearcyg,1.0
nearzup,1.0
neavfxc,1.0
nebcnud,1.0
nebgnag,1.0
neblpbg,0.0
nebutqe,1.0
nebzyws,1.0
necdolt,1.0
necicwn,1.0
necwebn,1.0
nedifpm,1.0
nedqfzw,1.0
nedwkul,1.0
neembjy,1.0
nefainm,1.0
neggmev,0.0
negicih,1.0
negjfba,1.0
negvvpl,1.0
nehdchg,1.0
nehjcyw,0.0
nehwvxw,0.0
neigfot,1.0
neihftu,1.0
neioujz,0.0
neithwa,1.0
nejbwfe,0.0
nejdlgm,1.0
nejdrhy,0.0
nejjcrw,1.0
nejvbip,1.0
nekijgv,1.0
nekkfsf,1.0
neklovs,0.0
nekmypv,0.0
nekugzd,0.0
nelclgc,1.0
nelhirb,1.0
nelikpj,1.0
nelksub,1.0
nelmngt,1.0
nelnqfc,0.0
nelstwo,1.0
nemfzxz,1.0
nemworl,0.0
nemzwyq,0.0
nenhqcq,1.0
nenskdv,1.0
nentmvs,0.0
neopwxg,1.0
neoqkhy,0.0
neoxdby,1.0
neozdlc,1.0
nepdrju,1.0
neprmxv,1.0
nepwsos,1.0
nepzqsd,1.0
nerccdt,0.0
nerchml,1.0
nereifh,1.0
nerndkg,1.0
nervusb,1.0
nerxvso,0.0
nesanec,1.0
neshyzq,1.0
netpnvh,1.0
netrmjz,0.0
netviag,1.0
neudrdi,0.0
neumhrh,1.0
neuudkz,1.0
nevpztc,1.0
newcuqj,1.0
newkbaf,0.0
nexikjg,1.0
nexodat,0.0
nexwllr,1.0
neyarfu,1.0
neylgwe,0.0
neyvsho,1.0
neyxnnt,1.0
nezftlw,0.0
nezwgjl,1.0
nfairkj,1.0
nfazmxg,0.0
nfbdzpk,1.0
nfbljxy,1.0
nfbqhxi,1.0
nfbswzh,0.0
nfcakxs,1.0
nfccgjk,1.0
nfcekrh,1.0
nfcjwjz,0.0
nfdrxzd,1.0
nfdymjn,1.0
nfejjtt,0.0
nffgcga,1.0
nffubjz,1.0
nfgiqdw,0.0
nfgkogg,1.0
nfgoead,1.0
nfgxlwg,1.0
nfgyvqi,0.0
nfhpamx,1.0
nfhvgca,1.0
nfijfet,0.0
nfipwmz,0.0
nfirhyr,1.0
nfjfiev,1.0
nfjofwv,1.0
nfjqbau,0.0
nfjyqgb,1.0
nfkgjvv,1.0
nfkxvei,1.0
nflakpm,1.0
nflfchc,1.0
nfljnar,1.0
nflnhbl,1.0
nfmbwhc,1.0
nfmeciv,1.0
nfmgjdq,1.0
nfmjlkp,1.0
nfmlfvb,1.0
nfmshta,1.0
nfmtqxh,0.0
nfmxcwt,1.0
nfnwtgh,0.0
nfokakz,1.0
nfopvko,1.0
nfphkop,1.0
nfpkufl,1.0
nfppobp,0.0
nfpqlrq,1.0
nfpqxzd,0.0
nfpqzih,0.0
nfpvgri,0.0
nfqckce,0.0
nfqmori,1.0
nfqngid,0.0
nfqnyfh,1.0
nfrmcjg,1.0
nfrnqvz,1.0
nfrweag,1.0
nfspxmt,0.0
nfsyywe,1.0
nfszgrq,1.0
nftmhaa,1.0
nfuflwe,1.0
nfuselr,1.0
nfvfnxy,1.0
nfvmoij,0.0
nfvsrur,0.0
nfvthxv,0.0
nfwifio,0.0
nfwnzrk,0.0
nfwpupt,1.0
nfwytrw,1.0
nfypaua,1.0
nfyyzom,1.0
ngaimrk,1.0
ngakfpb,0.0
ngavzwt,0.0
ngbnwjq,1.0
ngbqqgm,1.0
ngcxsdl,1.0
ngdbkys,1.0
ngdjevb,1.0
ngdllai,0.0
ngdmyor,1.0
ngdtnso,1.0
ngeebsi,0.0
ngeukxh,0.0
ngfftlk,0.0
ngfivlj,1.0
ngfmwmj,1.0
nggchkg,0.0
nggmpko,0.0
nggnjrq,1.0
nggvers,1.0
nggwvex,1.0
nghbhot,1.0
nghfggj,1.0
nghnsse,0.0
ngirtkv,1.0
ngistdk,1.0
ngitavx,1.0
ngithve,1.0
ngjkanc,1.0
ngjuuku,1.0
ngkkzpl,1.0
ngkqtvi,1.0
ngkvoer,1.0
ngkxqej,0.0
nglotbd,1.0
nglqayw,1.0
nglutmt,0.0
ngmgtnv,0.0
ngmqudl,1.0
ngngrfg,1.0
ngnsqig,0.0
ngnxybm,0.0
ngolexp,1.0
ngotwun,1.0
ngovmoo,1.0
ngpihcz,1.0
ngprtbw,1.0
ngpskja,0.0
ngpzkzs,1.0
ngqbrhe,1.0
ngqetsi,1.0
ngqhspd,1.0
ngqpomm,0.0
ngqyndz,1.0
ngqzqmd,0.0
ngqzqoj,0.0
ngrdrfj,0.0
ngreozd,1.0
ngrjriq,1.0
ngromjr,0.0
ngrwstw,1.0
ngsdhwz,1.0
ngsofhy,1.0
ngsswwh,0.0
ngssyzo,0.0
ngsxygy,1.0
ngtkvnj,1.0
ngtmlkn,1.0
ngtpdfb,0.0
ngtpztq,1.0
ngtsehq,1.0
ngtwgde,1.0
nguflyk,1.0
ngufssc,0.0
ngulmzl,0.0
nguolvw,0.0
ngurxbw,0.0
nguwowe,1.0
ngvffzf,0.0
ngvjvtj,1.0
ngvubwv,0.0
ngvwuwv,0.0
ngwbyij,0.0
ngwcwjt,0.0
ngwfaiw,1.0
ngwqtmq,1.0
ngwrlwk,1.0
ngwuruc,1.0
ngwzsoo,1.0
ngxbkqq,1.0
ngxcbvu,0.0
ngxjjso,1.0
ngxkvun,1.0
ngxpczm,0.0
ngxxxmh,1.0
ngydsdk,0.0
ngyrldm,1.0
ngznzmi,1.0
ngztiba,1.0
nhafyhd,1.0
nhajngr,1.0
nhajqmg,1.0
nhalgjl,0.0
nhartlc,1.0
nhawjew,0.0
nhayrmi,0.0
nhbehcr,1.0
nhbidsq,1.0
nhcqkyb,0.0
nhcqvwd,1.0
nhcwuur,1.0
nhdievk,1.0
nhdtsqa,1.0
nhdtwai,0.0
nhdwfwi,1.0
nhevnzd,1.0
nhevzqv,1.0
nhfiwif,0.0
nhfjalh,1.0
nhftvjm,0.0
nhgvjod,1.0
nhgxhih,0.0
nhgzexp,1.0
nhheqbf,0.0
nhhkzqt,1.0
nhhoumj,0.0
nhhpxgg,1.0
nhhvsge,1.0
nhihqbr,1.0
nhilsup,1.0
nhilwso,1.0
nhjblex,0.0
nhjcpby,0.0
nhjeftw,1.0
nhjgosu,1.0
nhjlwvw,1.0
nhjxdpk,1.0
nhkbonc,1.0
nhkfhco,0.0
nhkmziw,0.0
nhkubjj,1.0
nhljbyc,1.0
nhlnxua,1.0
nhlopke,0.0
nhlrsje,1.0
nhlwitn,0.0
nhlzrqo,1.0
nhmeboc,1.0
nhmfnoe,1.0
nhmhewy,0.0
nhmubah,1.0
nhmyxme,1.0
nhnbuim,1.0
nhnibwj,0.0
nhnpryj,0.0
nhntrzo,1.0
nhnwslo,1.0
nhoicii,1.0
nhppkce,1.0
nhqabnc,1.0
nhqqtzj,1.0
nhquxzz,1.0
nhqxrgn,0.0
nhrjeke,1.0
nhrlayn,0.0
nhsgygx,0.0
nhszkpk,1.0
nhtaltx,1.0
nhtmhlh,1.0
nhunwmk,1.0
nhuoxzt,1.0
nhurctc,1.0
nhuxddn,1.0
nhvgdtt,1.0
nhvrxhe,1.0
nhvwpco,1.0
nhwdkkz,1.0
nhwdxvg,0.0
nhwjlkb,1.0
nhwlriv,0.0
nhwqvik,1.0
nhwvpzt,0.0
nhwxitl,1.0
nhxbfmi,0.0
nhxfsky,1.0
nhxsqrw,1.0
nhxywdy,1.0
nhxyywg,1.0
nhycevw,1.0
nhyibiu,1.0
nhyoeiu,1.0
nhzjmvr,1.0
nhzlywp,1.0
nhzylgs,0.0
nhzzbwj,1.0
niacorm,1.0
niagavf,0.0
niahkrs,0.0
nianksx,1.0
nibbzid,1.0
nibibgx,1.0
nibskln,1.0
nibwcaz,1.0
nicbror,0.0
nicxrvt,1.0
nidahrm,1.0
nidiuht,1.0
nidrvon,1.0
nidymga,1.0
nieetkw,0.0
nifikbd,0.0
nifvsui,0.0
nifwfuu,1.0
nigtmcs,1.0
nigxkfv,1.0
nihsinn,1.0
nihzizz,1.0
nijadjd,1.0
nijclpt,1.0
nijjtod,1.0
nijkalp,1.0
nijngpm,1.0
nijzeye,1.0
nijzxjh,1.0
nikbcni,1.0
nikjpxh,1.0
nikkmiv,1.0
nikozzz,1.0
niksvxs,0.0
niloipf,1.0
niluadm,1.0
nilvosn,0.0
nilwsqc,1.0
nilwxye,1.0
nimbfel,1.0
nimejos,1.0
nimeqat,0.0
nimirhj,1.0
nimrxqu,1.0
nimsonu,1.0
nimtids,0.0
nimzgzg,1.0
ninooia,0.0
ninrkbm,0.0
ninshdl,0.0
nintvvy,0.0
ninzxbb,1.0
nioedkq,0.0
nioevco,1.0
niogiul,1.0
nioyowc,1.0
nipgmcc,1.0
nipkjtx,1.0
nipkrdr,1.0
nipoalg,0.0
nippbmx,1.0
niprlox,0.0
nipvqaq,1.0
nirckkt,1.0
nircwza,1.0
nirjson,1.0
nisbkos,0.0
nisgmoy,1.0
nisrfjk,1.0
nisxmqa,1.0
nitabmh,0.0
nitjemz,1.0
nitokqv,1.0
nitrjvl,1.0
nittlyl,1.0
nitucxc,1.0
nitxxat,1.0
niucmvr,0.0
niuilqj,1.0
niujxmn,1.0
niulays,0.0
niuzdbu,0.0
niviofg,1.0
nivlzka,1.0
niwsikw,1.0
niwwgwp,1.0
nixhzaw,1.0
nixmzbm,0.0
nixnclv,1.0
nixtfzj,1.0
niygrnf,1.0
niyliwj,1.0
niyohqz,0.0
niyonpc,1.0
nizkjnk,1.0
niznjzy,0.0
nizoxed,0.0
njaaxjz,0.0
njacorr,0.0
njaiign,1.0
njazpzv,1.0
njbnrgh,1.0
njbprck,0.0
njbqkrb,0.0
njbxglf,1.0
njcfuop,1.0
njcjcrt,1.0
njckixo,0.0
njcpjwc,1.0
njculyf,0.0
njcuoko,1.0
njdhmsi,0.0
njdjrsq,1.0
njdnlkn,0.0
njfpcha,0.0
njgehuv,1.0
njgevdr,1.0
njgfbko,0.0
njgrrro,1.0
njhadsh,1.0
njhsbcn,1.0
njiaumf,1.0
njigsrv,1.0
njihcpd,1.0
njisear,1.0
njjefvd,1.0
njjgoxn,1.0
njjorby,0.0
njjuskq,1.0
njknkkz,1.0
njknqva,1.0
njknqym,1.0
njllhjg,1.0
njlvtol,0.0
njmcjhy,1.0
njmplvf,0.0
njmredy,0.0
njngnex,0.0
njnikfy,1.0
njnlwek,0.0
njnsiaz,0.0
njokfbo,1.0
njopuln,1.0
njpidsl,0.0
njpqgbm,1.0
njpsotn,0.0
njpzjyu,1.0
njqazuc,1.0
njqqakm,0.0
njqqqxv,1.0
njrflse,1.0
njrohjv,0.0
njrprgk,0.0
njsafzg,1.0
njsdkkx,1.0
njsdute,1.0
njsrnem,0.0
njsvipk,0.0
njsvlig,0.0
njswzec,1.0
njtegsz,1.0
njtopjq,1.0
njtqumg,1.0
njtxnfi,0.0
njtzfqo,1.0
njudeoq,0.0
njuonkn,1.0
njuzjsv,1.0
njvehlg,1.0
njvhwpp,1.0
njvveak,1.0
njwdpiz,1.0
njwvcpi,0.0
njwvumf,1.0
njxeigi,1.0
njxjoec,0.0
njxnarg,0.0
njxvtfd,1.0
njxwzkp,0.0
njxywkf,0.0
njycelc,0.0
njyhoys,1.0
njywejs,1.0
njzjepq,0.0
njzjrxw,0.0
njznnbf,1.0
njznqte,0.0
njzttsc,0.0
njzwdvz,1.0
njzxhwr,1.0
njzxxtz,1.0
njzyivr,1.0
njzyljc,1.0
nkbmzvg,1.0
nkbrzbq,1.0
nkbxlkg,1.0
nkcosqi,1.0
nkcpnbu,1.0
nkdazhi,0.0
nkdhxnc,1.0
nkdvorr,0.0
nkdzrtj,1.0
nkeeifi,1.0
nkelfvb,1.0
nketrkw,0.0
nkfftnz,0.0
nkfhhss,0.0
nkflhlm,0.0
nkfsdmn,0.0
nkfwtph,1.0
nkgiofd,1.0
nkgybeh,1.0
nkgzcjd,1.0
nkhyvuw,1.0
nkiwmxa,1.0
nkixwzm,1.0
nkjbqtq,1.0
nkjgwal,1.0
nkjmyhm,1.0
nkjqynb,1.0
nkkcjhr,1.0
nkkozwb,1.0
nklardv,1.0
nklbplt,0.0
nklgtvt,0.0
nklhanv,1.0
nkljncc,0.0
nklvdtr,1.0
nklzlzo,0.0
nkmjdrs,1.0
nkmqalu,0.0
nkmwqjh,1.0
nkmwtit,1.0
nknbexk,1.0
nknpgfo,0.0
nknphxi,0.0
nknucwy,1.0
nkohezr,0.0
nkougba,0.0
nkoujkj,1.0
nkouznj,0.0
nkowrgz,0.0
nkprcsz,0.0
nkpzorc,1.0
nkqmdic,1.0
nkqskmq,0.0
nkqtray,1.0
nkrdqqs,1.0
nkrfync,1.0
nkrlfne,1.0
nkrnhxv,1.0
nkrtdmt,0.0
nkruvwr,1.0
nkswtyu,0.0
nksxarl,1.0
nktwhzs,0.0
nkudmme,1.0
nkuicqt,1.0
nkumwlm,1.0
nkuppqg,0.0
nkusgzb,1.0
nkusrqu,1.0
nkutelu,0.0
nkvaqhw,1.0
nkvhkli,1.0
nkwbssn,1.0
nkxcnxj,1.0
nkxfnij,1.0
nkxqyqy,1.0
nkxtumq,1.0
nkxykxm,1.0
nkxzyxi,0.0
nkypuel,1.0
nkystku,1.0
nkzfsir,1.0
nkzgtra,0.0
nkzhgjo,1.0
nkzjvug,0.0
nkzulne,0.0
nlacbmm,1.0
nlaqfjb,0.0
nlaukvp,1.0
nlawwwi,1.0
nlbacbh,1.0
nlbhvzq,1.0
nlbinqw,1.0
nlbqkuk,0.0
nlbylzj,0.0
nlcjmyb,1.0
nlckfoe,1.0
nlcnwdb,1.0
nldhdxy,1.0
nldhmrm,1.0
nldkcjx,1.0
nldqmli,1.0
nldslcc,1.0
nledbyv,0.0
nlehtel,1.0
nleqpuk,1.0
nleulvw,1.0
nlezmul,1.0
nlfaovz,1.0
nlfaywd,0.0
nlfwqrg,1.0
nlfwtnn,1.0
nlfyttf,1.0
nlgaodm,1.0
nlglsxg,1.0
nlgtouo,1.0
nlhgoon,1.0
nlhpmst,1.0
nlhtpus,0.0
nlinmaj,1.0
nljigkm,1.0
nljxcvx,0.0
nlkguaf,1.0
nllcnlm,1.0
nllmnri,0.0
nlmcwpp,1.0
nlmfpfk,0.0
nlmqqlj,0.0
nlnaupn,0.0
nlnhbeu,1.0
nlnifky,1.0
nlnowlh,1.0
nlnxgke,1.0
nloagjq,1.0
nlokgdy,1.0
nlokgum,0.0
nlomccy,0.0
nloqepr,1.0
nloyufl,1.0
nlpmtbw,1.0
nlpraul,1.0
nlptkwo,1.0
nlpzcbb,1.0
nlqdcow,0.0
nlqgpyn,0.0
nlqjjuq,1.0
nlqqofa,1.0
nlqqwcr,1.0
nlqxovd,1.0
nlrqzuy,1.0
nlsdrqd,1.0
nlslbxw,1.0
nlstjky,1.0
nlsvhsa,1.0
nlsxukl,0.0
nltejqx,0.0
nltrtjs,0.0
nltzguu,1.0
nlujyqs,0.0
nlunfng,0.0
nlungtd,1.0
nluvjsl,0.0
nluvtbq,0.0
nlvaicn,0.0
nlvkpku,0.0
nlvljll,1.0
nlvrbjc,1.0
nlwgxfd,0.0
nlwknzn,0.0
nlwwrhy,1.0
nlwxiyb,1.0
nlxodes,1.0
nlxpzme,0.0
nlxzemo,0.0
nlyakgm,1.0
nlycbpz,1.0
nlydcky,1.0
nlydrll,1.0
nlyfbdv,1.0
nlymlbq,1.0
nlzawsh,1.0
nlzrbsk,0.0
nmakggd,1.0
nmalpeb,1.0
nmbcbzg,1.0
nmbdqxa,1.0
nmbkibz,1.0
nmbteql,1.0
nmbubbn,1.0
nmbvuhz,0.0
nmbwkhn,1.0
nmcfbgo,1.0
nmcjjku,1.0
nmcrpvn,1.0
nmcxxht,1.0
nmdkegt,1.0
nmdqsjh,1.0
nmdwxgh,0.0
nmechmf,0.0
nmedebd,1.0
nmefrjf,1.0
nmeoyji,1.0
nmeqjbb,0.0
nmevqci,1.0
nmforcb,1.0
nmfovah,1.0
nmfsaln,0.0
nmfvfrn,1.0
nmfyicb,1.0
nmgruaq,1.0
nmgvtgx,1.0
nmgxfpm,1.0
nmhrquy,1.0
nmhzbeg,1.0
nmiftjn,0.0
nmiibup,0.0
nmiioew,1.0
nmiioup,1.0
nmiqmrb,1.0
nmkxlhc,1.0
nmleaoi,1.0
nmlihgj,1.0
nmlxhqg,1.0
nmmwdib,1.0
nmneydr,1.0
nmnybgp,1.0
nmocryv,1.0
nmowlvc,1.0
nmplbdz,1.0
nmpyjon,0.0
nmqhyqv,0.0
nmqktze,1.0
nmqlxwo,0.0
nmrisvr,1.0
nmrltir,0.0
nmrwfws,1.0
nmrwlmt,0.0
nmrwlyc,1.0
nmshgxk,1.0
nmslccy,1.0
nmslyfw,1.0
nmsrcuh,1.0
nmsryuq,1.0
nmsxckj,1.0
nmszaqd,1.0
nmtbxmc,1.0
nmtrhqr,1.0
nmtrnyb,1.0
nmuhkfc,1.0
nmutbmd,0.0
nmuybyo,0.0
nmuzaxn,1.0
nmvjdft,1.0
nmvssil,1.0
nmwfbqx,0.0
nmwwiis,1.0
nmxeier,1.0
nmxpxrf,1.0
nmyaacp,1.0
nmyfcea,0.0
nmypadv,1.0
nmypxxm,0.0
nmzbeue,1.0
nmzeyax,1.0
nmzlmuw,1.0
nnaaljg,1.0
nnbbsgu,0.0
nnbhecj,1.0
nnbxmwo,1.0
nncnixo,0.0
nncteek,1.0
nncyxvt,1.0
nnczbnq,1.0
nndadkp,1.0
nndohfb,1.0
nndpdbb,1.0
nndpjgo,1.0
nndvjzc,1.0
nndzraa,0.0
nnekkeb,0.0
nneqlcg,1.0
nnewfad,1.0
nnfaquj,1.0
nnfdkad,1.0
nnfforx,1.0
nngmtbr,1.0
nnhcwxu,0.0
nnhgxvs,0.0
nnhjeyj,0.0
nnhjiog,1.0
nnhpaxb,0.0
nnhrgoz,1.0
nnhtktj,1.0
nnhugct,0.0
nnhwbkj,1.0
nnhwhef,1.0
nnhwuxr,1.0
nniecgl,1.0
nnijxzz,0.0
nnikpwy,0.0
nnimrhv,1.0
nninzxx,1.0
nnipeds,1.0
nniuzlt,0.0
nnivcnh,1.0
nnixdgu,1.0
nnixzyt,1.0
nnjgbeg,0.0
nnjjgaw,1.0
nnjnoug,1.0
nnjpnnn,0.0
nnjqcjo,1.0
nnjvixh,1.0
nnkckhi,1.0
nnkqxnc,1.0
nnkrqba,1.0
nnkzayx,1.0
nnlllqe,0.0
nnlptpd,0.0
nnlrnce,0.0
nnlwpzb,1.0
nnlxhhu,1.0
nnlxoce,1.0
nnmpvna,0.0
nnmrcgk,1.0
nnncnqp,1.0
nnnjjjx,1.0
nnnzieh,1.0
nnnzvus,0.0
nnolwmo,0.0
nnoqqpa,1.0
nnosepx,1.0
nnpsmdu,1.0
nnpumwx,1.0
nnqclso,1.0
nnqcntw,1.0
nnqlavp,0.0
nnrhttp,0.0
nnrjyqm,1.0
nnrlpcd,0.0
nnrpxls,1.0
nnrqamp,1.0
nnsfpbb,0.0
nnsxdas,1.0
nnsyjfz,1.0
nnszzme,1.0
nntiaua,0.0
nntnbub,0.0
nntzgzv,1.0
nnubdrb,1.0
nnubplf,0.0
nnuefll,0.0
nnufdjd,1.0
nnukehj,1.0
nnunvez,1.0
nnuoeor,1.0
nnuxekn,1.0
nnveiew,0.0
nnvgrvg,1.0
nnvitau,1.0
nnvxvag,0.0
nnvynbx,0.0
nnwtful,0.0
nnwwcby,0.0
nnxaazo,0.0
nnxcigo,0.0
nnxvpvr,1.0
nnxzcke,0.0
nnyfjuo,1.0
nnyflek,1.0
nnyrjut,1.0
nnzudge,0.0
noaiqsm,0.0
nobabhw,1.0
nobcial,1.0
nobqjzx,1.0
nochzsg,1.0
nocnzzz,1.0
nocxacg,1.0
nocyzmo,1.0
nodjcnd,1.0
noehaal,1.0
noetypu,1.0
noeyixb,1.0
nofibwt,0.0
nofkrfb,1.0
nogdjrh,1.0
nogmkse,1.0
nogrgfm,1.0
nohmusb,1.0
nohneca,1.0
nohojfc,1.0
nohsmwa,1.0
noiebil,1.0
noigdds,0.0
noimkuq,1.0
noiudbd,1.0
noiwlch,1.0
noiyajw,1.0
nojazll,0.0
nojhaxs,1.0
nojluym,1.0
nojmjbx,0.0
nokibfc,1.0
nokllvt,1.0
nokouzl,1.0
nokteux,1.0
nokviky,1.0
nolhhpf,1.0
nommjph,1.0
nomnadh,1.0
nomoncl,1.0
nomxxgu,1.0
nonbgvk,1.0
nonnexc,1.0
nonuixs,0.0
noohxyu,0.0
noojjsl,1.0
nookjvt,1.0
noosofv,1.0
noouypr,1.0
nooyxbw,0.0
nopdovs,1.0
nophuzi,1.0
noqbagq,1.0
noqefai,1.0
noqexcn,1.0
noqhyvf,0.0
noropdq,1.0
nosasjv,1.0
noshsat,1.0
noskqfo,1.0
nosrsdn,1.0
nosvwwc,1.0
notezjb,1.0
notjaos,0.0
notrurj,0.0
notrusn,0.0
notwflz,0.0
nouigao,0.0
nouwwcd,1.0
novjfwe,1.0
novmkyd,1.0
novqunm,1.0
novucpt,1.0
novyuvw,1.0
nowfmhn,1.0
nowlyvq,0.0
nowyaua,1.0
nowztgw,1.0
noxdogg,0.0
noxhhrv,0.0
noxlgru,1.0
noxokms,1.0
noxqcmt,1.0
noyckoj,1.0
noydgsk,1.0
noyialj,1.0
noyitkj,1.0
nozryon,1.0
noztihi,1.0
npahqxo,1.0
npanybg,0.0
npaofyc,1.0
npasueg,0.0
npaybiq,0.0
npbjrcj,1.0
npbkjfj,1.0
npblddd,1.0
npblord,0.0
npbzkwx,1.0
npcbpny,0.0
npcdqxl,1.0
npcqctc,1.0
npcujfq,1.0
npdejmd,1.0
npdmrgr,1.0
npdzrib,1.0
npedujs,1.0
npeeznd,1.0
npenmng,1.0
npermyd,1.0
npetzip,1.0
npfelfa,1.0
npffevn,1.0
npfldqr,1.0
npfuaon,1.0
npfvsvf,1.0
npghzks,0.0
npgrxmw,1.0
npgudbo,1.0
nphlxdw,0.0
nphptxs,0.0
npifttl,1.0
npirdms,1.0
npjddui,1.0
npjehcs,0.0
npjktjv,1.0
npkmicv,1.0
npkmywl,0.0
npkrujm,1.0
npksgzv,0.0
nplvxag,1.0
npmcqrk,1.0
npmjufr,1.0
npmlwcn,1.0
npmtajm,0.0
npnbzxz,0.0
npnenbm,1.0
npnfmsi,0.0
npnmgsp,1.0
npnnxaq,1.0
npoajba,1.0
npogobd,0.0
npoyura,0.0
nppejkk,1.0
nppqlcz,1.0
npprvyb,0.0
nppyxpm,1.0
nppzihc,0.0
npqiqsq,1.0
npqonbg,1.0
npqrcvb,1.0
npqtdny,1.0
npqxobn,0.0
npreatd,1.0
nprnioc,1.0
nprphlw,0.0
npsbkze,0.0
npsjbrz,1.0
npsoglw,1.0
npssuuo,1.0
npsyvnc,1.0
nptbnoa,1.0
nptheoh,1.0
nptxqmq,1.0
npudyjv,1.0
npughzf,0.0
nputpts,1.0
npvflxb,0.0
npvmjjb,0.0
npvnzqg,1.0
npvtgvh,1.0
npwliqs,0.0
npwrtod,1.0
npxgcvq,0.0
npxkpcc,1.0
npxoaxu,1.0
npxoxxl,1.0
npxtabo,1.0
npxucpu,1.0
npybboz,1.0
npywjum,0.0
npzcpua,0.0
npzkzkl,1.0
nqacahn,1.0
nqapfsq,1.0
nqbeuzo,0.0
nqboezz,1.0
nqbroga,1.0
nqcbvsf,1.0
nqcdome,1.0
nqceesx,1.0
nqcicfk,1.0
nqczqne,1.0
nqdaebb,1.0
nqdnuso,1.0
nqeqdfn,1.0
nqfevld,1.0
nqfurxd,0.0
nqgbytv,0.0
nqggaho,0.0
nqgkugv,1.0
nqgpmlv,1.0
nqheewb,1.0
nqhgheo,1.0
nqhikdu,1.0
nqhqfzw,1.0
nqicojc,1.0
nqiehib,1.0
nqjeycm,1.0
nqjlxcg,1.0
nqkvbtq,0.0
nqlnsxq,0.0
nqlomvu,1.0
nqlwjcv,1.0
nqlxjuy,0.0
nqlzpkc,0.0
nqmimtb,1.0
nqmrjly,1.0
nqmttdn,0.0
nqmudyw,0.0
nqofabr,1.0
nqonovx,0.0
nqougfl,1.0
nqpeibk,1.0
nqpilct,0.0
nqplgko,1.0
nqpspqg,1.0
nqqjajw,0.0
nqqmqap,0.0
nqqvnts,1.0
nqrbgqa,1.0
nqscjdn,1.0
nqsffgo,1.0
nqsvsqy,1.0
nqswbbp,0.0
nqtenpd,1.0
nqtuidf,1.0
nqtwvkg,1.0
nqtyfdr,1.0
nqtzsqe,1.0
nqupnya,1.0
nqurltw,1.0
nqvegsc,1.0
nqvmvmk,1.0
nqvpqmo,0.0
nqvtehc,0.0
nqwcmoj,0.0
nqwdhll,1.0
nqwtirs,1.0
nqxkhfx,1.0
nqxqizi,1.0
nqxvtfw,1.0
nqybsvm,1.0
nqydnmw,0.0
nqyqnac,0.0
nqyyktw,1.0
nqzchjm,0.0
nqzjxun,1.0
nradpwh,0.0
nragjlq,1.0
nraqsmz,1.0
nrbbagi,1.0
nrbvhbk,0.0
nrbwkvg,1.0
nrbzqmv,1.0
nrcuzoi,0.0
nrcytic,1.0
nrdfhzc,1.0
nrdfqcy,0.0
nrdgtsb,1.0
nrdnqnq,1.0
nrejwbr,1.0
nremayv,0.0
nreqfgy,0.0
nrfaduy,1.0
nrfhqkd,1.0
nrfrxzw,0.0
nrgqzqj,1.0
nrgtopv,1.0
nrgvgle,1.0
nrgzsfi,0.0
nrhbyxt,0.0
nrhdlzu,1.0
nrhgbqt,1.0
nrhhjja,1.0
nrhojev,0.0
nrhrovw,1.0
nrhtlne,0.0
nribsgg,1.0
nrihfhy,1.0
nrinhst,1.0
nrivecz,1.0
nrjawsk,1.0
nrjdfin,0.0
nrjfqfr,1.0
nrjmqha,1.0
nrkbzid,1.0
nrlkjfp,1.0
nrlnqhn,1.0
nrlpucc,1.0
nrlqlhq,0.0
nrlquuh,0.0
nrlvejo,1.0
nrmcdam,1.0
nrmzbfq,1.0
nrnomvv,0.0
nrnrceq,1.0
nrnvpjw,1.0
nrnwzhk,0.0
nrnxnoa,0.0
nrnzmnz,1.0
nrocavh,1.0
nronfke,1.0
nroqbvt,1.0
nrovpek,0.0
nrpdewd,1.0
nrpglly,1.0
nrpgvld,0.0
nrpkmim,1.0
nrpmljm,1.0
nrpozel,0.0
nrpyomg,1.0
nrqgflw,1.0
nrqkzes,0.0
nrqnzqo,1.0
nrquvlm,1.0
nrqwgki,1.0
nrrbvul,0.0
nrrhleu,1.0
nrrrpho,1.0
nrrvbyj,0.0
nrshrts,1.0
nrszhun,1.0
nrtifoi,1.0
nruaawl,0.0
nrujapw,1.0
nruwpho,0.0
nruwpux,1.0
nrvsiuy,1.0
nrvvher,1.0
nrvykym,0.0
nrwammg,1.0
nrwbrbo,1.0
nrwhcfd,0.0
nrxcjir,1.0
nrxfsqc,0.0
nrxqvww,0.0
nrxwcur,0.0
nrxxkez,1.0
nrxxtst,1.0
nrylgou,1.0
nrysmyx,1.0
nryuxyt,1.0
nrzegcz,1.0
nrzxbqh,1.0
nsafyki,0.0
nsahbri,1.0
nsalfzs,1.0
nsaraql,0.0
nsayese,0.0
nsbfpat,1.0
nsbpsdw,1.0
nscchen,1.0
nscewcu,1.0
nscsaby,1.0
nsduauu,0.0
nsdzlub,1.0
nsebfts,1.0
nsegapt,1.0
nsegrti,1.0
nselkzu,1.0
nsenmzh,1.0
nsepaog,0.0
nsewewt,0.0
nsfitnw,1.0
nsfkeiu,1.0
nsfmxzt,1.0
nsgcoiw,0.0
nsgybpe,0.0
nsheajx,1.0
nshhhad,1.0
nshsyri,1.0
nsibzch,1.0
nsinfig,0.0
nsjupdw,0.0
nskmdhy,1.0
nskmksh,1.0
nslgcbx,1.0
nsljaqp,1.0
nslkmcp,0.0
nslmzrc,1.0
nslxwgf,0.0
nsmdjjq,1.0
nsmkegb,1.0
nsncdpd,0.0
nsogatq,1.0
nsotrph,1.0
nspbpst,1.0
nspoirq,1.0
nsprjhh,1.0
nspvsih,0.0
nspzbsm,0.0
nsqbami,1.0
nsqeyro,1.0
nsqsfys,1.0
nsqshid,1.0
nsqtgny,0.0
nsrbqtd,1.0
nsrdprt,1.0
nsrdzmk,1.0
nsrgwtw,1.0
nsrwwqv,0.0
nssnwbh,1.0
nsszlkc,1.0
nstgkot,1.0
nstgvzf,1.0
nstjvis,0.0
nstrdls,1.0
nsucbkx,1.0
nsucinq,1.0
nsudmju,1.0
nsvbill,0.0
nsvnsjz,1.0
nsvpjcf,1.0
nsvzsho,0.0
nswaevq,0.0
nswbgae,0.0
nswhieq,0.0
nswnzus,1.0
nswulho,0.0
nsxdkpk,1.0
nsxgake,1.0
nsxonpo,1.0
nsxtwie,0.0
nsxvhnr,1.0
nsyhnry,1.0
nsymxne,1.0
nsyojqu,1.0
nsypeen,1.0
nsyyfqz,0.0
nszbpce,1.0
nszqhhd,0.0
nszqipl,1.0
nsztfng,1.0
nszvslw,0.0
ntajgni,1.0
ntbbiwl,1.0
ntbcdyr,1.0
ntbczdk,1.0
ntbgdid,0.0
ntbmujc,1.0
ntbqlud,1.0
ntbumva,1.0
ntbydpu,1.0
ntbzrzk,0.0
ntcipqn,1.0
ntcpsbe,1.0
ntcubed,1.0
ntcwrss,1.0
ntdjijs,0.0
ntdpack,1.0
ntdszqj,1.0
nteaitp,0.0
ntepjgy,1.0
nteqkkl,1.0
ntfbvtb,1.0
ntfgmsp,0.0
ntfjdpo,1.0
ntfjzhk,1.0
ntggwvd,1.0
ntgnvmc,1.0
ntgtmwk,0.0
nthbdjt,1.0
ntheejk,1.0
nthgcvv,0.0
nthimpg,1.0
nthkgex,0.0
nthpvgd,1.0
nthsbdi,1.0
nthtglo,1.0
ntiblbv,0.0
ntilrli,1.0
ntiucsy,1.0
ntiwggf,0.0
ntjawle,0.0
ntjfjpo,1.0
ntjfxjy,1.0
ntjlqyk,0.0
ntjqfhy,1.0
ntjrjzs,1.0
ntkilmo,0.0
ntkjbvr,1.0
ntkkatp,1.0
ntljjjr,1.0
ntlkqwx,1.0
ntlpsrp,1.0
ntlrnre,1.0
ntmtiel,1.0
ntmyxfx,0.0
ntngobx,0.0
ntngxyk,1.0
ntnqbeo,1.0
ntoggwy,0.0
ntohrip,0.0
ntovbvs,1.0
ntpucgu,0.0
ntqjqzr,1.0
ntqkfxm,1.0
ntqwlxs,0.0
ntrdazx,1.0
ntrhflp,1.0
ntrkbqe,0.0
ntrujmn,1.0
ntrwisk,1.0
ntscdeb,1.0
ntsdtws,1.0
ntsmmqc,1.0
ntsnpxa,1.0
ntsvdzg,1.0
nttgskd,1.0
nttjeci,1.0
nttyazw,1.0
ntucrji,0.0
ntudkfv,1.0
ntuknkk,1.0
ntumski,0.0
nturtkr,0.0
ntutkmv,0.0
ntuuzdz,0.0
ntuzysf,1.0
ntvcsjw,0.0
ntvvbaw,1.0
ntvvloj,1.0
ntweaab,1.0
ntwqctc,0.0
ntxacps,1.0
ntxgrjv,1.0
ntydexp,0.0
ntylsfj,1.0
ntylwop,1.0
ntyohsg,1.0
ntyujlh,1.0
ntyuwoo,0.0
ntzezqo,0.0
ntzllpw,1.0
ntzmurx,1.0
ntznchw,0.0
ntzonec,1.0
nubcmwz,0.0
nubkhkl,1.0
nublktg,1.0
nubmbam,0.0
nubqyvj,1.0
nucmsgk,0.0
nucssuo,1.0
nucykcl,1.0
nucyvog,0.0
nudbmvj,0.0
nudduhp,1.0
nudkakr,0.0
nudmoiu,1.0
nudpvvl,1.0
nudsifs,1.0
nudvjxw,1.0
nudvzhz,1.0
nueixat,0.0
nuejdqv,0.0
nuesmnn,1.0
nuewaac,1.0
nufcppg,1.0
nugyukk,1.0
nuhcebd,1.0
nuhiiil,0.0
nuhiwbt,1.0
nuhjiek,1.0
nuhlaxx,1.0
nuhogkj,1.0
nuhoxgt,1.0
nuhwwcn,1.0
nuiaunf,1.0
nuifrxl,1.0
nujhita,1.0
nujjwkh,1.0
nukcjrf,1.0
nukctsj,1.0
nukidpt,1.0
nukoaje,1.0
nukpvdd,1.0
nuldsgr,1.0
nuljlig,1.0
nuljsbo,1.0
nulmipq,0.0
nulpxfs,1.0
nulvdpp,1.0
nulymsk,1.0
numannm,1.0
numlvjx,0.0
numwbkv,1.0
nunaccy,1.0
nunhxku,1.0
nunmdzl,1.0
nunuhfi,0.0
nunuvrq,1.0
nunvmkt,0.0
nuocnto,0.0
nuoqkgb,0.0
nuortec,0.0
nuownde,1.0
nupateh,0.0
nupbgvc,0.0
nupgewt,0.0
nupgiyf,0.0
nupvzaj,0.0
nuqkncg,1.0
nuqpwfq,1.0
nurdwis,1.0
nurjnuf,0.0
nurjvlq,1.0
nurseqs,1.0
nurzrco,1.0
nuslfeo,1.0
nuspyqv,1.0
nusywvq,1.0
nuthbja,0.0
nutksvj,1.0
nutmznq,1.0
nutqcne,1.0
nutqpji,1.0
nutriys,0.0
nutzbda,1.0
nuuwcbt,0.0
nuvdpho,0.0
nuvhfwz,1.0
nuvlkwu,1.0
nuvrbfy,1.0
nuvsyac,1.0
nuwniac,0.0
nuxehoa,0.0
nuxmxox,1.0
nuxnqbi,1.0
nuxtlie,1.0
nuxubox,1.0
nuxvfur,1.0
nuxxsys,0.0
nuybcmy,1.0
nuyeuim,1.0
nuzcvxu,1.0
nuzurxl,1.0
nvaaorw,1.0
nvabnfc,1.0
nvagagy,1.0
nvahslr,1.0
nvakayy,1.0
nvamrrl,1.0
nvapslw,1.0
nvazawh,1.0
nvbexpy,1.0
nvbjwwp,1.0
nvbvvgq,1.0
nvciyok,1.0
nvcuxdy,0.0
nvdaeox,0.0
nvdhifh,1.0
nvdrtea,1.0
nvdxcdm,0.0
nvebipc,0.0
nveehhv,1.0
nveuvzc,1.0
nvevsak,1.0
nvfayet,0.0
nvfefap,1.0
nvfybtw,0.0
nvghbtm,0.0
nvghkwc,1.0
nvgscsb,0.0
nvgybnb,1.0
nvgyggw,1.0
nvhjvrc,1.0
nvhkzac,1.0
nvhyevk,0.0
nviehla,1.0
nvigqdj,1.0
nvihgca,1.0
nvikvjd,1.0
nvilyda,1.0
nviqzfv,1.0
nvizgbl,1.0
nvjdnnm,1.0
nvjtvai,1.0
nvjzqps,1.0
nvkitjm,0.0
nvkjefp,0.0
nvkjjyk,1.0
nvkpegk,1.0
nvkqxjv,1.0
nvkubvf,0.0
nvldsyj,0.0
nvlgnmi,1.0
nvlixgo,1.0
nvlqbrf,1.0
nvlsuti,1.0
nvmbqhm,1.0
nvmdinf,1.0
nvmtjcn,1.0
nvmzwtg,1.0
nvncgcg,0.0
nvnocnu,1.0
nvnqrpz,1.0
nvnvqbq,0.0
nvohljn,1.0
nvonijv,1.0
nvonlcf,1.0
nvoqbvv,1.0
nvoqhty,1.0
nvphufq,1.0
nvppilx,0.0
nvpvzgq,0.0
nvqaprs,0.0
nvqrhaa,0.0
nvqucro,0.0
nvraqli,1.0
nvrfhce,1.0
nvrmrwb,0.0
nvsayhf,1.0
nvshndc,1.0
nvtbmfe,1.0
nvthwsq,1.0
nvtxzzn,1.0
nvuiqme,1.0
nvuomeo,1.0
nvvfszv,1.0
nvvftbg,0.0
nvvhfti,0.0
nvvixfr,1.0
nvvougm,1.0
nvwddut,1.0
nvwhvkb,0.0
nvwigya,1.0
nvwittr,1.0
nvwkfna,1.0
nvwnzkh,1.0
nvyhtjm,1.0
nvyspql,0.0
nvytoid,0.0
nvyvgwc,1.0
nvyzbop,1.0
nvzgkmz,1.0
nvzjjub,1.0
nvzkgsz,1.0
nvznleg,1.0
nvzojza,1.0
nvzsief,0.0
nvzstjx,1.0
nwahrmx,0.0
nwaucer,1.0
nwbcltf,0.0
nwbhcwx,1.0
nwbnwsz,0.0
nwbsclm,1.0
nwbvsiu,0.0
nwbxeos,1.0
nwbzrzd,1.0
nwcjxlj,1.0
nwducha,1.0
nwdzzon,1.0
nweamqk,1.0
nwedxpt,0.0
nweeexg,1.0
nwefiul,1.0
nwfaaqj,1.0
nwfjqkd,0.0
nwfjuny,0.0
nwfluwx,1.0
nwfscoa,0.0
nwgcshc,0.0
nwgwmam,0.0
nwhbctf,1.0
nwhjuvk,0.0
nwhqkgq,1.0
nwhsvml,0.0
nwhyozp,0.0
nwiepqf,1.0
nwifxgg,0.0
nwiigcu,1.0
nwilnrk,1.0
nwinkjy,0.0
nwjmkoc,1.0
nwjyraw,1.0
nwkccka,0.0
nwkkhgc,1.0
nwkzvid,0.0
nwlnorc,1.0
nwlvxco,1.0
nwlznfw,0.0
nwmbaku,0.0
nwnnwft,1.0
nwnxqul,1.0
nwoavdi,1.0
nwodnna,1.0
nwoihif,1.0
nwopdxn,1.0
nwornxh,0.0
nwoxwls,1.0
nwpbrnz,0.0
nwpikzq,0.0
nwppums,1.0
nwpvacn,1.0
nwpzppx,1.0
nwqfoxw,1.0
nwquklb,0.0
nwqwsnl,1.0
nwqxpdi,1.0
nwrcizp,1.0
nwrcyug,1.0
nwruszj,0.0
nwryzud,1.0
nwscylg,1.0
nwspare,1.0
nwsphet,1.0
nwtasyl,1.0
nwtbooc,0.0
nwtkjtx,0.0
nwtwcgu,0.0
nwugupo,1.0
nwuiynw,1.0
nwvancl,1.0
nwvbalj,0.0
nwvbukd,0.0
nwvdprk,0.0
nwvfakr,1.0
nwvqmjc,0.0
nwwkbfe,1.0
nwwrsif,1.0
nwwzhfl,1.0
nwxcqgw,1.0
nwxduqw,1.0
nwxhncu,1.0
nwxmfzn,0.0
nwxmvqg,1.0
nwylqbu,1.0
nwypkkq,1.0
nwyslly,1.0
nwzdzjr,0.0
nwzegui,1.0
nwzgjdp,1.0
nwzwiht,1.0
nxabywo,1.0
nxaeghb,1.0
nxaglvg,1.0
nxajqny,1.0
nxalmza,1.0
nxanscr,1.0
nxarqxs,1.0
nxbayxc,0.0
nxbixjf,1.0
nxbmkrk,1.0
nxbnsgk,1.0
nxbozrp,1.0
nxbuqya,1.0
nxbvkmm,1.0
nxbwbnl,0.0
nxcdnxk,1.0
nxcpnho,1.0
nxcsdvc,0.0
nxcucav,0.0
nxcxwvh,1.0
nxdgxik,1.0
nxdneha,0.0
nxeibxc,0.0
nxekyjg,0.0
nxelauu,1.0
nxeugma,0.0
nxfoazz,1.0
nxgbfhq,0.0
nxgcdlw,1.0
nxgcnrj,0.0
nxgohuc,0.0
nxhofkj,1.0
nxifmas,0.0
nxixpoi,0.0
nxjfypq,1.0
nxjiill,1.0
nxjwjfu,1.0
nxkkqjk,1.0
nxkpgqh,0.0
nxlnibv,0.0
nxlqziq,0.0
nxlxsgq,1.0
nxmcvvp,0.0
nxmppmv,1.0
